Date	Source	Sentiment	Headline	Summary	URL
2026-07-09	Google	0.367	Which Is the Better International ETF, Vanguard's VWO Targeting Emerging Markets or State Street's Climate Change-Focused NZAC? - The Motley Fool		https://news.google.com/rss/articles/CBMiggJBVV95cUxONnFyTF91TVZlaFE5eUlBaEJWRl9DbkNDclhUX3NGT25keFFyTjd0eXFpXzJJQi1aWnlodEFyQnJUYnUyOG00VC1nT2hrZTl5VFVxaFp3YWc2bm5tTURZdndCcjEyLVJGVkgzbHdUdkVjTkR5eXRNV3NvalIxTzZlU0VGekk3RHF2Mlc1X1R6X3pQMXhiZ3phcVpwQUJzS0hWeENIRkJZenNZQ1ZFLXFoUWowdlZ1RHVOWXYzc043dUxnUWFTRGtFeFNrRU0xajIyWHRVR0xZMG42ZGlValVwUXZ6ZzhUZnRVS29hVTlWYkMwYTFMaXVkNm5yMEdKaks5SEE?oc=5
2026-07-08	Yahoo	-0.175	Record Money Is Pouring Into Emerging Markets. This One Difference Could Decide Your Returns	International investing has spent years playing second fiddle to the U.S. stock market. That is changing. As investors look beyond a handful of mega-cap technology stocks, capital is flowing into emerging markets at a pace not seen in years. Fund assets are climbing to record levels, performance has improved, and interest in artificial intelligence has ... Record Money Is Pouring Into Emerging Markets. This One Difference Could Decide Your Returns	https://247wallst.com/investing/2026/07/08/record-money-is-pouring-into-emerging-markets-this-one-difference-could-decide-your-returns/?.tsrc=rss
2026-07-06	Google	0.0	BlackRock, Vanguard ETFs Diverge Over 170% AI-Fueled Rally - Bloomberg.com		https://news.google.com/rss/articles/CBMitAFBVV95cUxNX1BvMVhMTEF4UEpxZW83TXp1TjlEMk5JVnRSRmZKaDVsZjBMT2stOVBCbmFKS2RXTGVQdU5TNy1nRjZpczdYOWZaemM3d2w2MUVRUmc3SnJjelJIdVU2eVNuQnJrNDFzZWVqZjJhMjZZTTM3bFg3X0NqbVR3Rm9ncGszVDFTN292OGw0TTZscW9sQ1A2eTJGd3M5c202TjJ2SEQxYnFiYU1DVG41OVVzcmhyZkQ?oc=5
2026-07-06	Google	-0.2	BlackRock ETFs outperform Vanguard as South Korea’s emerging market status holds firm - Crypto Briefing		https://news.google.com/rss/articles/CBMijAFBVV95cUxQaDkydFhsUlhnNTBOMVJvRGdFbWNGTFBtbTVoTkR5X2hDbWxKS2JTOERVYmlEMHQ3bEVFamc4OEtLel9STzhuRHZUS0YtLUZYMURUdGJnV3AzOXpRbm9TYkRjVTkyZW1QY2tTb3E1UURSVUp0VkRzMkdRdGE5ZW1hTzF5aTExSklLVU9xcA?oc=5
2026-07-02	Google	0.0	Grant Park Dynamic Allocation Fund's Vanguard FTSE Emerging Markets ETF(VWO) Holding History - GuruFocus		https://news.google.com/rss/articles/CBMikAFBVV95cUxPUFVPdjQzNGdna184Z2pQeTlwN1MycWxzVGRCaklyQTlVWEFiSmZJNTN3b1JjOUZEMkdBbHF6X1k4dzZoeTdkZkQtUzFjb2todkt5UWdWVHlnRGF0RHRoWnRnR1otQUhwWVlZMzN1d3ZzdFN1ZkFJNlpOMUNld0R2dFJrSThfWjA5eEN2Z2EtclM?oc=5
2026-06-30	Google	0.0	VWO - Vanguard FTSE Emerging Markets ETF Options - Finviz		https://news.google.com/rss/articles/CBMifEFVX3lxTE5mbklzU1IwOUZzdkxtWFhvRDhkc0VyQ214SE5VWVRocTR4bTBlb3NodkVtbUZONDlxT0sxZG4ydDdJTGNONWFIU0Iycm5nZnlTcjRPUFA4WUxIM0VKbHozdWN3aFdlaWxMZVM4ZE8tZXl6aTA1OWhOSEVNN0o?oc=5
2026-06-29	Google	0.35	Which Vanguard ETF Offers Superior International Exposure: VWO or VXUS? - The Motley Fool		https://news.google.com/rss/articles/CBMitwFBVV95cUxPN2RGQmg4aFhDM25ZM2ZWeXFZVzhBMFVJekF6UUdLTDFjLTFNbGdxSzBCd2thM2xVcnBya0xjTWhBT2dTNUszUzB4VjIyS0FrMjA2Y3FwTmJ2WW9McXJ5ejhnNnRVTThmem8zMTB6TW90bUFkRW9CRUxsRjl1XzE1c3hjM2p4ZjhfM3NKalBsWUNYQnFBTWJSRzlGQnN4M2l1MGg2NVJqWjdNUXpkaUpqamxSM2h1LWc?oc=5
2026-06-29	Yahoo	0.233	Which Vanguard ETF Offers Superior International Exposure: VWO or VXUS?	Explore how sector balance and global reach set these two popular ETFs apart for international investors.	https://www.fool.com/coverage/etfs/2026/06/29/which-vanguard-etf-offers-superior-international-exposure-vwo-or-vxus/?.tsrc=rss
2026-06-29	Yahoo	0.22	Vanguard Total World Stock ETF vs FTSE Emerging Markets ETF. Which Global Stock Fund Is the Better Buy??	Compare global diversification with targeted emerging market exposure as you weigh these two popular Vanguard funds for your portfolio.	https://www.fool.com/coverage/etfs/2026/06/29/vanguard-total-world-stock-etf-vs-ftse-emerging-markets-etf-which-global-stock-fund-is-the-better-buy/?.tsrc=rss
2026-06-29	Yahoo	0.15	Vanguard Fund Battle: Is The FTSE Developed Markets ETF Better than the FTSE Emerging Markets ETF?	Compare sector allocations, dividend yields, and risk profiles to see how these two global ETFs stack up for international diversification.	https://www.fool.com/coverage/etfs/2026/06/29/vanguard-fund-battle-is-the-ftse-developed-markets-etf-better-than-the-ftse-emerging-markets-etf/?.tsrc=rss
2026-06-29	Google	0.033	Why (VWO) Price Action Is Critical for Tactical Trading - Stock Traders Daily		https://news.google.com/rss/articles/CBMizgFBVV95cUxNNVBaZ3pfekZXRlJWTGpJNi11dFZreGxxLVhvanFsdUVKbmVSdDRITG9oNjIwN3dWSnRBNXpRRlEwQVRiNmd1Nm85MmhQcG15eFBPdl8zX3VVRGVSQm9ZdTRVTUkwSndQLU84eGoyUDVKX0otZGZUdWJRU0J6amlvTVNiaG51a2FZNjhBNzdCMjhhRWRxQkJHRDRLMkpjakNqQi1oTmRVb2Y5OU9mMzZNTXg1djhmLXJFMExtLVg0bHU2bTRRX2JwMTJYUUZHUQ?oc=5
2026-06-29	Yahoo	-0.171	90% of Your Money Is Betting on America. These 3 ETFs Save You When That Bet Goes Bad	Open your brokerage app and check the allocations. If you own a target-date fund, an S&amp;P 500 index fund, or a portfolio your advisor built in the last decade, odds are nine out of every ten dollars sit in US stocks. Worse, a chunk of that is concentrated in a handful of mega-cap names: the ... 90% of Your Money Is Betting on America. These 3 ETFs Save You When That Bet Goes Bad	https://247wallst.com/investing/etf/2026/06/29/90-of-your-money-is-betting-on-america-these-3-etfs-save-you-when-that-bet-goes-bad/?.tsrc=rss
2026-06-26	Google	0.0	VWO ETF Declines 0.4% - Moomoo		https://news.google.com/rss/articles/CBMib0FVX3lxTE81VWU5RjdPVDFFTHhObmg3aUhiZEQ0ODBrRUVXSWlzRHN2YWJ4ejNqMGJ6a0poUTVZR3ZLcVVPel9LS2hiQXhtVUJsRFduR05COUpKSzZ3VExfektQb1RkcjJtdk1Ca0lJQzJQWElZTQ?oc=5
2026-06-25	Google	0.0	VWO 260618 60.00P (VWO260618P60000) Stock Options Chain | Quotes & News - Moomoo		https://news.google.com/rss/articles/CBMiqAJBVV95cUxQU0xqb2drcVpvMm1rdVhIVGg4bFp1S0NjMjBKaFBtT1FGanlVaVVMTmlXSUtHQkwtSGxPNmJMZDRUb0ZqaTRONGpCLWhxYWxxZWtzTUxQTUUyV2k2YWQ1aTBleGdiaW5YSVc0LWZmSFNxZnppN2hhbjRINC1idUpTSy1JcDJjQndaTEt3SmRoa3lsZGZpVlFQRF93SlJ1WUdDZk9wRFhqM0RaQXQzb0VQd1hpZ0dQcUpWMERWdGVQTjBlVFVWUmk0OVA4SnI4cUNwWWRkNFdXR0pVX0xKUXFhRXZtbklGeXp3NVNBNVUxZTRYVmh0UW5leEIwaFZVNDVIdXVLSTdEZDVWaDVWa2o3ZnY2ZVRnTlFkcHg1Y19qY0xCMV9KOFlGVg?oc=5
2026-06-21	Yahoo	0.167	Which Is the Better International ETF, State Street's SPDW Targeting Developed Markets or Vanguard's Emerging Markets-Focused VWO?	Compare sector allocations, risk profiles, and portfolio strategies to see how these two international ETFs fit different investment goals.	https://www.fool.com/coverage/etfs/2026/06/21/which-is-the-better-international-etf-state-street-s-spdw-targeting-developed-markets-or-vanguard-s-emerging-markets-focused-vwo/?.tsrc=rss
2026-06-20	Yahoo	-0.084	EEM’s 0.69% Fee Quietly Costs You $690 a Year, but Your Cheaper Alternative Charges $90	If you hold iShares MSCI Emerging Markets ETF (NYSEARCA:EEM), BlackRock skims 0.69% of your account every year before you see a single dividend. That is roughly $69 a year on every $10,000 you have parked in the fund. It sounds small. Compounded across a working life, it is the price of a used car you ... EEM’s 0.69% Fee Quietly Costs You $690 a Year, but Your Cheaper Alternative Charges $90	https://247wallst.com/investing/2026/06/19/eems-0-69-fee-quietly-costs-you-690-a-year-but-your-cheaper-alternative-charges-90/?.tsrc=rss
2026-06-19	Yahoo	0.062	Vanguard Global ETFs Face-Off: Is the Total International Stock ETF or the Emerging Markets ETF the Better Buy?	Portfolio balance, sector exposure, and volatility differ sharply between these two funds. See which approach aligns with your global investment strategy.	https://www.fool.com/coverage/etfs/2026/06/19/vanguard-global-etfs-face-off-is-the-total-international-stock-etf-or-the-emerging-markets-etf-the-better-buy/?.tsrc=rss
2026-06-18	Google	0.0	Understanding Momentum Shifts in (VWO) - Stock Traders Daily		https://news.google.com/rss/articles/CBMitgFBVV95cUxQNEVwWTdFeTZhdlZiVExzZ1JEWVhmYXhZR1c0a0dBcEM2NW8zZ0wxM013TUdSenltVVBVX1FEaUZUdllRa28xd214YUlSaE1SQXhUWk5TSmc2NzZiQkVsUEtOSDJHQnF4RmExNFlRc2tKcmJtMUFJamd1WWtSemxlV2RxcFQ1NjVkRDNVVXRGMFBKeWFEeVBycmxTeGxKM01YcXlkaUF5Tk5rWk1RT2s0czZ1bFoyQQ?oc=5
2026-06-17	Google	0.367	Global ETFs: Which is Better, SPGM or VWO? - The Motley Fool		https://news.google.com/rss/articles/CBMijwFBVV95cUxNRmkxdjdLUmF3SDRXcEptb0ZpSEpNdDBWWDd3ZGJNODlJNmhpNnNXVVpmc1NTai1sVnFfby1kbkMxcXhXRTRRRUdKQmJYZXlSS284MVRtWHpiWUZKa3cyLWRBSkRKTV81NDRFbUdnZE1vQ2hTMTY4ay02N3BDZGpwdTZudkU4STU0eXZYeW10WQ?oc=5
2026-06-17	Google	0.25	Global ETFs: Which is Better, SPGM or VWO? - Yahoo Finance		https://news.google.com/rss/articles/CBMilwFBVV95cUxPR2dWbXdHR0gzZ0pud0NHRGZwdDFYOTBuWGJPSXZaTFNlWmEyMk1rcEFoRlNNeElaU2loQ1ktQmFJVi1zSDJ1TXo0dk9JWDgwVEcxaDg1RnI4Z2stZURvaXBjQ1lnNGJLNW4tRDhtbmE1R3BVbEM5NjZtN0d6Wm1EQTZJVVRseGNmT0dXUTdJOVFTMTBKaDNV?oc=5
2026-06-17	Yahoo	0.167	Global ETFs: Which is Better, SPGM or VWO?	Compare risk, yield, and diversification as these two ETFs take different approaches to capturing worldwide market opportunities.	https://www.fool.com/coverage/etfs/2026/06/17/global-etfs-which-is-better-spgm-or-vwo/?.tsrc=rss
2026-06-17	Google	0.0	VWO ETF Falls 0.6% - Moomoo		https://news.google.com/rss/articles/CBMia0FVX3lxTE1zV1RuUF9DMkozT3lhRmlIOWoyQW5fb3RxWnVySENzeGFmWm9uZVpHdDdFWVA5eVZhY3F1SEJ0WUkxQm9xMDZoZjk1czBBenBGUDBDVF9WNlE4OHJvemg3Q1RIcnoyR1pNWkd3?oc=5
2026-06-15	Google	0.0	VWO ETF Gains 2.2% - Moomoo		https://news.google.com/rss/articles/CBMia0FVX3lxTE9BcUJZa2RYWUFzU20yTEt0b3VoNXRRY09JWFJpZmk2N0RpTjZnenVwRndtNUJYT3g5bW5Jbkp2bmFIN1liaWVCSDZ4dVYzZGh0bFYxX2tzLXd6cVoyMHNBLVJCQ0ZySFhiNjY4?oc=5
2026-06-13	Google	0.0	VWO ETF Rises 0.8% - Moomoo		https://news.google.com/rss/articles/CBMia0FVX3lxTE04THRjQ3hSaVhTd1VndHByNXpoV0pmYm0wRlNRWldJdnZ0MmRnY0UzZ3pwMGFCVW82RWw1OWJPUGFUZlJrZVNYOGlNU3ZiY3phRUR5Y0dGUms2Wm9PSDFXaVJRQzRFc3daMjA0?oc=5
2026-06-11	Google	0.3	Employees' Retirement Fund of the City of Fort Worth's Vanguard FTSE Emerging Markets ETF(VWO) Holding History - GuruFocus		https://news.google.com/rss/articles/CBMiswFBVV95cUxPRkwwUm54WlZLd2VsTEJEd1lKRHRjaVFaOXV2UTk2dkdwUGJfYzc5UDVVT1FCVVM0SjRwdmhNWmFSTlBVMVdtRXJwQVdId2RDbnprdEVKQ1pxMU85ZUFSeU5uUFVDY1BLU3FyT3NkcnQ1a1ZQV1Fub2dpYlVZSHZqMEM3c2xPVDUtck5wSkozM2RGbzlrbnpyT3ZIdVY1OEtGaERUbkZVRnY2UWpwVmFZLUI5QQ?oc=5
2026-06-11	Google	0.0	VWO ETF Climbs 2.4% - Moomoo		https://news.google.com/rss/articles/CBMibEFVX3lxTE03RTZlSHI1VUpWWHN5aXhUVnhVWFBNbWhVdllrcjdPSHF0YWg1LXJheUp0bkw4WlZZazZQb1R0NnFmczJwYzFMUFZwSGpqWmVlWUJrWmJ3T3pjdUo5dnVEaTZNNS1rTkhFQ2dSbA?oc=5
2026-06-11	Google	-0.15	182 thousand pupils in final year of secondary school - Centraal Bureau voor de Statistiek | CBS		https://news.google.com/rss/articles/CBMilgFBVV95cUxQaUZRckViR1d3MW81aW5jUGRWbXdHSUEzQ0V3RGRza2E5M0J4TUlaeDMzOWY3d2JQZXY3RXBXeGhPWWE3NnlSRWdqODB6WTA3TmZXWXg2SVBUUm13dUsxNEVmWWtlQ2Q5cjFyRjk2VUYzck15dFVIOVU0MzlweWNrWEpMTFRZeEQ3U2VSV0Q0eVV0bGJvNnc?oc=5
2026-06-08	Google	0.0	WealthBridge Investment Counsel Inc.'s Vanguard FTSE Emerging Markets ETF(VWO) Holding History - GuruFocus		https://news.google.com/rss/articles/CBMikAFBVV95cUxNSzRDTWJJN1dWajYzd1lYMDdfNFc1SS1LeS1HMWdLSHpOcTMzWk9RVmNLcy05N3NGRm84dW9JbVk1blU2NHY3d0xTWHhVeDNfcEs5LU9RdjBxOHcwM2NXVW9TUFpDaU9pR0dOcWZ2RXpqMmVCSFBEblhINUVjVHB2cll4blRZaV90MUhmSnROM0Q?oc=5
2026-06-07	Google	0.467	VWO vs. EEM: One Emerging Markets ETF Costs 10X More. Is It Worth It? - The Motley Fool		https://news.google.com/rss/articles/CBMisgFBVV95cUxOMzZoNWFYcUFhelp2X3IyNVFxYkc1VGJOLW90blBZRGVGYzVqemJQUGVnUVduR1c1MGx0QW1hM01pbzNHUjBkLUxVNTBjRERsanp2bTg4eEduTkZkamlUSU95NHYtN09BWEtCcmVHLUZGbDRyWlJtUE9UTlZkUDJiSEdzTG5nQjNNSXRlOUtNTF9YVVFTRVFyZ3dUNVM2akpweXlGVVhWR1VoZGNiSGgwWDVR?oc=5
2026-06-07	Yahoo	0.4	VWO vs. EEM: One Emerging Markets ETF Costs 10X More. Is It Worth It?	Asset size, sector exposure, and risk profiles set these two emerging markets ETFs apart. Explore how portfolio composition impacts investor outcomes.	https://www.fool.com/coverage/etfs/2026/06/07/vwo-vs-eem-one-emerging-markets-etf-costs-10x-more-is-it-worth-it/?.tsrc=rss
2026-06-07	Google	0.0	Avoiding Lag: Real-Time Signals in (VWO) Movement - Stock Traders Daily		https://news.google.com/rss/articles/CBMixAFBVV95cUxNSnZKVkRKVUZjMV9IeTdJRkczVWpqcU94OFNGclJ1M2pzYS1RTUZtOG10NFduZjZRUEpUZE9iV3pNX09PcGxyNzlzcnlJbzN5OGF4VWljVjNVTkgtMlk0dmp2NkJ3c3lGdzVXV1FmdmhCZVZhSFZ1V05GQTJpTHF1TkI2emQ5bm1WcW0yOUhZdU9QemhxSzN6WDFQUm1jUjVsX2tTcm5MUFlUSXRXUW9oVkhrQmlNUERwZ3dHVnFrdWF0TDgt?oc=5
2026-06-05	Google	0.367	Vanguard VWO vs VT: Is Emerging Market or Total World Market Focus Better? - The Motley Fool		https://news.google.com/rss/articles/CBMiuwFBVV95cUxOeVJlejJoTzRpQzM4V1JkVUhjUFZseUtCU2xwZDZOdkFFNTFXcjZYVEtpTnpLSDE3MzYwZFlqSjQwUDFRMEc4RWVYVDZNVFd3T0F6LTlELVNTbERLMkFnQjk2czVCYkxDN0JnV1kyUHc2OEZVZ2NyMVNoUlUzazEtbF9qZ29vZVYtR3p1TVJBaE5EWjlzUXhhTkMzZEtfVXFlS1VnTDFqVnBXeWZsSW9wY0w0SHlNWXpWeXNR?oc=5
2026-06-05	Yahoo	0.2	Vanguard VWO vs VT: Is Emerging Market or Total World Market Focus Better?	Explore how portfolio composition and sector weightings set these ETFs apart, offering distinct approaches for international diversification.	https://www.fool.com/coverage/etfs/2026/06/05/vanguard-vwo-vs-vt-is-emerging-market-or-total-world-market-focus-better/?.tsrc=rss
2026-06-02	Google	0.0	Barclays (DJP) offers callable contingent coupon notes linked to VWO and SMH - Stock Titan		https://news.google.com/rss/articles/CBMiqgFBVV95cUxPOGpZcEVCWWpHRWl0UjNBLWRhTHE4aEFhdkdERkhPTkRUUnlPSjFFRE5OM3dzSTg2RmpqZHhSSkk5Y1JjaGRSZVJ2Z2h5WnFxRnFMd3hlak9Lc3NjU1M3V213RzRzQm1rOWw5SmRKUkt0dGVPYlZWVU0xUnZTZElKOWpTYVM3bDRNMXZnNnJQUmZJM0JsSUdHZkxDMzJtb0xDekFNaXNKNGdjQQ?oc=5
2026-05-31	Google	0.0	Capital Squared Financial LLC's Vanguard FTSE Emerging Markets ETF(VWO) Holding History - GuruFocus		https://news.google.com/rss/articles/CBMihwFBVV95cUxOTmpUX0lNVHB6WGU2SHNwUk5MNGFhMVkxc1RwYmh1a1FqemVxcy15ejNoR2YxMF9ITm1oOXFlNGNJOHVZMC1Ja19EdjVVRE55bk5Qakc5RlcwRktZNVoxcG9URVNFRi1zN0pDTG5Gbm82RThQVTljYnBwUGhOeEExVUhhLVZHR0U?oc=5
2026-05-31	Google	0.0	VWO Jun 2026 68.000 call (VWO260618C00068000) Stock Price, News, Quote & History - Yahoo Finance		https://news.google.com/rss/articles/CBMiYEFVX3lxTE9VWWhhWjNheGtiM1NfNWRwSjktaDRRMGdaN09iNzJjWC1CNEZQdjk4NVpEQzYxMkw1VVRSU2dJZ3BWQ21aOTNBbHgtNWxyVEl6WGNhTS1iTzlLRERLRDNRVg?oc=5
2026-05-30	Google	0.0	Human Investing LLC's Vanguard FTSE Emerging Markets ETF(VWO) Holding History - GuruFocus		https://news.google.com/rss/articles/CBMid0FVX3lxTE9HUnV3VXM3QkJhY1FrVExJaHo4NldGb09Ob1ptSlotTFRuRFo3TWctaFo1bXloRGdVcWxtb1dfSWRfSHpkQUF3VF9iVENkS0hybDFReGVOTXc3b0JmNzFBdnV2dzZ1NXcxbkliTy0zalVHVm1YRlU0?oc=5
2026-05-29	Google	0.0	Compton Wealth Advisory Group, LLC's Vanguard FTSE Emerging Markets ETF(VWO) Holding History - GuruFocus		https://news.google.com/rss/articles/CBMikAFBVV95cUxQSVpWUGVBSWpHLVZHUFJlUjdmWWt1djlPNEQxTTlockxianlTVzRzdGtkTHZMYmdneGVXZEpuRGpiVnJVcnQycGlHNTNKTy03QW5NNVZSQmxQZXFMR0ZOSU4yVHRuSzRERGI3SjN4WmRSanl3X0MwRTdxNUZiR0RKR0Q3Ti1VbWFKVnF3bXBFVDU?oc=5
2026-05-28	Google	0.0	How Vanguard’s VWO ETF Forgot South Korea and Paid the Price - 24/7 Wall St.		https://news.google.com/rss/articles/CBMipgFBVV95cUxNeDRuS0JJaE5yd0xpV044WmJGZjlNUGNDU3F0cExSQXkyRTNaWGpiT2pKajFHNUZNUkRKMWZlc2MtTGlIemROMGw5dHhLeXhHNWdQUnhJN1k3cy1kcUh6N3ZzeGQxUzRCdzVmdDNWdnFuVFNFX050U3FkcE9TMkg4UkdNTnNOUGg4U0NsR0xFTkxQaEFQVFU2Q21XQTc1Qkw4NU5rRm1B?oc=5
2026-05-28	Google	0.0	How Vanguard’s VWO ETF Forgot South Korea and Paid the Price - Yahoo Finance		https://news.google.com/rss/articles/CBMimgFBVV95cUxNbWltMjdRVms2N2xSYmFDaUw0OUh5aTUyVXlaWmQ1RHN2RDZXNWx4Y0l5czIxZmR6N08zTHFYX1E5VUl1dl9MTU9CVmJoYVNnYkRQZXlEZDZ6akRxU1VKWEZnUWktdmxzbEhXcjZBX0prZFZtZkZWSnFDYWowS29GbnhwYnd1VURoMHM0MnZxeGl0eXBlcFZtQ19n?oc=5
2026-05-28	Google	0.0	The Korean Linchpin: Why IEMG Is Outperforming VWO YTD - ETF Trends		https://news.google.com/rss/articles/CBMilwFBVV95cUxQUkpkM2RFRnJITGRsVEo0ajJpclFMNjh2VnNkb3JnVWRKUG1mMHQyTWJzYTNVX1ZOR1JpRW9WTk9aMnM5RmtUdDB6WWF3UjhTT0tjamJSR2tFSEx4dGxhVWpBb1hLVVlQNVdNWjZLaFZMS09xX3ZnRU92Y1IzN2syWlJ6RVZ0N0tfejYteEZVdmw3YVhqRlEw0gGcAUFVX3lxTFBRMGEtMjVCUmM2eHg5THQ0a1VqYm53QzhMTUdlSlNkdGdod19BaHh1VW1Pa3ZpSW5EUm1KdEVqaDEyREJTOHJreWVnRzU0azlvMndrYXdQUXVubEtkRWl0UVFoSFphQmpzbkRkY3FwZ1lqRU5lTEVWdEg3eTZjeldCVFpIeUdESmNOanZlZ0pNWnpDc3J6Rm5FQ0FNQw?oc=5
2026-05-28	Google	0.0	VWO Sep 2026 65.000 call (VWO260918C00065000) Interactive Stock Chart - Yahoo Finance		https://news.google.com/rss/articles/CBMiaEFVX3lxTE5acTRmWG4yaGRGZk5rc3BwdWRGTm5IMkI3N1FlR3Znd3dYTEtGR2JiREFxb0tjQS0zMEt5LXZ0WWdTOHBMWkVVVGlqSzN6MS1hdFB6UFNFbVF3TnV3d3Jhek5xLVo2Njlr?oc=5
2026-05-28	Yahoo	-0.022	How Vanguard’s VWO ETF Forgot South Korea and Paid the Price	If you bought Vanguard FTSE Emerging Markets ETF (NYSEARCA:VWO) thinking you owned a slice of every major developing economy, you didn’t. VWO tracks an FTSE index that reclassified South Korea as a developed market back in 2009, which means Samsung, SK Hynix, and Hyundai sit at zero weight in the portfolio. Over the past year, ... How Vanguard’s VWO ETF Forgot South Korea and Paid the Price	https://247wallst.com/investing/2026/05/28/how-vanguards-vwo-etf-forgot-south-korea-and-paid-the-price/?.tsrc=rss
2026-05-28	Google	-0.125	IEMG ETF outperforms VWO YTD due to South Korea tech exposure and index classification differences. - Pluang		https://news.google.com/rss/articles/CBMinwFBVV95cUxPc1kyc25kS1ZWSTFpSm5RZWVtTDFkc0JuUGY1SDlFY1Q5UDdSUHI3MTRfNS0xeDdCOUtwd0hXTFFlQVR1RDVPNG15aER2VkhkZElsQ0RaTXM4VWp1aTNxdGV0cEE0TUdCV1dOakQ2SmtuZzF0MWZHd1hmdUJleFVZaHlKQnNKbG9mRjVWMlpZMUFXOWtWN0JmVlNvWi05TTA?oc=5
2026-05-27	Google	0.0	Discipline and Rules-Based Execution in VWO Response - Stock Traders Daily		https://news.google.com/rss/articles/CBMiywFBVV95cUxPQ2ZQcFV5UkRjeDViRVQ1ZExVM0IzdVI3M2hCZl9Pcl9hdEF5dUJoZ1RScXU0NzVMUkowVGNNMnpaWk5aelV4d19sUzMwelZiQV9qQldabC1HVTI5MTRvRkQ1dU03RExiWlJiVW93NU1Dbl9EanZtdnctcEllUFRoNlpqZ3lOc1ZwQ0dxS2tuUkdXaFlWdHdJZmU0RGV4aW9QVVpZZktVZG5vbDhuT1pxYnJBSkNycWoxNjg0eVc0cTNhLU5CY3cwamRqQQ?oc=5
2026-05-23	Google	0.0	Mirador Capital Partners LP's Vanguard FTSE Emerging Markets ETF(VWO) Holding History - GuruFocus		https://news.google.com/rss/articles/CBMihAFBVV95cUxObk1MRnRKZFV1WFB4SmRqS3RFc1dOTm1SWlkwRWNjbDNTQ19DZWV6ck5pWDROUDVNdjZXcnFWWFJOTTJMelI1MlNuX0hDbUxBaUY5YjhCeldOQ09CWVlId3l1Y3BXU21GU2hxVzBWZ0sxNFI0OXVNT2JlT1c3NGRKQk9xcE0?oc=5
2026-05-21	Google	0.0	EEM Vs. VWO: A Definition Cost Investors 10% (NYSEARCA:EEM) - Seeking Alpha		https://news.google.com/rss/articles/CBMilAFBVV95cUxNeXRESEhBeWtHTHVHc3h5UEo0Q2RlbHUyekUzUnZwTTJ6b2dYcTJKYjBNTTJuM2hOalpzaHBZcnAxbXhQNEtQd2JoTVRVS2JjbWxJWV9BVWdEMjJzalhuUnNuM0lTMXNXeWk1VDRZQVNjdGE2M0NVamcwdFZjTWsxT0RvNnEwNlFZZE1VVUtzTElWbkV2?oc=5
2026-05-21	Google	-0.125	EEM outperforms VWO by 10% YTD due to South Korea's classification difference in indexes. - Pluang		https://news.google.com/rss/articles/CBMikAFBVV95cUxQaHZPRHNwd1J0NkRFbXFUc0JUNW1Ca2NBVms3aUpBTVdUM0oyRTFMQUJ5dHlhMEVkVFJkM2xsOS1VSEFNRGRVZVB6NHoxSk9MTXF2N0syRXB5UjEtZ2s3d1RVV0NsdGZKVUhFNVRackNXbmJ1VGNUVDFtU3hmbVRFRXl3ckNYYi1JQkpkelowalY?oc=5
2026-05-20	Yahoo	0.085	Vanguard’s 0.05% International Stock ETF Just Outpaced the S&P 500 for the First Time in Five Years	For five years, the case for international diversification has felt theoretical. Vanguard Total International Stock Index Fund ETF Shares (NASDAQ:VXUS) is the cleanest way to own roughly half of global market capitalization, yet U.S. investors who held it watched the S&amp;P 500 pull away year after year. That has shifted in 2026. VXUS is up ... Vanguard’s 0.05% International Stock ETF Just Outpaced the S&amp;P 500 for the First Time in Five Years	https://247wallst.com/investing/2026/05/20/vanguards-0-05-international-stock-etf-just-outpaced-the-sp-500-for-the-first-time-in-five-years/?.tsrc=rss
2026-05-19	Yahoo	0.029	A Top Emerging Market ETF Has a Big Advantage: South Korea	In the battle between the two leading emerging market stock ETFs, iShares has the advantage.  The iShares ETF, now trading around $78, has jumped 38% over the past year and 18% so far in 2026, while the Vanguard ETF, at about $58, has gained 22% in the past 12 months and 9% so far in 2026.  The Korean market now accounts for about 20% of the iShares ETF, double its weighting of a year ago.	https://finance.yahoo.com/m/454b9bea-d3a0-387b-9c95-c39d580fa438/a-top-emerging-market-etf-has.html?.tsrc=rss
2026-05-17	Google	0.0	Should I Buy VWO (Vanguard FTSE Emerging Markets ETF) | AI Analysis, Technical & News Insights - Kavout		https://news.google.com/rss/articles/CBMidEFVX3lxTE14YTE3Nkp5djc4RVlQU2tiWUc3eWl5RXNvX3N0LXIxLXk4VzFHVjRNNVdkR1paSUplZ1NGSmZwX0RrZ1RyMDVGSDl1ci1jM0V5ZzZIUGF2dlplV3o1em5aZ2tVSzkzemN2TTVLajd5MGNvLTky?oc=5
2026-05-16	Google	0.0	Behavioral Patterns of VWO and Institutional Flows - Stock Traders Daily		https://news.google.com/rss/articles/CBMiygFBVV95cUxNODZqUkIxbDJJeGdfQnNrOV8ta3BCdlpfLWF3ek9CVWc4VDdRYVdiUEg4QjlrUDVjUkJ3WjIzUEdlY2NnaFlTYWxnTDFOdk56V1Y5eHVyOC1fZXlNdWVXc08zdENzclZhTk41M2ZUdGVTMUo4Vk1wOGdlQTBNN204THR2LTYzRXpYZTVfSF9JRkhCMnRsVWMxV1BoZlVjRHJMRENUaDBFWWxCOHo2MHI2RGNhRnlVZ1VfeVZCQlZSM090VE5qU2lQd3RR?oc=5
2026-05-16	Google	0.0	Stock Market Research, Data and Tools - GuruFocus		https://news.google.com/rss/articles/CBMiXEFVX3lxTFAxYnhPd191YmY0akhwV2l5ZWV5WGFGWWpBVWtOZE5EcExtVUVpSGwtTEFUVVd0Zi14THJCMV9WUzhoWmVWbkw1OHZtbWJPbXlJczF1czU0eDdmXy0w?oc=5
2026-05-16	Yahoo	-0.05	Value, Quality, Momentum, And Lower Volatility In One Emerging Markets Fund	Emerging markets investing has a recurring frustration. You buy the asset class for diversification and growth, then find that a handful of state-owned banks, commodity giants, and speculative tech names dominate the index. Fidelity Emerging Markets Multifactor ETF (NYSEARCA:FDEM) tries to fix that by screening the same universe through four lenses at once, value, quality, ... Value, Quality, Momentum, And Lower Volatility In One Emerging Markets Fund	https://247wallst.com/investing/2026/05/16/value-quality-momentum-and-lower-volatility-in-one-emerging-markets-fund/?.tsrc=rss
2026-05-15	Google	0.0	Nabespreking Vwo-examen Nederlands 2026 (ca2jmNnQOG) - Fathom Journal		https://news.google.com/rss/articles/CBMidkFVX3lxTE95UUhMT2UxU3kwbVZ1NVV6cFBQZTJSVThoQml6US1uR0hrenBCazY2VmZ3Vk9BbVZ3bUY0MHU3LXhtMjdRMzY3ZnNDNVFKS29vdERENWg3NmZuRlRQTlJpRUUzV0tqT3ZoSUJmbkloNnBvdHhsbmc?oc=5
2026-05-14	Google	1.0	7 Best Emerging-Market ETFs to Buy for 2026 | Investing - U.S. News - Money		https://news.google.com/rss/articles/CBMieEFVX3lxTE5VcXZ3U0FsNjQ1T1ZRYUtSTWVhRE5kblJtMnF0NlF6TzlYNG51WXdfRDVUTjVhMjUzY3VWbjFpa0MzdDNiTWxvUWpyNU1CWU1pclY1Q0hHMUlrTW1GTmhzMUNMVjR0ZFJYa1FpMTFNWXJVaURXbW13UA?oc=5
2026-05-14	Google	0.0	Vanguard FTSE Emerging Markets ETF(VWO) Stock Options Chain | Quotes & News - Moomoo		https://news.google.com/rss/articles/CBMixgJBVV95cUxPajBEWEhGSEQxVkRoRWpCUl93M0tEYm1UNXJTQWpDa0tKYW11RURuaEtESDdxY3JsUVdTRFh3Q040bWl2cXU5Wlg5ZHV5ODdzSlJZU1J6SmFRVFgxNVNmd1FzRjBrcldtellQYUd0UFJRZHpQQjFiV2l6VDZRWU9hSE1idXBJSl9CcFN4S2NGcmtRMklpQmZYUkpCSzBrWE5jNXNGeG1xSTE4X1ZVM1FyR2V4eGZ2YkJBbzE4NVJxOG4wNkxwZE1QT2tYYldRajF3ME9yNjBJMmdkT0J0bWxnY29FbzUxSFh4US1NcWdZVThvZ0tIaE80SVp3eUY5SjJDd2lTWGdIRUhpNnJfWDE0QmlPSy11ei1sSi1SaDRsem53dUFEUkQ4OWszS2o0cFA1SlB5QUNTcVV4Z3ZsSGlxT1dnWm9kUQ?oc=5
2026-05-12	Google	0.0	Funds - Zacks Investment Research		https://news.google.com/rss/articles/CBMiY0FVX3lxTE1CczQyODAtQ0lPQm5MUTNhcFRrUkhEYjN1aTgzOG9wakpmWHU0YnZWZm5YSDdVT0tjZnRkUUowOWVlckIxZlZyZzNZb1g2dkxULVNtNzBXOW52TDhLdENXbnZqaw?oc=5
2026-05-10	Google	0.3	VWO ETF: 5,000 Emerging Market Stocks For 0.06% — But Is China's 31% Weight Worth The Risk? (LllZRdC9wO) - fathomjournal.org		https://news.google.com/rss/articles/CBMidkFVX3lxTE0weUFmMHduYjVuTkNvbUdqcTdqUHFFdzZUYzdEcVAwQzhMMWItbk42bkcyc1hLVlBDZENtM09ESzM0anRuV0FBRUR2dlFkOFZQeU1jdk9mcjBKVVRCWFhBdEN1S1d6TGhRZHNzYWpQUEIwSnlXTUE?oc=5
2026-05-09	Google	1.0	Best ETF For Investing In Emerging Markets? Watch VWO Vs. IEMG Vs. FNDE Vs. XSOE! (FhS2gBD3lB) - Fathom Journal		https://news.google.com/rss/articles/CBMicEFVX3lxTE1DR3FLZl8zX1dUb3F5elRRS0VLMWVOX1plQktMRHFpRDRsVm5nMDRzTlpWRGhpYVZqV281X2JsYWctSVIxVTdJVEU3MXlwaXhMbWp2XzB1TmYteDdIcjg1cDVtNzhIZ0t1YWs5bWNNUjc?oc=5
2026-05-08	Google	0.0	VWO Dec 2026 51.000 put (VWO261218P00051000) Interactive Stock Chart - Yahoo Finance		https://news.google.com/rss/articles/CBMiaEFVX3lxTFBrZzJLNV9qYkNaXzRuZDFLdGJoSlFIUWpnbWFmNUhnQlZYWnkxajVMclRoX21IVmlDZjU3VWJlVjFJM2phX0ZQNnVjQUl5eGRIV2V4Y2NEVTc3Z0lRMTBZZ0dhYlBydTlt?oc=5
2026-05-07	Google	0.0	Fund Update: 762,889 $VWO Shares Added to Allen Investment Management, LLC Portfolio - Moomoo		https://news.google.com/rss/articles/CBMirAFBVV95cUxNOERCUHNqNDFIUzN1Q19nSGRKY29DWkUtVzh0N3N4QzFlNngyUWREaHVfeVpCUEJ3eXlTRFBET0h5T0J4RWZ4ZlZUZkI4bk5pMWpGZ09RMUNob0c0ZDRJUDBWM29PTFlGVzZnSW81akFmYldCZnh6TXVIVTc1anhJdmdINmVvUjk3S3pTRnkzQVJWZzBNSGN5NnV2TkFSS0ZfY0lDbnFhcUNlRTBo?oc=5
2026-05-05	Google	0.0	(VWO) Movement Within Algorithmic Entry Frameworks - Stock Traders Daily		https://news.google.com/rss/articles/CBMixwFBVV95cUxNckplRlN3WElQNjNBVG12c1ZlOEw0RWJQcGoxMUJ1SFhBSTRSb0FXZmdlOWVMdnVEd1FhLTVINXFEaUFZNkJBWURMSGZEY0UxSnA0UUI2S0lhUkF3TG4tZFdzRzBXUHMyLUdBUGl1el9iaDZoMDF0Ykgzd2hEUnZSSkVsMEsxbE9vNVdkaFd1YWpCOHVvRXdkeWUwTkhFNVllZUxMUE44cGZrcmNlVE5ZcVk5bjNMbV81WFpIZnczVkNBQTc3X19R?oc=5
2026-04-29	Google	-0.167	A Slightly Warmer Beer To The King (NYSEARCA:VWO) - Seeking Alpha		https://news.google.com/rss/articles/CBMigAFBVV95cUxOTWliZ2cxcEd6Q0xPb2Vtd1dXZWQ5Z3VvSS1FQkVpaENCNHhBY3dLeUlaNEN3U0VFUFlfeTUyOXZjaVo0bXZwVERZa0xhcEF3ZUZJSFdPOU0wLWxUXzNYNVFjU0h5bkpsSkFJVWpwcE1LUTZsUGlsMHd0SlpsNnQwYw?oc=5
2026-04-27	Google	0.0	Final Trades: Goldman Sachs, Verizon, Northern Trust and the VWO - CNBC		https://news.google.com/rss/articles/CBMipwFBVV95cUxQaDBqaWtqU19JZFdWTmkyRmFoZTE0dmtLSTI4Rld5QTJyMGVzbHhGNk55Q2FZVGdCdUdka2hYZ3kzU1Ytd1dYa0dFanJxVWE2X3BuQWVTOFpOZkhXME9KXzRkZ0NicDA1Wm92OWw0RGVGeE1aakFUMkJTeGN2VUNWdmZpcFIzamttUEpmbHRjZjVJVUZBdVhtQjA5Tk16dHdmcVFDNHFlRQ?oc=5
2026-04-25	Google	0.32	More students leave high school tracks for vocational education as dropout concerns grow - NL Times		https://news.google.com/rss/articles/CBMiqgFBVV95cUxOV3lvcTZ5ZGVFMUhfNUxuUFhHTWdHS2lYSE1IVWFDbXpmcFFHWVl2TVhHM3dyNlF4TjJacWxRYkROWW56eUtHVlhGUXhZNnIyZV9iNjNlTGpMdmd0cHFQSC00ckZlNTEzeXAtaTJmbG0tekNSdm5NaVpscGZlS3ZqSjl2NEt3RG43ZENhdmZNY2hNMkJLaWVDZjVMMGJDazJfcjNKN09EdWFCZw?oc=5
2026-04-24	Google	0.136	VEXC: New Ex-China EM ETF Underperforming Its Peers (NYSEARCA:VEXC) - Seeking Alpha		https://news.google.com/rss/articles/CBMilgFBVV95cUxOdG5udWg1OFRUblRoR0lNMVhWLUVpdGs5dGhUeW1MQVZxMWd6ZzJQcTRtUmJ2c3pSNEhoY2lFWUdtNEZwSXF6SFFUN2lPckxlQmlFV0l6UWpDdUdWVFdQcXZ2VW5VWXltd1pGU0pJbUNRSENWTm1KNEtVYmdMYjUySzNKX1VPalp4a0RHMkZVeWxHOFAwenc?oc=5
2026-04-24	Yahoo	0.075	Global Equity ETFs in Focus as AI Optimism Drives Fresh Inflows	AI optimism and easing volatility fuel a $48.7B surge into global equity funds. Here are some global ETFs to consider.	https://finance.yahoo.com/markets/stocks/articles/global-equity-etfs-focus-ai-164100214.html?.tsrc=rss
2026-04-24	Google	0.0	How (VWO) Movements Inform Risk Allocation Models - Stock Traders Daily		https://news.google.com/rss/articles/CBMixgFBVV95cUxPQkVVRnlaVWhMYlQzeFZRQVFCbFo0b25DendJRGxldURMTnFUZHlPaVJNWUh0QUswYUhDVXQ1cHZ4ZXF3N0Y4QVNURTY2ZXVpOHVhY2g0aDFTRkhqU1NnZmdaTGU0UFR2bnNLZVpMclFoMWRJQXNla3duenNRNUxfbWF3S2hRaW9kYUQ5QzBfUVVBeV85OEN3eWRtaXJmTXpERm5xTzFUSVJ5em56UXdZUUMzVF8yYkUyejRtczRTX21tOHZqdVE?oc=5
2026-04-23	Google	0.0	Vanguard Emerging Markets Stock Index Fund (VWO) - Neutral Investment Assessment for 2026 Non-US Equity Allocations - Community Breakout Alerts - Cổng thông tin điện tử tỉnh Tây Ninh		https://news.google.com/rss/articles/CBMi6wFBVV95cUxQajBKTUhObzN0dmZWQXJ5TkNhVjYxeU9ZbnQtZVd1dzhVQVlzcC1DSDhkYXk5b0lrWExubFdxX3V0UTBodmsyamZSS0ljRGthanBBZzRmR2QxbWJadXIxOUluMFV6Zzhxancwb19IM1VHdHZIbEFTZGh3SnFtNkViLW9LYnF1UW51ZllGS0t3cmRLZHp0dFUyVlNTUDRfYWFXakFUZnA2WU80STM2aDBWU1hMX2ZZZFlYSkFHcDBJSUl6Ym9CczNOM3d5cWdfWTNrS1VMbDh4WkV1aFZzMDRHUlBRTTFwZGRlempj?oc=5
2026-04-23	Yahoo	-0.003	2026 Is the Year to Pick Your Emerging-Market ETF Carefully	Emerging-market equities have delivered a sharp move higher over the past year, and the three largest vehicles investors use to access the asset class have each captured it differently. Vanguard Emerging Markets Stock Index Fund ETF Shares (NYSEARCA:VWO) is up roughly 37% over the trailing year, iShares MSCI Emerging Markets ETF (NYSEARCA:EEM) has advanced about ... 2026 Is the Year to Pick Your Emerging-Market ETF Carefully	https://247wallst.com/investing/2026/04/23/2026-is-the-year-to-pick-your-emerging-market-etf-carefully/?.tsrc=rss
2026-04-23	Google	-0.1	2026 Is the Year to Pick Your Emerging-Market ETF Carefully - 24/7 Wall St.		https://news.google.com/rss/articles/CBMipgFBVV95cUxPY2RwYVVDTS1XLWhHS1pKUnVoRUxmZHE1MDR3MzhIcTlwNmg5YnN6eGdsaEppVy05Ykh4Y1ZHWjYwSHVzWk1TVHpKNFB0cW1OVnBVcnRqeHVYaFRRWFdneElYRUN1OUlZS0R6eEhQMGZYQ2ZfRUw3VTlfNl9kX2lLTkZQdzN1REdLY2dJLVY4VUJHbEdfSmxZSmFSQld5MFdZZkpNU21n?oc=5
2026-04-23	Google	-0.1	2026 Is the Year to Pick Your Emerging-Market ETF Carefully - Yahoo Finance		https://news.google.com/rss/articles/CBMimgFBVV95cUxOZEVMNzNNcU94RmZVOVRkdDdUQkY5eUtvUk9YSE9UVDliYVBuQXVLdVFlUjNxQ3dzZGw0ZEQ2RzRqRTNpYUMwN1dhZkdsSnRJSkIxZFhXY2NydG45QTFQeWVUazg4YWVua0t0QWtZbHprSVpwRElRVEtwcFJEMmNhb2FaM1M1YmZ2bTJTUThrWVpfMkM3bVdiSjhn?oc=5
2026-04-22	Google	0.0	Vanguard Emerging Markets Stock Index Fund (VWO) – 2026 Performance, Risk Profile, and Investment Suitability Assessment - Turnaround Pick - Cổng thông tin điện tử tỉnh Lào Cai		https://news.google.com/rss/articles/CBMi6gFBVV95cUxPd3Y0LVJyMjJ0RTdXZ3BQU3FTX2xOUDczOTU1bVJEZk02WmFDdmhmQ2NHdm40QkdxNnZQbVJFYWNCeENUS244S3RsUEVHWkwwbGljdXhwZ0M3MnQ2WVdfSkZQZnNRcWhaM09ieGtjTmR1emdpWXBJVnB0OGtST1E2ZVJzc3diejVuajZpMm5ybjEyYkJTZF9oSGN2Q2pFb1RKdV84S0RqRTRsQzdEY1FQNVQ4aTJxNWJ3M0wySXlLQ0pqTnE2TGx6dnNOOFdFZDFKTW5JREI5Mi1GNmgtNXJDWVNBeHlnaTRTcUE?oc=5
2026-04-22	Google	0.0	Vanguard Emerging Markets Stock Index Fund (VWO) – 2026 Performance, Risk Profile, and Investment Suitability Assessment - Turnaround Pick - UBND thành phố Hải Phòng		https://news.google.com/rss/articles/CBMi7AFBVV95cUxPcHFBTmRPZjlVSHhfVjFWUW8zTFRNblBQMjNScUNEYnZXYjlKaXNtNFdOMjRhMFlaUmM1N1F5Tm5qVWhiTzg0eV9VeDBwYmU4TGlGRF9oSHFiZ01ocVFCRGdtTVI5QUNXYk9FUWlIOTJQY2lKNkV0QWtaNHBLeHRCWXFDdjVGUGY3b0M1VlQ2VGNsbTdlVFVwTzFsSUVZeUhja1l0ZVk5dWtMT1NLVnQ2eFpfOS1ydTh2QlF1cFBkZUpRUGFOdThGUklmdHhUdUQtTnBXQ2NXeVRWblVjaEtwN2JneU9qLVRYUWxkeg?oc=5
2026-04-22	Google	0.0	Vanguard FTSE Emerging Markets ETF (VWO) - A Core Diversification Play Amid 2026 U.S. Equity Rotation - Dividend Cut Risk - Cổng thông tin điện tử Tỉnh Sơn La		https://news.google.com/rss/articles/CBMizwFBVV95cUxPdDRJQlMxbG9idk9BMkVSMTJwSll4UHlhdDJwRXZfZkdBRGI0Z1ZmcGZKSWZMNXMxVjhNYmVrUGN0V1FoOU1waF9EenlBODlVSUdTcnN0aXlyaWcyd3ZjMXlTc2NUN0lTV1ZuSHJaOHNRRGxQb1Y5NlJIZi1xa3U0eFBJbjNlNHRFU0xSbUJPbnNpb251aFgxeWVLdGxFVGE0OUtxa0lEbGpnUUk5WlFIUUxrX1ByRDBCLUdFWTJHbWRtNGNEN2ZtU1ptN3RqVUE?oc=5
2026-04-22	Google	0.0	Vanguard FTSE Emerging Markets ETF (VWO) - A Core Diversification Play Amid 2026 U.S. Equity Rotation - Earnings Preview - Cổng thông tin điện tử tỉnh Lào Cai		https://news.google.com/rss/articles/CBMi1gFBVV95cUxNRWE4NUJneHdQUW9aS2xPM0JsbUMxa2VoeVp3YU15QllVQXg2Vi1qQTk0c2lPUnpiUXlyOUI1Zk10MmtubHRuWFdZYkJXSjFEYlNRRmFFZlBVUDBuRTh3YVVWSkVYcTBEb2dZVnhWaDBUMWtrcXlIeU5fY2xWM0M4WEptWmNpbjltcDFIejczbUQzNDROam03THRId0tQakM5NEhmY0NJb2gtbmkxVm9fa3dYVmMwUXdZUGlUR0hib3FiU1NWYVlLMFBwQzhNWFUweTRvX0VR?oc=5
2026-04-20	Google	0.0	VWO May 2026 40.000 put (VWO260515P00040000) Interactive Stock Chart - Yahoo Finance		https://news.google.com/rss/articles/CBMiaEFVX3lxTE5sNnk2ODJtWjB6dmc4YUJVdmFjbC1lZFZKd3NjWExGREVHQmxOR3J5Tm5tdWdubk9TQ2dKaDdrWDZzMnQ2TEN5d0RXeWc3Yk1pQVNNcHhZUGhsNGtTZDM2TDdPTHBiSXdG?oc=5
2026-04-18	Google	0.0	PFG Global Equity Index Fund's Vanguard FTSE Emerging Markets ETF(VWO) Holding History - GuruFocus		https://news.google.com/rss/articles/CBMiiAFBVV95cUxNNl9XTmJndWdON1hpR18tZklhSVJZRXpRLU1NVTFjS3RmbThaQXNSQmxhLTB4eWExQWI0UWg3d2I1TDVTMUIzS3F2YnJ4cGk1ZzFILW1xMm5iWGNXdWZkdWNqSU9wcVdlNU5wYU1lNnhFbXJnWml2cHhWNE1oOUJNajVqSENZbC1Z?oc=5
2026-04-17	Google	0.0	Refined Wealth Management's Vanguard FTSE Emerging Markets ETF(VWO) Holding History - GuruFocus		https://news.google.com/rss/articles/CBMif0FVX3lxTE1aYXZUWjdYYm5hUkJRZDFqNkNmaHBXSlZPV0xSYk84SWxGWmVMa2pfbUQ4X01yX1B1SEllclplVEN0bzhUSjM3amgxbEplZXJwcnQ2MTVTTS11UlpQc25FWm1PTlhxbVdFSlJzRTh2OWM2Y0wzV1RET2VkajNXaDA?oc=5
2026-04-14	Google	0.0	JEMA: The Optimized Benchmark Emerging Market ETF (BATS:JEMA) - Seeking Alpha		https://news.google.com/rss/articles/CBMikwFBVV95cUxPeGQ3NWttUk8tcEM5RUJzT1Y1cVFVMmVqYUNkdWFXLXFqQ0xPSVRtWC1NNDgtVk9ubURsRFdLeGhGM2JzT0FzYnQwYWMtdEI1LTMwOXJFOVBJTktLa3JHSGg3cWxudjNra2lrVFhWWkFFNHdiYXFSYl9KLW4xQVBMRjQyeE5waUFvc1RrcEF2SUpLeHc?oc=5
2026-04-13	Google	0.4	Check out this Huge, Well-Managed Emerging Markets Fund - Stock Investor		https://news.google.com/rss/articles/CBMikwFBVV95cUxOSDhXSDVheElQdGlTUmlSSWcySFpISEZORGRpVnpTWkVXOU5QMnE3aE5xX0ZnaWFVdmRYNGZVM1gtTEJibW1HR0FwTTNNaC1ucEZaZFh2MzNVMFVMSlBkbHlhMWpPdzBRV3YxVTJlaXAyR2ltY1psSlFyOGRCdTVPaGhLZzZZX2FqLXExQXo4QWRsREnSAZMBQVVfeXFMTkg4V0g1YXhJUHRpU1JpUklnMkhaSEhGTkRkaVZ6U1pFVzlOUDJxN2hOcV9GZ2lhVXZkWDRmVTNYLUxCYm1tR0dBcE0zTWgtbnBGWmRYdjMzVTBVTEpQZGx5YTFqT3cwUVd2MVUyZWlwMkdpbWNabEpRcjhkQnU1T2hoS2c2WV9hai1xMUF6OEFkbERJ?oc=5
2026-04-13	Google	0.0	How You Can Keep up with Global Emerging Markets - Stock Investor		https://news.google.com/rss/articles/CBMidkFVX3lxTFBqd01rMTZ1TWZ1bEdfdDdYUjVOaWJOdC1kUWNsWDRleWszM1gzYkdnemxScjVNd095Zm1OdGpaOERGRlJ4RXdqYW5TdVQ4S2gzV0d5T1Y2V3FoeGl5Ul9UeFM5ZzVpQnh3dnIySkQ1cjZ0OUE0S1HSAXZBVV95cUxQandNazE2dU1mdWxHX3Q3WFI1TmliTnQtZFFjbFg0ZXlrMzNYM2JHZ3psUnI1TXdPeWZtTnRqWjhERkZSeEV3amFuU3VUOEtoM1dHeU9WNldxaHhpeVJfVHhTOWc1aUJ4d3ZyMkpENXI2dDlBNEtR?oc=5
2026-04-13	Google	0.0	Trading Systems Reacting to (VWO) Volatility - Stock Traders Daily		https://news.google.com/rss/articles/CBMivwFBVV95cUxPeWU1MlJWTlBOeERMTzU4bEJBaGlMS1IyTTZoQTJDYTVxcHg4aUFpVW5pRDhWYWdVNER5U05fN3VrRHotN3cxX1lQbUtqLVNRQ3NHODBwcUF4d3I2c3EwdU1SOVBMNTQxREtnRTZSTG5WNUJBVlZodEdsakVhRzlSTjVEQ2Q3SGlZZWpsZ2lsUGJ6X3VuTUFBSnNPQnV5Nkl4VjdJeVNlMTJpbjhmeWRuVDRSV09UdGFqVGVuRmJ4WQ?oc=5
2026-04-12	Google	0.0	Putney Financial Group LLC's Vanguard FTSE Emerging Markets ETF(VWO) Holding History - GuruFocus		https://news.google.com/rss/articles/CBMigwFBVV95cUxOdkFSbXNEalJMdE9hSkYweS1sWHllOGIyUmVUX1RyZkxWaEN5eVR3Y3dQR3NMd0hlYzhMeEhuaF9HZDE2WE10QXVRWGZHaDY3STduUFl2c0cxSXJpeVNPSjVSOUxpYkVQSjM3Z19RNWdueDQ4aENVU3BES3dYZjhBOUFwdw?oc=5
2026-04-08	Google	0.3	Wingify's VWO to merge with AB Tasty; Everstone to infuse fresh capital - Dailyhunt		https://news.google.com/rss/articles/CBMi9AFBVV95cUxNODJ6cnJtWXBJOWxTVVJfVjRHQnB6NGlTNVhJN1pQSG52YkhVcnRQWXhoS3BNS0F2dHFhM0s1UFFNbXdQOWY2SmszWGtjOHdZOFZTMjEyRU9wZFRqbDN6WVFZMng5WUhGVEZmX0RqZTBCdWM3WXhydTdIZEVNcGNCZkxuYWpwR1hUWF9XSXdIWEcycWxOTHdCMW1BNlhac01oQ2tjQndkc0dGZDVHZUhtTXhEeU80OFlGZDlVa1ZQNUREeFdnOENUOFM3WGN0dWt4YjVYLWF2a08zb2lrdDlIdkZ4LWdiYTNGRkRhS1cycHZWYUx4?oc=5
2026-04-08	Google	0.0	SIGMA INVESTMENT COUNSELORS INC's Vanguard FTSE Emerging Markets ETF(VWO) Holding History - GuruFocus		https://news.google.com/rss/articles/CBMiigFBVV95cUxOOHZFUUpfY0VScTBkSmZSajNtNnJqTEtMVW1SMkpZUjJhejU0U2xvNHlvUWFqT1ZsdHEwR05URmY1R3NSQTlqZ0s0VHdWOUx6cHZod1FRWkpPNkVVdGtLUkhOWTZ5a1NqWG05RWJqTXpLc1ZaUkx1TUk2TFhYQmJnWC00X0todmpLSEE?oc=5
2026-04-07	Google	0.0	VWO Should I Buy - Intellectia AI		https://news.google.com/rss/articles/CBMiXEFVX3lxTFA0OXkwWlVZVlNXWm5YRUJUNVdJNS1iQ09tUkktaElSOUp3VTNYUHAtdmp4VWpDeUdtSEQwVUpOUUZXdGhfZldmUWM2S3J4WkNFWUNPMjJaS2U4UVhq?oc=5
2026-04-06	Google	0.3	Exclusive: Everstone and others inject $150 Mn fresh capital into Wingify - Entrackr		https://news.google.com/rss/articles/CBMisAFBVV95cUxNZWR3VmtsU1ZobnU0WVVkbWZQUF9JSS1xQjFVaS1hNVR5U2Q0UG9VeWQ5eXBuOUhYM3hBTk4zRjJudTJBY0R1QlBNbmJOZnZlaFM4WVFXeHFhSkdDTkRHUU9jc2dlQTM2c2w2elV3Q2V1Y2FiX0txb1o0X1N1OXhicHNYVmJ3ZWdEUzBwYjVEV292LWpkMUhLNWtzZFdIRmpvMm1MQVVkRnk1cVQwa2pXMdIBsAFBVV95cUxNZWR3VmtsU1ZobnU0WVVkbWZQUF9JSS1xQjFVaS1hNVR5U2Q0UG9VeWQ5eXBuOUhYM3hBTk4zRjJudTJBY0R1QlBNbmJOZnZlaFM4WVFXeHFhSkdDTkRHUU9jc2dlQTM2c2w2elV3Q2V1Y2FiX0txb1o0X1N1OXhicHNYVmJ3ZWdEUzBwYjVEV292LWpkMUhLNWtzZFdIRmpvMm1MQVVkRnk1cVQwa2pXMQ?oc=5
2026-04-06	Google	0.0	Everstone Infuses $150 Milllion into Wingify to Accelerate VWO Growth - Siliconindia		https://news.google.com/rss/articles/CBMi0wFBVV95cUxPbmxQRVV1S09nTk41d1NJS1BwWHFqNlBPc24tcEtDN010MGpaYTZIVThMN1hYajI2ckFCX1lwZExpQ2xQcTNrUmpORmJrVGdrb1JaS3lTcXVaTFQ4RFVlT2QwNVNHQnhfQzQwMFFiZUc0a1V1V0plUmp0OUc5NHJzaklkUlJEVkFJNUt0X3dNbkZZbFEyMzFZMC1sWGJuWXVnMjZkb05vZGdTUVV3T2FrRFB0N194cndYaHZkaDBHa0htUTlZSGJlU2ZfWU04YzJiV1E0?oc=5
2026-04-05	Google	0.0	Vanguard Emerging Markets ETF ( (^VWO-SO) charts, data and news - Yahoo Finance Singapore		https://news.google.com/rss/articles/CBMiWEFVX3lxTFBYb0gwRTBiLU1jUEpySzVuZkc1Q0hMVmV3RWZLaVU2QTlFYjZveC1Bc3RIQnBxeUUzZGdUZ2tnc0xwcnlhVnBSUXB2UWNsU0R6TzBlMjk3Ry0?oc=5
2026-04-04	Google	0.0	VWO Apr 2026 52.000 call (VWO260417C00052000) Interactive Stock Chart - Yahoo! Finance Canada		https://news.google.com/rss/articles/CBMibEFVX3lxTE9iN0tzN0JoTkpFRU4wTmZQYXExamRjY0dxUzdXc1BOc3pybWlrZXBCeExBX0t2VzRkdzFxZHVLOFNsOWFDUnU3VldmLS1LQzV1OHpWdlVVWkk1QjdCdTkxV3k2RjE5TzNoYnQ1Mg?oc=5
2026-04-03	Yahoo	0.243	EZA’s 112% Decade Return Comes With Rand Risk Most Investors Overlook	Most emerging market ETFs spread their bets across dozens of countries. iShares MSCI South Africa ETF (NYSEARCA:EZA) does the opposite: it puts everything on one country, one currency, and a handful of sectors that together tell a very specific economic story. What This ETF Is Actually Built to Do EZA is a single-country equity ETF ... EZA’s 112% Decade Return Comes With Rand Risk Most Investors Overlook	https://247wallst.com/investing/2026/04/03/ezas-112-decade-return-comes-with-rand-risk-most-investors-overlook/?.tsrc=rss
2026-04-02	Google	0.0	How Vanguard Ftse Emerging Markets Etf (VWO) Affects Rotational Strategy Timing - Stock Traders Daily		https://news.google.com/rss/articles/CBMi7gFBVV95cUxOREhqdlZLS0Z3MC1ESEROQlRhNlh4Yl9MVHFFRGR3UUhOaHpLNkhFYUJYa3VlRnhwdFJEdEozV05DdUpnX1owS09yS29TbHZkbV9UekxNX3NwTlVIVTl2ZUkxWS1pYmk1UDZ1WmkzMFF2Y09LSUhFWmYwODBUVmZCakNDUXhHUnpUWE8xTnNubDN0TG1ZYUtHSXVBX0NxTlRib280S3Bldzc4NGZPMWdCaThWZDFWWXVHZW9HS2ZvVXN2QklPdVlmQlEzLVF0bk1pUXJJbkJoZURmbDUzZ0F4djljMVJMRmVCQTFXaFRR?oc=5
2026-04-02	Google	0.0	VWO Technical Analysis | Trend, Signals & Chart Patterns | VANGUARD FTSE EMERGING MARKE (NYSEARCA:VWO) - ChartMill		https://news.google.com/rss/articles/CBMibEFVX3lxTE0xLVZCR200LUhVMmwxR3ZIb29ZNkoyU3BGX1R4MDdwcFduNDk2SUJRWmtsUWZCbmJLNmI0VGhOa1ZyaWhXNXB1QlVoSGhvRVBoa1dreDNBdUhKMlhsVG8xaUtiQ1lCY2REbC16eA?oc=5
2026-04-01	Google	0.0	Defined Duration 20 ETF's Vanguard FTSE Emerging Markets ETF(VWO) Holding History - GuruFocus		https://news.google.com/rss/articles/CBMif0FVX3lxTE9SN0ZiQ3NlQVI0RnZNSFk0OWFQQ0E0TWtBQ2VFdi1CNjhqdEZuTUtONUFxS3kydC0tMHY2NDRGWm1CajFoQUttTGpoeGpiODFRMkpHamtmV01RSEhZcHBwTTFqR1ZhWVNvSkdNRjluUGxOejRMb093TUtLYTZIMFE?oc=5
2026-04-01	Google	0.0	VWO Jun 2026 55.000 put (VWO260618P00055000) stock historical prices and data - Yahoo Finance UK		https://news.google.com/rss/articles/CBMib0FVX3lxTE5tR2xNa3cycHlJVGoxWDFIWEhtZnBXMDVxRzhzTGtNNzJwM1NxN2d5Mi1hQkdXUVNnSDZCWXF1bEg2Z2VHcXYyTFB2SEstX3d2MkFNZ3poZ3g2S05TVHFUNDUzNHN2WVk5SGFERTVBYw?oc=5
2026-03-31	Google	0.0	VWO ETF Rises 3.1% - Moomoo		https://news.google.com/rss/articles/CBMia0FVX3lxTE00VzI2WDUwQ0JPbjl2bkgyMlJ0YjMzbnpPS1Y0cE9rYjRkNGh6RU5rYmM1clRWWEpDU3hMWHR2Zlo4QmlGejNKdjlrMU94UG5mVGtxVTl2NjBSXy1BNTBsMVNLMUx6dE1UT0Z3?oc=5
2026-03-31	Google	0.0	VWO Jun 2026 47.000 put (VWO260618P00047000) Stock Price, News, Quote & History - Yahoo! Finance Canada		https://news.google.com/rss/articles/CBMiZEFVX3lxTE9NVVNTSk1FRE1SUGlkMmtxYzI3VDlEMXc1dlA1SU0wbUhzN0NMRTExcW8zRzAyeHZGVHJFcFhHMzQ2YzNBV19FdjFhdzZhbzFrTjVDMHdzb3BmYS10SGxtMHNrQ04?oc=5
2026-03-30	Google	0.0	VWO ETF Declines 0.1% - Moomoo		https://news.google.com/rss/articles/CBMib0FVX3lxTE1fd3RMdi1mY25OR0szSkE1WXo3SFlBZ3pjbVZtaXg4cElGR3dUWXowV3lmd2xqak10aVg3NElOck02YjRRUVZab0pFUldONnFWZXZCbFFoOUNRa2ZPQl84WEJaOHA2SFhIMWJFR3VBQQ?oc=5
2026-03-26	Google	0.0	BBVA COMPASS BANCSHARES, INC's Vanguard FTSE Emerging Markets ETF(VWO) Holding History - GuruFocus		https://news.google.com/rss/articles/CBMihgFBVV95cUxPT1ZLUWdudTdUYTNQVmNGWkxuS3dDLXVLLVR2a0hMZTlURzV2U2JlUjNwNDdHQnNxbGNnT041X0QxdGtRWE1uMG5yV1UzOG1QWlZ0bllFQ1puWElOM0lyeXhBaTJTYVFOa2F2NzVKU0w3bENvTzJaTlhsaHI2R1ptVFROenZwZw?oc=5
2026-03-23	Google	0.286	How does TU/e attract and keep the right VWO highschoolers? - Eindhoven University of Technology		https://news.google.com/rss/articles/CBMitwFBVV95cUxNd19aR1F6UGZGcXFkWXkxcWhac3M1VzY2NXRTa0wxbzA5ZW9HdEN3MzVPYllSbXRULUV4bHhwaWFKdlpXYzFwZVU2U2VCaUlPUDljR2tPNWhOeVR1TXNvWUpHa2ZtQ1YxcE0tU3pEZVNrLWpqWVJ4SUNPOXZTdjBCcXA1MFV6RS1tY0pUM0NkaGZLY0xmUVUtRWNNWXBaUXhmYU1Vc2p1SjlUQ3U4cUhuTVcyWHU3aXc?oc=5
2026-03-22	Google	0.0	(VWO) and the Role of Price-Sensitive Allocations - Stock Traders Daily		https://news.google.com/rss/articles/CBMixwFBVV95cUxQYmpDOERWU1NQQjBGU0FCVXRiYU0yYzhZNE5BUHdHdzUyeDA4VmhybDJpUjFYQXJ5N1UwQmFhNVMySkRlQi1Lc3JnVTJMUDJ2WTZKcktMN3BnN0NaQUtFVWZwTTJtR1RzYUdoTWM3aHpCYjJraU1hTWZ3dzJIWExQdzVueTZIRzFIcmhJUWcxUFpaSF82OGlBNzk3ei1xNXdwZmstTWVlX1lKWmVqcmxUNHpDN1ZLSl9ZMkxYbVN0MzI4U1ZCYzgw?oc=5
2026-03-21	Google	0.0	Vanguard FTSE Emerging Markets ETF (NYSE:VWO) - intelligentinvestor.com.au		https://news.google.com/rss/articles/CBMikwFBVV95cUxPZ0hhaGZZODJXeFozNzNhVG9tcFFzRV81LVZ3ekFha1FUaWNOMGFTS1J3YXJmUjVJUWVtcHBETDAtNlRLNUgybXExSXlSTllBS3Zycm1VcVB1TnBsdzhlZ2NQNnpjTWhOanFtMmlfaW00SHNHV1lIdmY3OGNPMG1BVWd5SWFkQ0tsWHBEUnd1SWV5bkk?oc=5
2026-03-19	Google	0.0	Redevelopment Project Requests Opportunity Zone Guidance - Tax Notes		https://news.google.com/rss/articles/CBMi4gFBVV95cUxQbEhpTFg3OUJnZnEtVTNLNm8tbzlzcjZQclBtVVVkcWVIbG5wUkVFaHJHZjhYVjIwWGJXbFVkUE92U1ltWTkzVmxQcmtwTEs2clFKWE84d3ZrRmtWQ2VXcElFekZNUnJnU0xGLTZ0czRIQzFmV0wzNWtJYzlzN2M0SVFUcHlQRjk1a3pLTHk5QTktaTlaSGVrbkNtSjJGV0ZoWjBrc2ZWS3NqMDRUZElkdFNlNVNfMWlhbnhRSXpHc3ZfcU84c2RuYUt4QlduenFSWmtjY2F1OHYyRExyNjZMXy13?oc=5
2026-03-18	Google	0.0	The Vanguard Group, Inc. Stock Quote, Share Price, News and Analysis - Longbridge		https://news.google.com/rss/articles/CBMiS0FVX3lxTE1vWUtzU0FvVHhiV3h1NnpoM3loaElIRHpqU25KbTFZRFNTczc2ckllaGVHX1haRllKRHhXTEpGbkx1OXdqN0RZM183TQ?oc=5
2026-03-14	Google	0.19	"""USDTONE makes financial freedom easy - Join now!.vwo"" - Results on X | Live Posts & Updates - x.com"		https://news.google.com/rss/articles/CBMirAFBVV95cUxNYU5NTDI2ZFFKU25EMzBfR0UwS0tDNTR4czZ4eV9lLWctT1BaY1UwamVmVWltV1N0ZzVwblpfZXZzU3kzYVJMWEQwWVdxYzcta0FQZ3VodGtINElSUnJGRng2NWg4OURnX09PakxtMWVBQlh0U1pqNzM1NFhoNHdlUmdNeFhJcHpQclk1NE8yczl4VnRNdE14SkUtaVVjRk50N0k2dm9PY3l6Ynpa?oc=5
2026-03-13	Google	0.5	Better Emerging Markets ETF: Vanguard's VWO vs. iShares' EEM - AOL.com		https://news.google.com/rss/articles/CBMiiAFBVV95cUxQbXVOWk9NUjBLOEh4VEVTWmw5c2JQV2RWZ3pIUkI3RXVoMzFnYnNPeUlsN0I5MTI5WWxLeDR0RWJ3QlNPZ2J1cDhzTUlwWTRNTjhQSWhfRmJSMk5PTUhYWVBLSXZDR2ttYXBCWU56MUE0cXNaUnBNZ0c2UVpoOFBueVNvVkcwbHB3?oc=5
2026-03-11	Google	0.0	Responsive Playbooks and the VWO Inflection - Stock Traders Daily		https://news.google.com/rss/articles/CBMiwAFBVV95cUxQZzNYbER6QmJrMXk2NG9seXI5VkpLQzl1cGVtX0xLS2p5dWtKTUxseHowcHp2NFNMQkFlNm5tbW9mMTN1TmhIbnFneVc0TExIWkx5UlREOE55VVlOVnFMOEtsa3dfcXlkRGdMNEZlR09paGd1UUgtZldDazNrWWFIbDVkeWpzQTFCbW9Ld2hUTGswQ3BoS1lSOXVpd0ZFS09Mb0h3ZFlVSmRlYkxXekZwRGRWZUwxTDU1RXZmRVVfcGM?oc=5
2026-03-05	Google	0.214	VWO, CIB, UMC, CHT: Large Inflows Detected at ETF - Nasdaq		https://news.google.com/rss/articles/CBMif0FVX3lxTE5LNzZhTGtIUWRabmFBVWUzelMyY3AtQWpRR1JvNDF3YmNEME5wZnhhV0V1S0M5djZPUldZUGFBeW5NM0pZX1BzeV9ULTYyQnlJalItTGprQ29zLURCOV9XY3FEdExhTkd0enljS1VjRHNzbk42MU92a21vNVF2YkE?oc=5
2026-03-04	Yahoo	0.36	Is Vanguard Emerging Markets Stock Index Investor (VEIEX) a Strong Mutual Fund Pick Right Now?	Mutual Fund Report for VEIEX	https://finance.yahoo.com/news/vanguard-emerging-markets-stock-index-120002071.html?.tsrc=rss
2026-03-03	Google	0.0	Storyblok Highlights Partner-Led Growth Focus With VWO Collaboration - TipRanks		https://news.google.com/rss/articles/CBMitwFBVV95cUxPa2RqaFNpWkh4YW95dWpTRm9SM24zSTU0TVVVX0ZXSEw4aUYxRmdGY1NOaXdzOFlvRDRaQTlJVWNTdHdpMlBYcU9aME55UG9ESTBQclBhbklUUld4bVlMNTJQZjFBaHREMXJSU1diU3drTjVmNXZYbENYWXJQd3dUdWdSdWozWHJrQklIZFYtTmhYWnp5bEF4cjhDSl9rc3dRclFOdThEc2pESEFWSWVQREQ2ekVZamc?oc=5
2026-03-03	Google	0.0	Storyblok Highlights Value-Focused Partnership With VWO - TipRanks		https://news.google.com/rss/articles/CBMipgFBVV95cUxNeWgzUjVWT2lpNm9jY0dMUmdLbzhUVnJfaDhIRmRlMHktOGw5QUJFNDVid3NROXlUZnZnYVRTbUVtUE5YZl9GS0R6V2pNTGE3MlF3UW5XTGt6RmQySU9STldsWGQta3FyRlZKWFVkeUtuZ1BZVElpdVNVRURIZ1htT1lteXlxWnRvMTkyaXFxN1hrSWdGU2draDZMUUltUEFxUEVNNUhn?oc=5
2026-03-03	Google	0.0	Willis Johnson & Associates, Inc.'s Vanguard FTSE Emerging Markets ETF(VWO) Holding History - GuruFocus		https://news.google.com/rss/articles/CBMikgFBVV95cUxNUzd1WGEyUGxFck5jcW9ldnJhcjRUT0laTXV0YUNaQ2owN2hLM2tHSUU4ek9QYXQxYWx5OTlrVFBCVjYtNFZ0dDNMSzhNVEtUeDRQbEhwajlFVVpocXdMcGQzejltakJNbDdBUGlWQklDRk9DdVV3N2ZXTWVIX3VnZ0dEdUpoc0FEOVNVVVVVZ1VNdw?oc=5
2026-02-28	Google	-0.375	Understanding the Setup: (VWO) and Scalable Risk - Stock Traders Daily		https://news.google.com/rss/articles/CBMixAFBVV95cUxNN2x5RkszT3lyMEUtR3RNN21pWVk5eFFoM0JnVjhjSTlOTThrcC1yQ05Ha3l4LTZKWnBXanlqWDg4MXRiOGgxcEloUExwLUFwTm9zekUyN0dOaHc4SzllbkpCRVVsUVhYWndLOXFtS25TN1hJSXdLNk9UNHlvT29ucExnMndFQndQVlVDa0F5Z29xaEZJb0ZFZE5PUENOMGdIQjdJeFVraFNIc0VMMVdDT1c5NEhlMlhJZVNhLUpMaHMwQldf?oc=5
2026-02-27	Yahoo	0.08	Should Emerging Market ETFs Play a Bigger Role in Your Portfolio?	As U.S. fund outflows hit a 16-year high and volatility spikes, emerging market ETFs offer a path to diversification and growth.	https://finance.yahoo.com/news/emerging-market-etfs-play-bigger-160700129.html?.tsrc=rss
2026-02-27	Google	0.0	VWO Technical Analysis & Stock Price Forecast - Intellectia AI		https://news.google.com/rss/articles/CBMiWEFVX3lxTE9OYWJWZGxsMDQ4RkoxSXBFZVU5V1RBVEJ1ZU52S3ZiakVFR3lraEkwbk5NQTFHWkZuMnIwd09BLVhyLTlraXJEVHNYbWVzV0xfN0dkZDM2VnY?oc=5
2026-02-24	Google	0.3	Japan, Emerging Markets ETFs Attract Fresh Inflows Amid Trump's Tariff Surprise - Benzinga		https://news.google.com/rss/articles/CBMi2wFBVV95cUxQREh2bDJJdVVGNTNQcGs2WWJsWl9FdnRFWlhMUDBPckowallwSm0tbFotZ05FdzZpajNZM09aY1kydkFhWDlVQkZMMTY2anNXT3huaXpCeXp4RHpEOEtTVXdFd1BsMTdmbVdyM2RaMFhReHlDajk4emhBRGZOZjdHS3ZCOW0xcDAteDJsWG5zeUVlZnpfWUV1ZGVVWjV2WW10T2xEdG0xTHE3RWp4NVV6c2R0SnNVQ2owVmVVa1o2cEtlR3B0cV8wanJmbXJFSE83RWhtMkUzeDRPT1E?oc=5
2026-02-23	Google	0.062	AB Testing Technology Market Is Going to Boom | Major Giants Optimizely, VWO, Adobe Target, Google - openPR.com		https://news.google.com/rss/articles/CBMimgFBVV95cUxPTk5lMkV5b0Z6SmROaS1kcTYyQ2NKVkQzOFdjeXBjUEU0a2MwQmQzZ29jRjNpM0VPTExWOXpyUHRWU2c4M0psUUFmMER3X3JiaFppZEdBczVBdDVNWGNGZjJ6X2RYNHgyVUlNUkJXTFNwMzNBY215bHRGb0RiaV9Zcmlxem9UQWhjaUwtWDl2ZTZMaWFwbnFCcDZB?oc=5
2026-02-20	Google	1.0	VT: Still The Best Approach To Passive Investing (NYSEARCA:VT) - Seeking Alpha		https://news.google.com/rss/articles/CBMikgFBVV95cUxQdVJwbDU2LXE0ZWtNSnA1cmdVei14QlhYT0RGNWFLMUJUdS1YV0dVRDNpRms0Y0x0Umk4N2hnWWRyV1JPNHJHM2Jmc2NqVWtBeWJJWDdlcWhTNFE2NUJlSjNKekF5b2o3eG83RGZZTW0zRU1Ial9FRFRKakRzeG41Q0ZSOERnWGhKb2M2VjR2SklUdw?oc=5
2026-02-17	Google	0.238	How VWO Compares With Other Emerging Markets ETFs - The Motley Fool		https://news.google.com/rss/articles/CBMilwFBVV95cUxOX2hwZHpvOWtNYUNFS1hOTUZqN29uUTZ1aEJUXzVLZFZoOEVBamJnRkNrNk5iTjN2VHRMeXFoYkJPaE5YMjVPN2lhR25Gb2w2OGdRZHJkN2owRjB1NDBvbS1ZbVhIcDJJaEFXSHEweFZoUFdEaTFEcDBPeHhMdHVzdTJ3bUx4MFI2ODhTSWtpTEtfVVdSSFl3?oc=5
2026-02-17	Yahoo	-0.125	How VWO Compares With Other Emerging Markets ETFs	Emerging markets are roaring. If you want to get in, let's compare the Vanguard FTSE Emerging Markets ETF against its biggest competitors.	https://www.fool.com/investing/2026/02/17/how-vwo-compares-with-other-emerging-markets-etfs/?.tsrc=rss
2026-02-17	Google	-0.125	How VWO Compares With Other Emerging Markets ETFs - Yahoo Finance		https://news.google.com/rss/articles/CBMiiAFBVV95cUxNTm02OXUzLWVSbTdPNFBGdzdHRVhpOThLVFhpcF9hOFVYR25IdzJxclhIYzlJa0I0VUlmRkZYV0k0TXNyTlI1Z25SM1REbnlMN1Q2WHJZcFR5R0NmM2trc2VZVHphbDlnMTJFQ0xTX2FMTHA5MnhVZ1VLeHBZNVlHOG5nWGx0Rkdx?oc=5
2026-02-17	Google	-0.133	The Technical Signals Behind (VWO) That Institutions Follow - Stock Traders Daily		https://news.google.com/rss/articles/CBMi0gFBVV95cUxQbkdrMHJDdTJFSkNKc09veVRQUi12ZTVqdGRrRERiblI2ZW5JZERJU0p5MkNhMTZDcjc2d0l0QjRJNWRTMnFQSnQyZzhEQkRQaVlreUhENDBscTVxRXd3SGxwZXVQZTk0a1lTdjl0Z2tMVmdnbHNFUjU1a2M0Yk1jVmRrUV9PLWxjcXV3NzduZnE1TnVEMTl5MVlPdTN0QW1yS3hvak9WYTAwcDJtVkVOeEJIdGh0dEdKQ2J3aW1ULV9JQU44VXV2YTJJS1h0UnJ2dUE?oc=5
2026-02-16	Yahoo	0.0	Buy 2 Vanguard Index Funds to Beat the S&P 500 in the Next Decade, According to Wall Street Analysts	Goldman Sachs expects European and emerging-market equities to beat the U.S. stock market over the next decade.	https://www.fool.com/investing/2026/02/16/buy-2-vangaurd-index-funds-beat-sp-500-wall-street/?.tsrc=rss
2026-02-12	Yahoo	0.006	An Asset That Made People Rich In The Late 2000s Is Soaring Again	It's been a long time since risky emerging markets stocks paid off for investors. But they're taking off in a big way again now.	https://finance.yahoo.com/m/7d1c424e-4fc5-3c4a-8894-aa589d38887c/an-asset-that-made-people.html?.tsrc=rss
2026-02-12	Google	0.0	The Key Arguments For Emerging Markets In 2026 - Seeking Alpha		https://news.google.com/rss/articles/CBMikAFBVV95cUxNSUZXMzBsN3FFUG9nN2dmSmZmc1N2UzlQNk9IdnJqMHlCOGhKankxTmFwMmNoMHNraS1RNEkwSE9vWHRVdDdVSHlXQ3FDdmJqS0o5eGptbDNzTWVPRTVBbTV2Q1BxOWdUTlZobEpGODFIdE96SGkyZnNwV1Bzd3o3RU5fRGxYczN2YU1qTFVMSDA?oc=5
2026-02-12	Google	0.0	‘Together, we are creating a company with over $100 million ARR’: Wingify CEO and co-founder - financialexpress.com		https://news.google.com/rss/articles/CBMi4gFBVV95cUxNa2ZURmZmWnI3djVEY0dRdThEVURpVGI0bHRXN2E5VFE2YmlEaWtXY21BU3U3VlMwa0I2RDBoa0l2YUIzTTR3dE1HSkRZZ3hsMDZWVkR3TUV4OURfUDljcWh3SjRqbjZYaVNuVW5HU2JyeEVxeEEwYkFPNDVrU3JNUFYtWkptMUJhZ3RyM09FbTdkTm9NUDR6NXcyUlZBOGNicUxGS25XQkd1ajAwZ1dmbWhBNzIteGJTMHg0elNtUHZ0Y1ZkTUlMTHJOdVByS3BhZ1lxbEJ0MnhCUFNwSl91cmJn0gHoAUFVX3lxTE5tQi1WVi0wTXNWbUp2TXZpbWtWRWNwWHk0RHAwbmZZMThKdVQ1ZkRoVHpjamNsR2MzWDJXZnh1WXJVV29kZDR6MG9SQjBSVU95M2Y3VDdTc3p6NF9aX3IxZWhwRWpPMEJKSldvcjMzbUlpLXRKRndtQjNELWExc011dExjWlVtOXpxbEpnUldwbkcxMkN0cm5aYmxrdXkxcUpLVk1LX0ZwdTdYeGRacUw3UUtlamZFNUtrUlpWYVpNdmVxZ1pkMDh3RDYtUjRkeWl6anhvaTZxT1ZuSTBKQm1GS0pwRUJKM2Q?oc=5
2026-02-11	Google	0.0	VWO Reviews & Ratings 2026 - Gartner		https://news.google.com/rss/articles/CBMiVkFVX3lxTFBjNmdsa29wVEV3bWd2WFRGYS14TW54RzJTeVUtcjZmeUd0dTVuN0xUcmFlU0hQdENjeGtXYk0xRVVzb0NRVi05X29aVjFWQkw3N0RZSzVn?oc=5
2026-02-10	Yahoo	0.303	VWO Soared 31.3% While SPY Managed Just 13.9%	If you hold U.S. large caps, investment grade bonds, and maybe some real estate, you own the parts of the global economy that already get the most attention. Vanguard Emerging Markets Stock Index Fund ETF Shares (NYSEARCA:VWO) fills the gap. It provides exposure to economies where growth rates can still surprise, where consumer markets expand ... VWO Soared 31.3% While SPY Managed Just 13.9%	https://247wallst.com/investing/2026/02/10/vwo-soared-31-3-while-spy-managed-just-13-9/?.tsrc=rss
2026-02-10	Google	0.0	VWO Soared 31.3% While SPY Managed Just 13.9% - 24/7 Wall St.		https://news.google.com/rss/articles/CBMikAFBVV95cUxQY1M2S0VYQlRncGtsdUFwSENaY213cFVKSUlWOVZiQUkyVDlNV1IybmlCNWR2UWdUZHpfenloUUR5RTlzdDVoMVctSFdOa0RXeW9qOXRUWFFyNEUwWmRobzZMc1dWNmRMYlFoeDEyTDZoM3FLbU1LMzlCZDg5VEZEczR5NFFZSS1ZYnRrdWpZSk8?oc=5
2026-02-10	Google	0.0	VWO Soared 31.3% While SPY Managed Just 13.9% - Yahoo Finance		https://news.google.com/rss/articles/CBMidkFVX3lxTE82eHR6T2F1aG1aZFdtQkJVLXNtbnJvUDQ1OTJFdThHV0RRam9ub2lsekV5YXpBYUNMRHJIRjdSaTV5TDJKVWpTUnZ4b1puX2JOdl9sdWlLb2lDQU9vbHdtcS01bjczOGdKZkZLWk9uRTNjcy1sNGc?oc=5
2026-02-09	Google	0.214	Crypto: VWO Momentum Shift: The Signals Smart Money Is Watching - InteractiveCrypto		https://news.google.com/rss/articles/CBMimAFBVV95cUxQQTJLdW52TzF2WFJ4MUFfTk93WmdsMURxRzRqWVVlcTVnX1ViNHV1MG9VSWpKRUIyQVVzNHNhTkc3dUk2NHJFMnIzV19sbVNpbC0xOTdSbnFLS3lFeFU5Sm5wYW92VGhtcFJBdlhfMkxCTUd0SGs1MWFlOEZhSWJMd19nMm1BUzY2QVFodjFwVG4zOUtKZFNfeA?oc=5
2026-02-09	Yahoo	0.025	Global ETFs Worth Watching as Investors Rethink U.S. Tech Bets	Choppy S&amp;P 500 moves, AI-driven tech sell-offs and a softer dollar are pushing investors to look beyond U.S. equities, toward global equity ETFs amid volatility.	https://finance.yahoo.com/news/global-etfs-worth-watching-investors-164300812.html?.tsrc=rss
2026-02-09	Google	0.0	Crypto: Is VWO About to Break Out? The Chart Pattern Nobody's Discussing - InteractiveCrypto		https://news.google.com/rss/articles/CBMingFBVV95cUxObjluT0RqdDFOTVNmWXlJTkRqdVN6Yk9KdjFmWUxCQXFmZFpWdjI1Wi00dHZHcEFEbTZmTV80Ym5PQzBuMG5CNDl0RXg3NkFvWjJFamhVaVdQdUxJaEIyY0FmWU11UFh4WlZfOWVLTC12M2g3cV9NcTQyeHdfUW9OSVh6Uk8tM0Z3SnVXS2c0bG1uWGJoRHlpUGpTSkdmUQ?oc=5
2026-02-09	Google	0.0	VIDEO: ETF of the Week: VWO - ETF Trends		https://news.google.com/rss/articles/CBMigwFBVV95cUxQTm15ckJpQm1odU1MREpXTlNRY3piRVZFc2Nab01mUUJOamNZNGRfTEVIdEtBU2F5eHlMQkUyc2dtQmxoMkc4Q1o3U0hEYlU5Y1o2RS1yS2N0eFlFLUoxZ1NBVmNtdzk5Y0oxOTZCZmNZOVFyU29IMHQxck9VZlRpZTI2SdIBiAFBVV95cUxPWFFVLWxlSDAxQVFMbVk1bXduUHM1M3JLaVFuM3FrbmtTVGhmZUNkc3dVbTkxQUtJLUtzaXlfUjUzNmh1SXR4NGQxQzJUX3B1M2FINHBDYmxRRGkzbFMwWWdnWTg0VGJwSmZveXFlNGFzNzlyb1AxejQ3TzRXdHdsVy1qN1E5d2pT?oc=5
2026-02-06	Google	0.0	Precision Trading with Vanguard Ftse Emerging Markets Etf (VWO) Risk Zones - Stock Traders Daily		https://news.google.com/rss/articles/CBMi5wFBVV95cUxOdHNRR2lXel9hRWVUZmthZTNDUDlUeE5xTVBuS1I2cnBvXzJxem9abjQzU0J1U3NrQ0FOWkZ5N1RpZ1N4akRzdGtYczdiMUE4V3NKY0V3c1BIRzRiVmxHYXJ3SEx2eTAxbGZRLUllalYzTU9oc04xZE1FM19HaGlPQlhWMVlHNldpakV2QVRKd0t4a1U3RW84T2FEVkxhZkNuLTkzMHkyZkowaHFxa29mTGotb2dtT202ZWxtQ2RrU0tGMEpqZXBzWnZ1SFBYU0JkX1oyZUg2U2pYa2t5d0xVMXIxRDI2aTA?oc=5
2026-02-05	Google	0.0	ETF of the Week: Vanguard Emerging Markets Stock Index Fund (VWO) - ETF Trends		https://news.google.com/rss/articles/CBMitAFBVV95cUxPNDktb2xlYUNsYjNUWnhHZDBERTdCVndPd1NxQzhnSmp1anU0QVlEV3p4V2ZYWEh5NkxaUF9PbTUzSzdyd20yQnNIRzNGMkgzcUgzbGs1VnZYbWRPVzc3US1FZEktcFVGMUtVUkp6T0VhcXBMWXFVdFhmUmNqYlBOQ2FTckE1SVNtRjBSSko3ZU5oNUVCZGNoelpZUnFwS0NNMzZQUkwwRWp6a1NWZHJDMnJ2bkTSAboBQVVfeXFMTWJhUklPbVVpdUJjeDlCUTBuVnJUaGdJOVpSUzFUUzJKZ0tmbThqcUZRMFU3ajZJWWVTYkdrOGR0X3JnNFJMZ3lJQ1lxV042RWQ3Sll1NG9ZYUdXUXpYLW9jMVVYZm5HUURGVHFyUkNoaHMwUUpnOG5iTWh0OW1VVmFkNThVaUU1cVlpTTF0WXNJcFdJRHFhV0VUZjNXekhJS3J5RlRWSDhBZWFGRzFQeEhQTGIwMXNhdUVB?oc=5
2026-02-04	Google	0.0	Final Trades: Amcor, Emerson Electric, the VWO and the IBB - CNBC		https://news.google.com/rss/articles/CBMinwFBVV95cUxNWEZGdXQ1M1Z5YVlueDRWcndCT19Oa0FWMWVSZUViLVdwbXdMdDc0ZWxIUjlmZjIzS19TYVdlOWsxcXFOMGdtdmc3NEV3U3hGLXhDUFY3ZUJodjczZkdKa3U0RGx5NzhmOFRUWGU1QW1DSzlzNmpIQjYzaVp6T21pSElwZTNlWHlTd3dZOC1oYW9uVXRrUUdYR0dSNndKSU0?oc=5
2026-02-03	Yahoo	0.238	Smart Investing: How to Avoid Mistakes & Build Lasting Wealth	LTCM co-founder Victor Haghani discusses a better approach to long-term investing.	https://finance.yahoo.com/news/smart-investing-avoid-mistakes-build-224200833.html?.tsrc=rss
2026-02-02	Google	0.18	1 No-Brainer International Vanguard ETF to Buy Right Now for Less Than $1,000 - The Motley Fool		https://news.google.com/rss/articles/CBMikwFBVV95cUxQM3huMW15Rzl2MFowMUhpeTZadXNzbUJybjNWbGQxenZUaTV6Zk9XakFhUnhYVW9uWGhxQ2R6MVhVdUhVUm9ZQlc5OV9XU0RIS1lhYW9DNVRRdlAzM3JNanM1dU9NSV94Z0Y4cU5iTzlQRW9mX2Y4MmxHc0hxN3VJbTE1NWxMWDd6a2Yya0V6dFZ5RjQ?oc=5
2026-01-31	Google	0.0	Crypto: VWO at Critical Level: Why This Week Matters - InteractiveCrypto		https://news.google.com/rss/articles/CBMigwFBVV95cUxPU1pGcDYyUnZPb1hmZVJJTHU5bXF4M0luZlN2WTNiclhYRDg3bWJuUVN2ZHpfUld3SERzU3BpSnFCTy11MFI4dnV3aFdVWW1Ydm00dEgyUU1uY3RqT2JYY3pQV3Fwa3dJeWVRdzc5c2E0alhVTlRxcTNyTDkzbXZ5aHFOTQ?oc=5
2026-01-29	Google	0.0	AB Tasty Merges with Indian Rival VWO - Maddyness		https://news.google.com/rss/articles/CBMihAFBVV95cUxOZGUwWXJBSTdmWTlFcXY4dkhvOWdQZ2hMMDY2cFVwSWFDMjdrN3VXRUszT1RUQkdjbVdab1k4RmxtdUhRRFVXelpReDBBR21SRmh3aDJyRHpNdGgwVkxoVDFXMEQ5UWFjbG5uUFpLd2ltZmh1SHNIazJsUE1tbDExc2tWY3M?oc=5
2026-01-28	Yahoo	-0.033	Dollar at a 4-Year Low? ETFs That You Could Play	The U.S. dollar sinks to a four-year low as rate-cut bets and policy uncertainty rise. These ETFs offer investors a way to hedge, diversify and capitalize on opportunities	https://finance.yahoo.com/news/dollar-4-low-etfs-could-155500514.html?.tsrc=rss
2026-01-26	Google	0.0	Technical Reactions to VWO Trends in Macro Strategies - Stock Traders Daily		https://news.google.com/rss/articles/CBMizgFBVV95cUxQRlZFT0Y4a0FBSUt1RmpXNk9ERmF2ZC1tYUNUbVdpUWt0cTI1em1Cb3d4bzlocXdiZmsxSkZuT29mXzdxbTV2dWl0NTZmaUZTM1BTcFRWVXY0MEc3Vk5sOFU1UXJTdV94eEJPNnlCUk9FTDRFWmpfekNxelJ4ZVpJTmRXNENwNUdEUHFMY2ZkNTFUUldXYnNuSHhiQU1qSEs4NnFrOEJvNDc5QXhqekViU3Q1WERiZy1tcDhLZGozUG9RV3B3M29RWXdsWlJwUQ?oc=5
2026-01-25	Google	0.3	Looking to Expand Your Portfolio's Global Diversity? These ETFs May Help - The Motley Fool		https://news.google.com/rss/articles/CBMiugFBVV95cUxNRGQ4WlFuVjY2TzhFWUxoT0JUejNmNlRiSnRZaUs3RmVIcmZfcUl2b2NaV1RVZEVBMU9wMFJwcUl0TmdqTVpMUTdZRmYzX3ZyNzRLOC10LXg4WnRWWlZySzI3VUxCTk9mdkRxalRIQjFqZ1A0cTV3TDZ1QUZocFFITHhqbDBJUHJHRktmUGhHSU5TNm92Umd5aXJtOV9FUUpKSllMSWFvVmVmRGFiS1ZSbFRmVVNyMDVZc1E?oc=5
2026-01-25	Yahoo	0.0	Looking to Expand Your Portfolio's Global Diversity? These ETFs May Help	Explore how differences in cost, risk, and global diversification set these two international ETFs apart for investors.	https://www.fool.com/coverage/etfs/2026/01/25/looking-to-expand-your-portfolio-s-global-diversity-these-etfs-may-help/?.tsrc=rss
2026-01-24	Google	0.4	VWO vs. SPDW: How Does a Emerging Markets ETF Fair Against a Developed World Fund? - finance.yahoo.com		https://news.google.com/rss/articles/CBMie0FVX3lxTE5VSkRiRG1pRkt4Q1VmYW42T0lvc1RFcVRneDh3b0p6aldXMnEzbmNmYnExZTVpWkdhSDMyWTd0TmFOUFJHa2JmODNmanFrTVJpcWtkeXZSSEJZdjZfQy1ueE9VM3J0d0xLQXBlMGV2aEtpMXRGMXd1YnZLZw?oc=5
2026-01-24	Yahoo	0.338	VWO vs. SPDW: How Does a Emerging Markets ETF Fair Against a Developed World Fund?	These two ETFs will help take your portfolio around the world, with each fund making longer pit stops in certain continents.	https://www.fool.com/coverage/etfs/2026/01/24/vwo-vs-spdw-how-does-a-emerging-markets-etf-fair-against-a-developed-world-fund/?.tsrc=rss
2026-01-23	Google	0.25	Daily ETF Flows: VWO Picks Up More Than $500M - Yahoo Finance		https://news.google.com/rss/articles/CBMie0FVX3lxTE1sY0xQRXZkY3dlWVMtRklhV0Q5Q1Vzd0VFcGQ2TDNRQ1RrYi1NbjdGT0tsdlRxc2dQRGxRbXZPa042VE1TMFhFR1ZsdXBYMWhFYXFnNUlrdkxQYjByaW5MUDFtcEFBUzBXeFQ1MWhETFJWQXd6ZnlUeVBCVQ?oc=5
2026-01-23	Yahoo	0.167	Daily ETF Flows: VWO Picks Up More Than $500M	Here are the daily ETF fund flows for January 22, 2026.	http://www.etf.com/sections/daily-etf-flows/daily-etf-flows-vwo-picks-more-500m?utm_source=yahoo-finance&utm_medium=rss&utm_campaign=yahoo-finance-rss&.tsrc=rss
2026-01-22	Google	0.0	VWO Forecast — Price Prediction for 2026. Should I Buy VWO? - Intellectia AI		https://news.google.com/rss/articles/CBMiU0FVX3lxTE0ycHBSSE5RbWZ0Z1FETjRtQXpwekNVaEVLLXlYVjZhT25nZ1B3RVRXbUR0S1hTNTBYYVh5US0wMGNWTzN5UWNpdkh3VW5taDVwdXFR?oc=5
2026-01-22	Google	-0.25	One Country Is Powering IEMG’s Surge Past VWO - ETF.com		https://news.google.com/rss/articles/CBMihgFBVV95cUxQbnZhbEdQbmxFUzRpdG1YSTMtblI5ek5YQlk2MmNRaVBpUTBNU1k0UElWM1oyUndTT1Npb2RPV1lzRnRaWXVnVXhuZDNUbmk1VjAtTUJ4VW90NDBnRWNuX0lxU05pTHFpVGRJRG5namFtOUc5THF1b0h0VEhSalowWGVRMldJQQ?oc=5
2026-01-21	Google	0.0	AB Tasty, VWO Combine To Redefine Digital Optimisation - Bernama		https://news.google.com/rss/articles/CBMiWkFVX3lxTFBTZ2VtdUJCMTg0ZE9zcFhfcEp2NjIyUjY3NHp0c0YyZFZ1emNrVHdJd3A5WEhmOEpjNjRzX1NhQ2tzSmhpNlo0MFpueUpRenBSOWJWLUdyU1lHQQ?oc=5
2026-01-21	Google	0.0	Singapore's Everstone Capital merges VWO and AB Tasty - TNGlobal		https://news.google.com/rss/articles/CBMikgFBVV95cUxNUG90NExBWldMalV1U09vY0QxU29BZVNCMGd2QjZCZjN0blF3M245a25Pa0xmbmRxSmRoNkQzZDAyNlEzc1F4Rnh5SFpiQXhZb1M0b1pfbkpQcmhxNTZ3TGpETWVwZmp6RUprSS1ZQzF5VXlqbDhWLWJIN3lWTXV6TGlLV3BObHNEc0tLUlNXb2h6QQ?oc=5
2026-01-21	Google	0.0	VWO & AB Tasty Form AI-Driven Digital Experience Optimization Platform - CMSWire		https://news.google.com/rss/articles/CBMiugFBVV95cUxQQXNBVzhaSGUwTkFlT0lKQnJjc1NDSkQ2NW9IU0FpbUNkVWVycFZZV0pRMWNsTEJYVE5sX05LZjlSUnhuVjhEcUF6c3lPOU5QLVhKNVZXSU44TVpkd0Y5NU5jRFJMMnp6SE1fZEVFYWFRYUxWRURDMDhKTmszM19IMDU3YnJ0bTRkZWRZbnZBX096X2Jaa0d0OElubmxwRGwxRl9Ta1puWnRuZkhzZXZ4aDFKRE9mYVNUS1E?oc=5
2026-01-21	Google	0.0	VWO and AB Tasty Join Forces to Revolutionize Digital Experience Optimization - Devdiscourse		https://news.google.com/rss/articles/CBMizgFBVV95cUxPa1czUEwwTERubmpKRUZveEZmUmxGb3lJZklnQ1pTS2kyUW9YZkRjNmtaQ1BfVUw0ZHNSVEFTMWNXaGtoS0lmTmFJbVZwZV83aDh0QkhhM1h1elNaZEpybjhNZ2NIZ2lVa3hqRVNYUlNWOE95cmtHZnpoWDVvZkZiaVRGaWsxdS1vYnJTRVVVNFQwQ3RJTFhaRTNkWWxXQ0dUakJnaGJJNThfWTQ3OElJa0JSZk9td1BHYzRhYl9nQjg3LUNSR1c2eV9HN2Fmd9IB0wFBVV95cUxOcjZFX2JOdzdzbl9ZQWQ4Vk5SdjR0VGNBSHQ0S3lSVUpPWDJLYlhjUE5TTWtXdkwxUUhiNUNBRjdHU2ZIbWtVTk9RUldJVV81SURtSmVGenJsOERCM3hzQndscExueHhQT19CNWY3T3IzRlVMWDRMVDN6dUZHZ3A2ZG1oOXZTNmJSamNVUzJiMlpYaExEQ2JTdnQtTHItZXdaQlJYcEQzeVpKeUJkZmFpWkVGRTE2RkZFT0llTWFBRmxFUGVqeC12Y19NMmtxOTNoZE13?oc=5
2026-01-21	Yahoo	-0.025	Is it Time to Make Room for Global ETFs in Your Portfolio?	Renewed transatlantic trade tensions and a complex geopolitical landscape heighten U.S. economic volatility, prompting investors to turn to global equity funds.	https://finance.yahoo.com/news/time-room-global-etfs-portfolio-145500696.html?.tsrc=rss
2026-01-20	Google	0.3	Wingify’s VWO to merge with AB Tasty; Everstone to infuse fresh capital - Entrackr		https://news.google.com/rss/articles/CBMipwFBVV95cUxQMXV6RTZieWg3ZUZ5SWgzN3VOa1RBS09SMHY0cF9OeTduOEtteEVMcjRDci1HcFFwOFRraDdncVNYUDFxODV2QlpKbjNRUFdNbkZrRVpDMDFhSEZVeFQ2NVJGYkpzR005dF9Ba1VIUTQwZndMUVBwNE9UUklYdmtmNmV6bmJiUm9MT2VvTkFjdWVHMFNlVWxMNTNZTEtmZVhpRVo2VnlRa9IBpwFBVV95cUxQMXV6RTZieWg3ZUZ5SWgzN3VOa1RBS09SMHY0cF9OeTduOEtteEVMcjRDci1HcFFwOFRraDdncVNYUDFxODV2QlpKbjNRUFdNbkZrRVpDMDFhSEZVeFQ2NVJGYkpzR005dF9Ba1VIUTQwZndMUVBwNE9UUklYdmtmNmV6bmJiUm9MT2VvTkFjdWVHMFNlVWxMNTNZTEtmZVhpRVo2VnlRaw?oc=5
2026-01-20	Google	0.0	AB Tasty - Via Ritzau		https://news.google.com/rss/articles/CBMiigFBVV95cUxQRDBJZjR2UDRvR2pUcWI1MzZqOTJoMGZjVkNTbDVfOFh3b0xlM3hlRHJjNGNFUmlyNDJ4SmlFS0hQVER0eXROSm9jRXZtRkNSWUotWWpUVHVJZVo3VTdUaktxY1dETm1EeWFDLTZMRElBcllOSDVyZjdRZC1uS3A5MXI1QmN6SVRmdlE?oc=5
2026-01-20	Google	0.0	Daily Research News Online no. 39306 - Merger for Testing Firms AB Tasty and Wingify / VWO - MrWeb		https://news.google.com/rss/articles/CBMiUkFVX3lxTE52YmFPcXhRMjFvSVpQRlFyT01XM0RhM1drVExJMkt0Vk9aZXNGYkRxZG9vcTljZGVvUU54X1Nvd3FnYVk0T1B0cWlyZkpJV3M2Vnc?oc=5
2026-01-20	Google	0.0	Everstone combines Wingify and ABTasty for $100M+ digital experience optimization platform - TechCrunch		https://news.google.com/rss/articles/CBMiwgFBVV95cUxQY0VkZHBGV2otUTNQUGlvZFplTmZfN2dyYnozcFJSYW1rSVhrS21wLXdVWlZKaER1dDlKWDFWQTF0bzgwYnBteV9QQjJtOEJvZWp4OGUtazN5N3dDemNRcEFkT3lPcUo4OEttS3B3aGROMzhqSDZxb2liYkpmUFZUT3JIYVpod2dtak5RbktjRjBIUmVsVEN4akdtbndNVkxCcXBTU3BfRzlGa0RGbjY1N3dXMjZVNXE4bkhhMzFLZ1RkUQ?oc=5
2026-01-20	Google	0.0	GP Bullhound advises AB Tasty on its merger with VWO - GP Bullhound		https://news.google.com/rss/articles/CBMitgFBVV95cUxOMGF5NGFaZ1FzTjFvc3RvdU5NUGtvWVc4MW9KR19uYTAzM3B1bU5xN1M4RWE1OXFvUThWcVV4eElJb2dySm5Sd0EySnlYU1czZXVRYklReUtFR0Fwckxrc2tSVVU5ZWZCV1owSXBPVWp1QWpmOXRhM0hkQ2M4RW1uS0lZYUExWkx4eDhsSmFVNGlPY1pzdm5tcTQ0X1ktQXBELVZYT2YxcVEzeFZLOC10YUswbWFfZw?oc=5
2026-01-20	Google	0.0	VWO and AB Tasty Join Forces to Redefine the Future of DX Optimization - MarTech Cube		https://news.google.com/rss/articles/CBMioAFBVV95cUxOTDA2UFVOaUQ2ZGctX3h1d0FXZlEta1pBakZ5ZVVfd2pnRGVkcDNjaDYxVTVsLUxSRk9PemxaM1p3MmFhQU1ocUtrT0cxektjdUtNamFubkxkNERDZ0N4T1RhZTR2NzYxSVNTSWpaam1fVjczak1WeTRmdjRjbzVORXZTSzhYSVpZZ1RnbjE2WFQ2M1Ata09hejE1VE9qMDdr?oc=5
2026-01-20	Google	0.0	VWO and AB Tasty Join Forces to Redefine the Future of Digital Experience Optimization - GlobeNewswire		https://news.google.com/rss/articles/CBMi7wFBVV95cUxQZjJmdlA2bTF3UzRrOVJIMWxLcDhnM19fYVNFVmJTbGNaSTR2dlhVRW9CY0Z6em5SeHhsOHh2TjI4aXdOZjA2eF8yalpkSGZpZ2lPcVY5YmhwVWwwMmRKQ1V0X1hyb2tLU0lyQkUxZHFoUUZqNUpCbDliQVlPZkRYUmdpbk1oTFdOY19xWkVhRGlYalBVVkktTzZoUFRCZWJxdmF4dU0tcnhDT3BlMEZnbk01dlpoSDl6Q1hmdXVpQkxyRDJYNmhwN2w0Vng3czB3S3BHU0RDamx4R1NkZ1NEWjVRV2E3Qkg2SDVFMXoyUQ?oc=5
2026-01-20	Google	0.0	VWO and AB Tasty Join Forces to Redefine the Future of Digital Experience Optimization - NTB Kommunikasjon		https://news.google.com/rss/articles/CBMi-gFBVV95cUxOeVEyaFZPZ1FfeWQ0MGFRekJoSkVTWkpjTjc1akhHSXVTN1JkY1dlSEV4T3BrSGxEd3h6QUZWQ0dFcklWRFFDakZsWnJ1clZfUVRELXJVV2RpNFIwOHVud1FJd25DeTZCd0RvcHg4MFdJTHpBOEZUbGxsNzV5bnQwelg3TGFLVmFXc1B4WUEwbFJ4ZHhJeElLWmwwWnFGdnB5QVlGM1N5ZzRoYTdtMzBmdmVpYV9yTmNKbUFmWnZ0NEh4a01oMDhJS3FDdWJodHlhMmFtc3NjRWV2STM1OGhhQlozR0NxZEtQWnk4OUQ0bU1kMmd6Y3loLVhR?oc=5
2026-01-20	Google	0.0	VWO and AB Tasty Join Forces to Redefine the Future of Digital Experience Optimization - Yahoo Finance UK		https://news.google.com/rss/articles/CBMifkFVX3lxTFBkRnZGTC03MVBHMUFyU1hmaWlaNVhNQTdFWjZVZTlwdHBpWUxMRTJPS2JMMjVFaXhVODhDdmpBY0plRS1qYWY5X09ZNUdneENfTFMySXhVZ2JRN083TWdHQ0h4SUNwOGtZeEtpYXlqTWZELVp1UHNPS3dEb1kydw?oc=5
2026-01-20	Google	0.0	Wingify’s VWO and AB Tasty announce merger, to build $100 million-plus digital experience platform - Moneycontrol.com		https://news.google.com/rss/articles/CBMi8wFBVV95cUxOQ1BlNVFMUWV5ZkQyNV9Cc2FKZXJ4SUNxVTZ4UzV1Q3V5Mnpha3lzZGhXMGIzSTl1NEV0R1JWWjZRMnpnNjQ3ZTZSZmx5N1VCWHpSYXJiUUM1a2NTOWtyN3pMeU43bWlWWllfQmdfcUg0SWtQNl9KdWxzWGtmeHNGV2EwNDBUTWZ2bUhCZU9UR2ZsSnN2LVlydGlzNlNHUjhaZWRfMGl4N09nVWQtbExjZzJsS0VBd3B2a2txQm5LRGFLa0VjdVZhWHVVY0p4ZTE3ZkxUQkZLaEJNa2VqMHNXV3NSeFV1bjVTZ0I1YndBdEhUN0HSAfgBQVVfeXFMTl96UzluS0xlTU9jZzFfWlRrSzJIRFZDQi13dVlYODdlZTZLTzViLXBndU8xcWVUam9RU2QtamtXR29rQTY2MnJmUGdPcmdJMEc3Q3NPbkpVNG9MSVhMbnF1NE5tbVU0OUNfMXVkNGtYVm8zUEk4QnlkWnA2QWRQMVBnbHA4SE80QjFfZEg0QmJtbDhFb1BaVk5rU2ExaXgzbHY1WGVsU0ZPSDY2UkhlbE5oS3N5TzhvdXE0SWsyY0ZUcUxZRDFZdjAxLUt2aWtlandDRENnZFBFOUZBeURobVVVRWUwUzQwc25WV2c0RkpDbWcycXRkZlc?oc=5
2026-01-16	Google	0.1	This Vanguard Fund Offers Affordable Emerging-Market Exposure - Morningstar		https://news.google.com/rss/articles/CBMimwFBVV95cUxQbGRrUUU2T2ZiaEpFX2RoT2J0d1AybDBQNTFXeGpvcllxZjZ0anhncWpvRW1FTFc1SEJrZmpaOWg4VjBoZVpTVG55dmhEQWZIYjJVWE1wVzh5cllUZVJjNnMzekh2d1BQREZmQzVZSlRyVTRGTng2dnM0LUxWcEVFN0NOOS1BWDI0azZ4cGdFejFVUE9MUjdGX2lhMA?oc=5
2026-01-15	Yahoo	0.0	Tap Broader Global Diversification With Emerging Market ETFs	As concerns over Fed independence, credit card rate caps and international conflicts weigh on U.S. markets, emerging market ETFs offer a path to diversification and growth.	https://finance.yahoo.com/news/tap-broader-global-diversification-emerging-150400277.html?.tsrc=rss
2026-01-13	Google	1.0	Best Emerging Markets ETF? See AVEM vs. DFAE vs. SPEM vs. VWO on #ETFBattles - ETFguide		https://news.google.com/rss/articles/CBMirAFBVV95cUxOSVJndHQteWdTdWNoQlNJeEUwb1o2SWgzN1dNV05YTm5ORVpOUm01V3g3THY4em5IdFBTTmhMY0Z2c1AzQTNtUTVNN3NLLXJzMUhkd2Z6V0hsMWFmQU1BU2VTT28yZnJLN3VyT01RX0xaWGpxUGZZa1lPTXp4M0ZXVXppc2pKeGNZakhOQWVzeWZlc09PUnQ1XzNyNUZkcFlUY2FBaklwSWFIWlQw?oc=5
2026-01-09	Yahoo	0.129	Retirees Should Give Fidelity’s Forgotten Emerging Markets ETF a Look Right Now	Emerging markets climbed over 25% in 2025 while trading at deep discounts to U.S. equities. That combination of momentum and relative value creates an unusual setup for 2026 that retirees seeking diversification should consider. The Fidelity Emerging Markets Multifactor ETF (NYSEARCA:FDEM) screens for quality, value, momentum, and low volatility factors across developing economies. The fund ... Retirees Should Give Fidelity’s Forgotten Emerging Markets ETF a Look Right Now	https://247wallst.com/investing/2026/01/09/retirees-should-give-fidelitys-forgotten-emerging-markets-etf-a-look-right-now/?.tsrc=rss
2026-01-09	Google	0.0	VWO: The Regime Change Emerging Markets Can't Ignore (NYSEARCA:VWO) - Seeking Alpha		https://news.google.com/rss/articles/CBMilgFBVV95cUxNNjVxX3JmdzZIdkFMVDVma3kwUkstX1k5aUh3cWtacENybXp5dUN4SUtrS2hfaWFhbVE1N1Y0SXJVZGczREdUVUc1aGoyemxrcDNxLWtwVU1DRDRURnk2WExFa2xjUnJRVVdwMHBDcjB1ZUhQNk04NXBrVWEyMmJ2RzVQa2wzVzJ2eXlTYnhZM1ZTMnJPVEE?oc=5
2026-01-07	Yahoo	0.095	6 Top-Performing Emerging Market ETFs	Investors may have overlooked one of 2025’s strongest market performers: emerging markets.  The MSCI Emerging Markets Index rose 34% last year, nearly double the  17.8% total return.  Emerging markets’ last heyday was in the early 2000s, when China’s boom, a commodities supercycle, and a weak U.S. dollar powered a decade of strong growth.	https://finance.yahoo.com/m/9157b5d0-34a9-3b24-8762-25e35042b6b6/6-top-performing-emerging.html?.tsrc=rss
2026-01-07	Google	0.0	6 Top-Performing Emerging Market ETFs - Barron's		https://news.google.com/rss/articles/CBMikwNBVV95cUxNVHNNdF9wVE1RRC14ZndXZmlxRThmdG5kMzRjY3ZEbDJnbWlnTWd2SzBsd3JrLUxFbGtwZXAwaVptRE5OdUVlTloyLTlmbmFDTW0zdHhPV0ZMSk9qNFQtZnhrRVJDUmJyVzctUEN2ZEcydUNPWl9pZHpwNGQ3M2p2cl9jMGV5WklEdTdLWG9BRVJNd2Z1M2ZBOFZsanRRTGEzSHV3bDBFejB2Y2x0bDJBRmhrS2h4VWhGZXpmV3BoeEpOZUFOdHFnWXBVMDZZMmprbHhtbEJOcWZIRVFlTDQyM0JFdWN2eDZQVmxyUjJheTNCd1JxRTZpN3gzdWVjdE9uajk0Z1FveWx6cnFTd3J0WkFzZG9WcW9pYUlvc29pWVRnaVJMTDA5RmdmbE43VzFZYVE5bDRDeTFxNkhOYUlKU2t1ZHZoc1NHUjJNOEo3dFUwM01ZUzBCUFk4bjVLZU16eUQ5MHYwejROYmsyZEFMbkNxQjdoWnNWMlBJZHJNSWM5YzAxSnJ2V3lOLVFYMGhDM2hJ?oc=5
2026-01-06	Yahoo	0.0	Should Retirees Buy This Asia Focused ETF in 2026?	Retirees seeking geographic diversification face a fundamental tension: emerging markets promise growth but deliver volatility. The iShares MSCI Emerging Markets Asia ETF (NYSEARCA:EEMA) exemplifies this challenge, offering concentrated exposure to Asia’s developing economies amid political uncertainty and currency swings. What EEMA Delivers: Growth Potential With Geographic Concentration EEMA provides targeted access to emerging Asian markets ... Should Retirees Buy This Asia Focused ETF in 202	https://247wallst.com/investing/2026/01/06/should-retirees-buy-this-asia-focused-etf-in-2026/?.tsrc=rss
2026-01-06	Google	0.0	Should Retirees Buy This Asia Focused ETF in 2026? - 24/7 Wall St.		https://news.google.com/rss/articles/CBMimAFBVV95cUxNYnRoMEtUTjEzWWRVUjhIdWlMZVpZUi1BRHFyNGdBWjJweGlKTklVa3k2ZXFLeVlHUEo0bGhoRG8tN29mRi1SZVdueVFUWm9LeEs0OWhnTG56X1haTXBNRHVLZE4wcjBZUmFYd3BGRnctUVlSOFlqeWVhT2gwQnlSUktjQmxKb0FuYS1lSTZOQWk1OHZmN2ZseQ?oc=5
2026-01-05	Google	0.0	Flags South Africa's Policy Reset in VWO - EBC Financial Group		https://news.google.com/rss/articles/CBMijwFBVV95cUxPNktPVU12bUhNWmI0ejZhNFVhUF9KOG1VeVg0T0huQkRTeXltMnk0V3VudWVxOXJvMXVIbXZGQVY5T2RoWTRwMHN2dXFrcjFVNmxKMHhhdmhaUHhYdVBsNmxLWXQ3NFVxNkRaRFVwRk52MC0waW9WVUU3MUF5QTFOMUR5UmluWC1EV2cydUZ6SQ?oc=5
2025-12-28	Google	0.55	Better Emerging Markets ETF: Vanguard's VWO vs. iShares' EEM - The Motley Fool		https://news.google.com/rss/articles/CBMipwFBVV95cUxQbXVqVUJWbWQ1V2w3THVyWlhQdjhBX2xxSHZoOFRvZ0pPUGNjdFJ0OGVuNlptbnFqSWFEMDFubDAxZDkwTHZqWjZlWmVTZHBaNE9tYVc0ZktJWjNEeHhaelhobFBjTVprZndjNEVQM180TFRva0hXME54YkJrcXpkd1ByRFNXWmliY0VuRWZLYVotblBrdFphVGZwUmQxV0hvRzJfazh6cw?oc=5
2025-12-28	Google	0.5	Better Emerging Markets ETF: Vanguard's VWO vs. iShares' EEM - Yahoo Finance		https://news.google.com/rss/articles/CBMiiwFBVV95cUxQdDVlUkJaNHdaak1FYnAzQzRRb1QtZjVBQk03QUhFRm1LM2Rnek8yUF9XUjV0cVdkUW54YjIzOHFzYW5TZHNJQU9nWjdKRzdqaTlSaUNfOEFxLUlZYjlqZnZUcmZqVmFZcThwQnZIS2FKQllhR1dBNGVVMFFWQ3U2NjVsZmFFNHJ2Mk9N?oc=5
2025-12-28	Yahoo	0.25	Better Emerging Markets ETF: Vanguard's VWO vs. iShares' EEM	Expense-conscious investors weighing emerging markets exposure will find key differences in cost, risk, and portfolio breadth here.	https://www.fool.com/coverage/etfs/2025/12/28/better-emerging-markets-etf-vanguard-s-vwo-vs-ishares-eem/?.tsrc=rss
2025-12-24	Google	0.6	What to Consider Before Adding This Emerging Markets ETF to Your Portfolio - The Motley Fool		https://news.google.com/rss/articles/CBMijwFBVV95cUxOaTQ0SHBpSV9obVV2WVNfNUNPMEZOcjRTVFMtaXlvdjZBd2ZJWkxUYklyaHlCUTZHQTVZTnFZbENHWmppQXNGc01rN1RRLUs3X2JhRUx1QkdTVFpmaFB4b0o4RGlJc2diVGNFT1lReFd5STFrZlkyMXdBU29BZjNRUXRfUkdLdlQ1RUYtWlJpRQ?oc=5
2025-12-24	Yahoo	0.0	What to Consider Before Adding This Emerging Markets ETF to Your Portfolio	Emerging market equities bounced back in a big way in 2025, highlighting the advantages of this cheap-to-own Vanguard ETF.	https://www.fool.com/investing/2025/12/24/consider-before-add-emerging-market-etf-vwo/?.tsrc=rss
2025-12-23	Google	0.5	The 5 Best Emerging Markets ETFs to Buy in 2026 (Simple Guide for UK Investors) - MoneyMagpie		https://news.google.com/rss/articles/CBMiakFVX3lxTFBSMGFTY0ZkVE1PSTFXcDkwT09JNzhabk05ZkR4elhFbi0xcU9MTWR2SEJuX3pseFV0MFp1UklIZzFkdjhBZTVVaFdQUWtSNl9QUzUzRlZYelNkZldSdy14blhjT0NvMm95WXc?oc=5
2025-12-21	Google	0.55	Vanguard vs. iShares: Is VWO or IEMG the Better Emerging Markets ETF? - The Motley Fool		https://news.google.com/rss/articles/CBMiswFBVV95cUxPT01nSWotb3U5czZKUWZEU3lkR3VnNFBJcXBQOHJUN0NCdjJReXJ0WW4xMjU3WUp5X21iLWZQVmlKbjdZeGxUWUUzWGFCUUlsNHlobjh3YWt4RFRHcmdDc0lTa191akhkRW82UmpSUDNPQ1BaZFR1WDlSa1FCamQwY2ZMai1KSnJOUXpZZDBNVTU1TFRyZUcwNjNOMktzWjJZcVhINE5PbWpnRVM4UDlPelJqMA?oc=5
2025-12-21	Google	0.5	Vanguard vs. iShares: Is VWO or IEMG the Better Emerging Markets ETF? - Yahoo Finance		https://news.google.com/rss/articles/CBMif0FVX3lxTE42RUcxRTFjbWFBUFVXMGxOeXVnbS05VmF0V1JCb2htLWxMWFE2aDRVdHRZRnJHZkZFVFBlRFB1VnlRcmdqLUVlU3hYVUh5Z1RFOENNMkdvUk50WWlnX0xhbmZqQTRaMzYzSkxqa3VtdnpvbGxuQlFPVnZLdnk3aEk?oc=5
2025-12-21	Google	0.5	Vanguard vs. iShares: Is VWO or IEMG the Better Emerging Markets ETF? - sharewise.com		https://news.google.com/rss/articles/CBMi0wFBVV95cUxPNjRpTVdFZDhTcXhrN3VSU1hPVEhDd1R2YllEWjNDM2FRanYxZ2J1aVhJbFBmeGRaal9yQ3hrWnRSa29fQkpQSlZHcmgtcGpYMFc3V20wby1sVVU0ZTdNaW5FWHI4M0txdDVObXUyemNSZWhDQTZZRFVsdzBQTkczS2pHY0RZQkJrQVNiMnBjZElCVGdGQTY2UGV4NFJrN3BVd2t2X0NuOWFaRElaZ0FPcTE4YmpCUXEzaWhBbkZUOTlMcnFndUdmTkIwbjV3R2pUUkEw?oc=5
2025-12-21	Yahoo	0.278	2 Vanguard Index Funds to Buy to Beat the S&P 500 in the Years Ahead, According to Wall Street Analysts	These Vanguard index funds provide cheap and easy exposure to international stocks.	https://www.fool.com/investing/2025/12/21/2-vanguard-index-funds-buy-beat-sp-500-wall-street/?.tsrc=rss
2025-12-21	Yahoo	0.056	Vanguard vs. iShares: Is VWO or IEMG the Better Emerging Markets ETF?	Subtle differences in cost, holdings, and risk profiles set these two emerging markets ETFs apart for globally minded investors.	https://www.fool.com/coverage/etfs/2025/12/21/vanguard-vs-ishares-is-vwo-or-iemg-the-better-emerging-markets-etf/?.tsrc=rss
2025-12-19	Yahoo	0.217	Level Up Your Portfolio With These Emerging Market ETFs	Emerging markets show strong momentum. With diversification flows rising, a weakening dollar and potential Fed cuts, here are the ETFs to tap the trend.	https://finance.yahoo.com/news/level-portfolio-emerging-market-etfs-153400818.html?.tsrc=rss
2025-12-15	Google	0.0	Wingify Acquires AI Startup Blitzllama to Strengthen VWO Platform - Siliconindia		https://news.google.com/rss/articles/CBMiywFBVV95cUxPN3hUTVQydm1jVU9JTHFCUzdURk9LTUxqN2ZPMEVKNi1fQ0w4MjFwcjlZcWxXMnJGbWF2cVNfSkNhSmpRTGhzaU5ZbnpESW9kd3NQa29aTHI0dFc5akhaQUZqTzVzZ0RSRDdMZF9MSkIzTnJMdTQtdndvMFNkUFBWZHNreVU0MXVpeDFJUjZwZDlDczdGeVYxVGw2NTJXLVVjWUo3Yk03bjZuZWc0NGV0eUk2cXFZTWJ6LUUwYkNVWXZyTHhfR2oyclV0UQ?oc=5
2025-12-15	Google	0.0	Wingify Acquires AI User Insights Startup Blitzllama - Entrepreneur		https://news.google.com/rss/articles/CBMirwFBVV95cUxONXR5OU84aTZVb0lrS0lwb2xPRFY2N2l0Ym9fRGZDNWRqN1c0azRzazJFZktPWHpUd2hqcHpzQkhkZFhvaFpTclQxLWNfVWQwNE5ucHBlQnhmdENnemlEUDV4Um8yVW9FV2k4cnEzWEl6Qmw5UGkxUVE2aVoyZEoydWtMd2RvenRzOGRxcV9PanhyeGd5c1BVOVRpTks4WFNHSWpiMHZnc0VRSF9MSVBV?oc=5
2025-12-15	Google	0.0	Wingify Acquires AI User Insights Startup Blitzllama in All-Cash Deal - Indian Startup Times		https://news.google.com/rss/articles/CBMirwFBVV95cUxPSmtzcWk5a01JakdmNGRnSnpvQWROODUxYW04OUFRNVlYaVdkUmtfUUdaRmlBZ2FoYzRQci1FcjBnOWlUQ2tJSGlFR3BCcnhucS00NXBtVk1HM0VHSExESUZ2U0pkYnJ1X0lSanBxWXpmQlN0NW1wMjItZWNKWG45c0ZWNG4zMVRsV2xiUS1uZXYyWVM5S2ZuYndQU2ZYVnk4LTZKR2hPaWw4NERzbzkw?oc=5
2025-12-15	Google	0.0	Wingify Acquires Blitzllama to Deepen AI-Powered User Research Within the VWO Platform - CXOToday.com		https://news.google.com/rss/articles/CBMiwAFBVV95cUxNblg1ZmFId2NLNmlPWHFUNHhSZFItNlJGbl9Ea0VqTEdFVnduQUlUUTJZT3BEOVhWYjQ5TE9aMVJOSmxuYi01R2RKaTNNVGU0d2dvSThGMUkwSHY4WGtvcThZV2lZeHBFaTRvLUx1Q2JxMlc5TXBHM3RPOHZvVTNvMW1UT2ZHN0JhWUU1S19NYXdXeHEtTEE2bS01UkdJV2R4TDlRTmFvWU9saE9Bc0x0c0lGOWlISXZPbkJaVng2V04?oc=5
2025-12-15	Google	0.0	Wingify Buys Blitzllama To Give An AI Boost To VWO Platform - Inc42		https://news.google.com/rss/articles/CBMiiwFBVV95cUxNYzJIQkpVMFk4MmRYUFRVY3RiN1BGY0ItLUk4OW9obEZ1VU5Ha19jN29RSzJyOTlBOV9QMVBhYjJEby1yN284eUQyZHJ3a2lVZVp6S2h5RUVCenlmeG9heWtxVjFGVUxKWHEyRy1OZ2ZuU3U2N3MzT2UzdnVIaFNrUVU1aE5zX0NNMGgw?oc=5
2025-12-15	Google	0.0	Wingify acquires AI user research startup Blitzllama - Entrackr		https://news.google.com/rss/articles/CBMilgFBVV95cUxOZnRrQ0JZa0NNNWxyeXZUeW9PbkZ4Wk5MZnZHbTBmRWRuVzhISHEzOGZnNUd4TjBkU2phU2xDX0VvWXJQWFE5NjJkc3U3Z19HSC00VzZvZFJXTUdpcmFaZHoxbERLWjhTSl92R2F3Sml1dWhGOWZJNU1KemxHSWoxV0FmSFA0dWRWQWJkMm5sX09aRmxjRlHSAZYBQVVfeXFMTmZ0a0NCWWtDTTVscnl2VHlvT25GeFpOTGZ2R20wZkVkblc4SEhxMzhmZzVHeE4wZFNqYVNsQ19Fb1lyUFhROTYyZHN1N2dfR0gtNFc2b2RSV01HaXJhWmR6MWxES1o4U0pfdkdhd0ppdXVoRjlmSTVNSnpsR0lqMVdBZkhQNHVkVkFiZDJubF9PWkZsY0ZR?oc=5
2025-12-15	Google	0.0	Wingify acquires AI-powered user insights platform Blitzllama - MarcaMoney		https://news.google.com/rss/articles/CBMikwFBVV95cUxPV3JSWGk2NTQyMEJhcC12M1JXSzU4MEJEVkxPR2hQOHZGT2ZBWVh0cVpSVlZJNjFkRkVZbHJpNE1oZlNQOWROWHVLcVVuWl8zY3JlU2drY0ViOEo1ejRmc2V2Rnc3aGNQcmxDV2lpQ0RIN0lSdHU0azh6eDZpbzFwanhpdXRqV0k2aWFpWVYwSEw5cXM?oc=5
2025-12-15	Google	0.0	Wingify acquires AI-powered user insights startup Blitzllama - Indian Startup News		https://news.google.com/rss/articles/CBMipwFBVV95cUxNQjJNNXFxTkprazNPNDE5RktSUmVvaDZFY0ljcmNxMUJCVjZ3U2V5R0o1Q1JCdGlGZGR3azVnUFlwSnc5UW5QS1VYWFlfZUlXSXpFVV9EdlZROFhIeFM2UVVtVUNGa1A3cWtwRjhOcl96QU1vOHlyN1BCNkhFWDZGMWd2YUFYQTh2eTZiN3A4STk0dVptanlXUmNSWFB6MFp4UUx1R3FKNNIBpwFBVV95cUxNQjJNNXFxTkprazNPNDE5RktSUmVvaDZFY0ljcmNxMUJCVjZ3U2V5R0o1Q1JCdGlGZGR3azVnUFlwSnc5UW5QS1VYWFlfZUlXSXpFVV9EdlZROFhIeFM2UVVtVUNGa1A3cWtwRjhOcl96QU1vOHlyN1BCNkhFWDZGMWd2YUFYQTh2eTZiN3A4STk0dVptanlXUmNSWFB6MFp4UUx1R3FKNA?oc=5
2025-12-10	Google	0.0	VWO ETF Climbs 0.8% - Moomoo		https://news.google.com/rss/articles/CBMibEFVX3lxTFBKemVDcmd2MGthekx2M2VzNVg1MG9aVWxlTVRHcENWbmtkU1ExbEFndUI1eE5ISzJQSnZCVk1LVHVjaHRxRUU3MXJVZmFwR0dHQmduYTMzSnQ2VmdwRTFfZEJnUU15Uk84SXNRUg?oc=5
2025-12-09	Google	0.0	Noteworthy ETF Inflows: VXUS, PDD, VWO, BEKE - Nasdaq		https://news.google.com/rss/articles/CBMifEFVX3lxTE1ZY0FaNnBTa0FubTlVUi1iZzFTMmR3dGl1bUJpdmpYUzNOWjB0cGNxbjkwLVZaUldPTVQtYnpJdTRpYzNaaFk2QUx1RVVEemQ2RDNQWHJ4RV9zRTlkdXR0eDNHQkJPOUU0X3VHVW5JRXYxd09LNFZQS1dSdlU?oc=5
2025-12-08	Google	0.0	The Everything Rally Endures As The Year’s End-Game Unfolds - Seeking Alpha		https://news.google.com/rss/articles/CBMikAFBVV95cUxPdHFPRmpYUlhvRnZucTh4TmlPR2pYMDZSTlEzeTNkbGtqclg2MVJMXy1GMEVwczhta0x0ZzlVQ01HVjhHbGt3dVFiVEhqWFFRMmVkN19kXzcxOUpkd3ExbUpZYUk5YmREQ3F4MFFfMXJ3Y1N1TWI0T1lZSUtWUlNzRTNwSV9nc2VqNVAtNXotZTQ?oc=5
2025-12-02	Google	-0.3	Girls outperform boys on tests but receive lower secondary school advice, study finds - NL Times		https://news.google.com/rss/articles/CBMiqwFBVV95cUxPWlc3OFN3VnN4V241OXAwLVdxcjBvc2hoeTd6aTV0b0E0SmxfZ0R2SmdUcVBieGJMekxlX1hyUndWeE1reHFSMzhiSzFObTFDczdvSGNYY25uQzdQTlJJcGN1alFQWW50NmFMWEVNakQ2S1lXSi1zQnVVRTc1dGRVTEgxU3pkYTg5Ri1ORFh0cU9EOE42NDVxaW1JdVBUUW14aDJuMjBxbDJUMU0?oc=5
2025-11-29	Google	0.3	2 Vanguard Index Funds to Buy Now -- They Can Beat the S&P 500 Over the Next Decade, According to Wall Street Analysts - The Motley Fool		https://news.google.com/rss/articles/CBMimAFBVV95cUxNa2dkZlhJS0Y0TlI0ZUdBam5pWWJXU1JoZm56aW5LMFh1dmJzZm1yZVlkTnoyQVBETzlDRWtTNGtvajJ1UUtmSllyd3RTcW1WWXRsZ19XWkpENG1HMDRMR2FxUTlBdDhmLVRCUGFTdm1rZ3djU21VVzNtcEFkb09Jc0h6R1ZXaDZWTUhybzNBTUo0YUZPdDd1bw?oc=5
2025-11-17	Google	0.0	Wingify profit drops over 60% in FY25; revenue grows to Rs 386 Cr - Entrackr		https://news.google.com/rss/articles/CBMimAFBVV95cUxOS2xLWU5RcE1FLVMwSjJydkdKMFcwRFR4d1NXVGVzbHVaLVJydVRXOUJOQ0diSGlHd2x0REVJcE5IVHJ0amY4NnFyM09EU25Pa25Ua0ZXX2xSUVlFRnJicEQtUkpPV0JLS2w0bFUtVkpTMHpQaUhPVTBtVFZOSjhBVWppTzB3WTFvX1ZMUHZZZnVUUHhzWW01WtIBmAFBVV95cUxOS2xLWU5RcE1FLVMwSjJydkdKMFcwRFR4d1NXVGVzbHVaLVJydVRXOUJOQ0diSGlHd2x0REVJcE5IVHJ0amY4NnFyM09EU25Pa25Ua0ZXX2xSUVlFRnJicEQtUkpPV0JLS2w0bFUtVkpTMHpQaUhPVTBtVFZOSjhBVWppTzB3WTFvX1ZMUHZZZnVUUHhzWW01Wg?oc=5
2025-11-13	Google	-0.3	Explainer: How does the lottery for secondary schools in Amsterdam work? - Het Parool		https://news.google.com/rss/articles/CBMitwFBVV95cUxNUXNNa1FuQ0lvUENpSUNkcElJa0hXVUFNNXZBU1ZBMVhPcFhoeWlZNE1KcmhTTTVFaE9INkQ2d09CeW1TTXZkczlicWp5T0s1VkM0WDlucUJUUy1DaS01U1Vja2tvaUl4VG4ybFBPRm9tV0NzMEhjTzI3VHZlcXhzY0d6cHpqbk5VbW5pemRicnQ4ZGF3RTl5b19lQkQ2bWxPMXpLY1h3MmtQTGFPT2dWcW9INjUwRTQ?oc=5
2025-11-06	Google	0.0	Noteworthy ETF Inflows: VWO, TME, YMM, BZ - Nasdaq		https://news.google.com/rss/articles/CBMieEFVX3lxTE1vWGxybm80YTJMdHp5bV93ZXFDc2hkQ29xRlZZVFVXWU9yQUZqNlhkNFRKa0JLeFlobEhJLUhpTjI3akF0eDFOX29jRUR0MGVaZEExYjR0X3JLNldwUk02X05hVG9rS3hYZHItcW1jS1hwczhhdGpCVw?oc=5
2025-11-05	Google	0.35	Vanguard VWO Offers Broader Emerging Markets Exposure Compared to EEF - The Motley Fool		https://news.google.com/rss/articles/CBMitwFBVV95cUxOaUxybFctOXlHSjRuVmV6dE1iZ1JlSkd6R3lmZ3ZlRXZ3cnUyM1ZpUlc4R09QT0F3SmdjM3JJd0lwWGlIcmtzTEIzeU9JTFJ2SFl4SWRzWDc1OGNwdldZd0hmVVdNbkZhclc3eUVBWWlEYjRsT0pVa0NMZTkyVlpLMjNSYnkxVWtNdW93cWFkemZ0emtLUmZ1c2t4QUlVYy1EVWUxcTBGWDQ3X0phNjdqUGc0bVo4Ylk?oc=5
2025-11-05	Google	0.1	Vanguard VWO Offers Broader Emerging Markets Exposure Compared to EEF - Nasdaq		https://news.google.com/rss/articles/CBMinwFBVV95cUxNa1FlZURRbklqU19ZRDJnUkRocHNnelB4S2p1WmhjQkxtOGk3cUJ5TXQ5b2d3eHJUaFJXR1dDTW9nSzhSMmM1WkFMemMtSG9ZQnpNMmhtcmJPampGSGQ5d3YxWUVxM3l5XzNNR2hETWdKYkd5SXhKSXJKcmRLMlVPZThwajljb2d3THNvYVBGTVBKRFNYeVdoMjJCRUFtNmM?oc=5
2025-11-03	Google	0.0	VWO: The Case For Emerging Markets In A Rate Easing Cycle (NYSEARCA:VWO) - Seeking Alpha		https://news.google.com/rss/articles/CBMingFBVV95cUxPOERLd0xmYlBxdUFubDdMVk1NU01pRkJiZWJjUnE0a09Dd1FfWmJDVGExLVhUaUZLSS15a003eHpmS2x1ZmFRQUpGZ0cxQkNYTlVjdjFNTjNPcU13X0VBX1FXQ1VOQ1dpOW52UFhfRG5YVWUtRXA4YXZxd1VDclRHRjBDYzBXcmRKZEN0VjlUa0hydjRkMnpmRW41NlRMZw?oc=5
2025-10-22	Google	0.2	Market Meltdown Coming? These 2 ETFs Are Ready to Surge If Stocks Tank - 24/7 Wall St.		https://news.google.com/rss/articles/CBMiswFBVV95cUxOQ3N0OExaY1F3NXZSakkzSW1IU0RZV0EzdzRCM1F4ZEtoQkFEYUl2TkRZVk04R1ptVXVmMm1VeF9fdHZOR0N0eEFnZlJfQUI1YzlOeXFyejhyam9kUnQ1V0FsMzA4VkRudUYycjdGNEVQbzJScGFvWGpEOUJrME1VM0hZLXEtemQzUGNUN2pjd0hBelppVURwNHRpelY4UFVvRUY5VGRsd1F6Q0VJWXhpVk5Maw?oc=5
2025-10-22	Google	0.2	Market Meltdown Coming? These 2 ETFs Are Ready to Surge If Stocks Tank - Yahoo Finance		https://news.google.com/rss/articles/CBMigAFBVV95cUxOMERVdjlZN2dTQzZ0X2gwUFhiTEVvRDI3TDBmeWFZZGJaVUVnLUV4TXRtd0RCYTVJc0MtN2FSRmYxN2tTQ08xemdkTUh6Z1lIYThYc1dXRnRrdEpvQ0ZNenFaYkJyT2F2X1hPTzRfN090S1pRZWx1cFAtQVZKOVU3Vg?oc=5
2025-10-14	Google	0.0	Video: ETF of the Week: VEXC - ETF Trends		https://news.google.com/rss/articles/CBMif0FVX3lxTE1Xb01HUkMxSHhSaHpOY3pOeFNRSGlwOUZUTzBsQXFtUlJUM1YzZkxUeHM2X19Sc0NvbWNfYWlvVm5qT0w4ZUFCNDl6S1plTnpJem1YOXo4WkxERHBOeTRfemVxWGlKZjhYSmRQVkE5Z3VJSTJZVnBaOUJpc09BTjjSAYoBQVVfeXFMUHBxdURMbFZWM0tsSlNvSmxNNjJnQnN3d2FXQXhfdXkxRElwZW9YZWVmZkQ0WTMwOW1WRkh2WjRWMmxMcllQQXFqaF9OaEtqT2VKb3lJeE1VazRXREJnNkdleGpVSk9jbmtXSkNLaDNOS0RyLU1JT1YzZVlyZW1ycHpQZXRHdWU1d1J3?oc=5
2025-10-11	Google	0.625	VOO, VEA, VWO: Which Stellar Vanguard ETF is the Best Bet? - 24/7 Wall St.		https://news.google.com/rss/articles/CBMinwFBVV95cUxOZlJINVZ5R0gxd0lmc3J3djhmSTFVb2hNQWZyUDBSdW14NGdzeVhuVTJFdl9vRk9qVnprSU0zX0RaejRoclFTMVNYOGJsV0w0XzZHMHRKRi0zalkwWnpTQ2dUa2NZai16OUlVVGs4andhSFJYWDNWeUlxVDZrMVQwMFlTdVotNTNMazNVbFNHTktEaXhGSHgwSDktZ2tzVFk?oc=5
2025-10-06	Google	0.5	Stocks in Emerging Markets Are Crushing the S&P 500. Should You Invest? - The Motley Fool		https://news.google.com/rss/articles/CBMimAFBVV95cUxOMFZBZ0tPQ3N5WE9YMjNMN2c4ZThpWHljM2FhOGNoWHA2cE5wNDl4R3l2dE1mV3EtT2hiSWNHeGY5SUhFVmNQdEF6SHFlMVlPbjA3ZllGZFhPN1RhRl9DcWdKNGdzX1V3RWlzQmR4enRHeExMN05TU1pSckNibVllMGRwNUt1WEpZTUlRY1FLcEpaNUdGVElWSA?oc=5
2025-10-06	Google	0.4	Stocks in Emerging Markets Are Crushing the S&P 500. Should You Invest? - Nasdaq		https://news.google.com/rss/articles/CBMimAFBVV95cUxNNlNQMmp3RS01cWhpQTc2NkJNYkZBVVRLMGc1ak8ydUg2Nm43SHZPZzhrZFo3WHhIYW5Cbkd4ek04Q0EtTy1vdC04ZVFmTk94Mk1neTB5Y1JTMWZ0Y05tSWdzRGdyUnlaRHBlZTd1UmRSdWllaUNadzRyemoxOXpoM0ZhbkVWcjNSamp3bVUxbk5TbGtOaF8ydg?oc=5
2025-10-01	Google	0.062	Major Asset Classes: September 2025 Performance Review - Seeking Alpha		https://news.google.com/rss/articles/CBMimgFBVV95cUxPMldMNHVnYmhvQmRJNGVYU0VSYTBDZ1lLWk95RVVDZ2l2dG15clMydkpWa2huTDcxY2JtS19zWEtkRF9KcnI4dktKMEZiMExVQUhxVm9XMlFVNWIwLWpSY29wbXg0alhaakNwYWxoa2dVc1BXUUZXb3J6MFFJcUlIaXhiVF95dVQyRzFEbjVOQUNCMWRxaGdJWDZR?oc=5
2025-10-01	Google	0.0	Wingify aims for $100 million ARR in two years, backed by discipline and profitable growth - CNBC TV18		https://news.google.com/rss/articles/CBMipgFBVV95cUxNTUVmMWNyUkdSTEJmdjJ4cXI1SW5vUzNheGlOU1pRdGJMYXRSd2JWRERLbDBmX1NmYXpuakJZQlUteGViLThGRDJJUnFuNHc4ZUdOUzJTWFo0NWU4NjJOcnFpZklsT25yd0lVekczQnJ0a1FSdEowWEh6MWhTQnFDdE1YcVZUZ185bUwwbFRTbG01VEdXaGdoYmFtQzB2aXNoWnhfd2dn0gGrAUFVX3lxTE04eDQzMjhORXFfV1VLM2g1LW1VQUd1ZWxNeDNBY0haeW45WTUwNF9mTWpQM0F4WlU1MzN6Y2dLTjl6WlFvajBmeEJvQ01YZDZmY2R4ME1FeEdKNDVzUEFCQkVoZTVGTkN1UElXcy1kWkc4dFdackx3NlpreU1Eb1hTX1I2dXZDQ2JKazNDQjhQWlFDWjlvZ09OU05haTU5Q3JPQmJrak45ZjlHRQ?oc=5
2025-09-27	Google	0.5	Vanguard’s Emerging Markets Stock Index Fund (VWO) Top 25 Holdings - TIKR.com		https://news.google.com/rss/articles/CBMikwFBVV95cUxOLU9maFl2M3FVN2hBQTZ1SjRxdHMtT1RIS08tUjU2ZWdpYWpwVXpCWGQyRmF1eXRUdjlPc0RNdTh0U0dpRHF4TkVxSVUzRldNbUZGc2FhRS1ITEx5bGg0ejE0eVRHTWwwaV9iZ29YLXRweW51NUplazRNc1hFYXptc19jTEVpb3M4ZEZiUnhxZ2pQVVE?oc=5
2025-09-27	Google	0.0	Vanguard FTSE Emerging Markets ETF (NYSE:VWO) - intelligentinvestor.com.au		https://news.google.com/rss/articles/CBMirgFBVV95cUxNdTVsMG9VcGlDRjlBMi1jM2x0X3VNMTJSSktjLUlZOUJnLWJ1T2QtdDVMUW0zSW52VlVFdzZtekRxN0RTZ2lRNEpKSFRGQVdrR2V6S0ZlT2VzNGJuZW03NlR2d2VRRzhtZmFScnRGY0ptalpoZzNCRks1NUJ4WTdUU3lrd2ZIcUtfNTh2anNONk40eGtzX0ZxUUVYcjVoLURfR2hudXI5YmIweHRkZEE?oc=5
2025-09-25	Google	0.6	How to Invest in Vanguard FTSE Emerging Markets ETF (VWO) - The Motley Fool		https://news.google.com/rss/articles/CBMigAFBVV95cUxNNm1WVzBNYk5RbE9DeDRmcGNDSHFraWFhTVNhRzlvNU9UU2VsRXQ2SHBQQkVFLUN3VktSSHNPWFY4S19ReXNNSmlVRVh4OTB0Q0VhQ3FQQ2l4OS13V0JWNThRbzFxSnNvSUhmaXhCaEZBV1AyeUNmRi1mX2haVG5TWg?oc=5
2025-09-23	Google	0.36	Is Vanguard Emerging Markets Stock Index Admiral (VEMAX) a Strong Mutual Fund Pick Right Now? - Yahoo Finance		https://news.google.com/rss/articles/CBMiiwFBVV95cUxOQWZKakJYSEptWFItLUsyUGJMQU1KMW5mWnlBdnZsaU5oXzBXOTZlREpvNHpYVk9pWjlFdjN4YnVscmlWcnJmcFVEdTlhQWxCZjZZT1pyX0tfeHp4Sl9SSE9yUEF2eWhRTl9tb0xTYzNPZmhpUVlOOXZsTkc4X1M2QmVNVEhxd2R0ZXRV?oc=5
2025-09-19	Google	0.0	VWO: Large-Cap Emerging Market Equities In Focus (NYSEARCA:VWO) - Seeking Alpha		https://news.google.com/rss/articles/CBMikgFBVV95cUxOaU1VQmFzU1lCUTVyRVBCajhCNEZVNzlraVk1RV9MOWtnbGxxRnRuLVRxRWIxb25yU2IyQW5WUmVFb01TZGZkQllVSEQ5MjRfdzQ4QmN3ODFtczZ3MVhOcV9jSEJudW5lU2QyR3NiXzd1djdTNzRJN0hXYy11bWlRbzNRckp1dlJNa3BvaHVVMk1VQQ?oc=5
2025-09-18	Google	0.0	VWO ETF Declines 0.5% - Moomoo		https://news.google.com/rss/articles/CBMib0FVX3lxTE44RjNCVkJ4cENDbkxOWU83TGhRWF9OT2xkT2pYLW95clVRdjRYaTNKMHVtdjFkc2RqNk9zMXR5cV9KemE1UHJBdmFLMl93eXYwRVdVeHJwcmJfcWktZDR1YmlKbVdiTXY1U3lHVW9rbw?oc=5
2025-09-17	Google	0.0	Push Notifications Statistics (2025) - Business of Apps		https://news.google.com/rss/articles/CBMiowFBVV95cUxOSE0zbFA4d3NLeGJuRHVPbG1GQjR0NEN0TFJ5YVBFWlowZlRlTms3ZjJTeC1pVmZRVDItYmFEckxSVVZreWJGZ2ZQTnlRd2tJWnR2NGtHZGlrZWpXMGhxcmlHdXV1elNXVGRyWGFSZldDdTA2cTg5MnA0UGpVU01aWmdhZUg3SXk1NHBveU1yaUxVUnVzT0ZYWW43Yks2elp3S0s0?oc=5
2025-09-09	Google	0.5	Notable ETF Inflow Detected - VXUS, VWO, BEKE, TME - Nasdaq		https://news.google.com/rss/articles/CBMigwFBVV95cUxQcGFVcHZVRkdZbzFvVXBiZEdob05MdkUxdWZYbWhlalFmTHFvWi1hQmxjSm0xcWpRWi1scDlMWWc1ZXhrT1BLbzVDV05nUDhUS2d4aTVwM0c0TE5MN1kzOFBJRWZfRElPZ3cyRWFEaE5YdGhJVFpkZmx0S1N5UjJ5X0VtNA?oc=5
2025-09-08	Google	0.0	A Focus on Well-Known & Lesser-Known Dividend ETFs - ETF Database		https://news.google.com/rss/articles/CBMikAFBVV95cUxNemFlZ2xOa0FnbFF0OExaOEk4cW1DUnUyemNrMkR5Z1JzbV9uNW5RQ2xodVU5WXBJQ203RkFnX0pFOWxjYmhqSS1JRDM0bzFraUlfdkRCcXRyWkE1NTY0eVJ6MDJhUjhpb0pEM01ncWs5SjR2YnFwUHcxNWotZ2M4SnZUQWFFY2tTYUl5LWJSZDE?oc=5
2025-09-08	Google	0.0	A Focus on Well-Known & Lesser-Known Dividend ETFs - ETF Trends		https://news.google.com/rss/articles/CBMingFBVV95cUxQNEZGWTlyVGNKbWZQbkcycDVOQ1plNi1ucTk1V3J6bTBPQ1Z0WXY5aTBtQlNrREpFS2JjWnNMUVYtRnpzVkxnb2JMUEliSHVuaTBiVElfcTczdjYzNEtPLWR5b1VadDB6WlpEYUhGWFcydWRvcGV0aHN5dy1RUTA4Sk84bk1QYXRZcWFGWHV1eTI4TWNRVjVzVFJiT2dBQdIBqAFBVV95cUxQanoyd2trc3ZvUEhRU1pxNHIxMlVpRGMya29OVFhFLUJvZHlmZGdLTTczdFpMMDN4SV9qQ1JfQ0lQQ1dPNUthOE14WmRVZ3hkNUhjNXFvcXpnY2pjc3Y1RlBvbDE4VlJ5OHljaUVQYXNaOFh0cHZYVWkxekJGd3BXTFVmNFlKc01rQWhydkNKY1luMEc3a3hlVl9JY2Y0Rno5d25LMVFDM2Y?oc=5
2025-09-08	Google	0.0	EDIV: A Dividend Focused Edge In Emerging Markets (NYSEARCA:EDIV) - Seeking Alpha		https://news.google.com/rss/articles/CBMikgFBVV95cUxOU0hSS01BUHRVTmpYbjNBSVRyMWJfX1NDLVhtWlZaZS1rbVE5MmpDX1YwbjhqcUFxOWFuNGpWaFUyLTQ4X1RyOWFMWXkySXgzTXVvSV9CRlppZGpHdVBOZm52YkprNXdXQUdqRTdxZGY1QTFXSjl6UG5UcmRKa2ZlNzlxOGNhaF9IYWVLLUp3bHZ2dw?oc=5
2025-09-04	Google	1.0	7 Best A/B Testing Tools I Trust to Boost Conversions - G2 Learning Hub		https://news.google.com/rss/articles/CBMiVkFVX3lxTE8xTDFZSkdEbGxkR3ZYZWhHZkNPVk9YNlJaY29ySzRNU3lSTXpwWU9kc0hMYWUtNElDQi1sTkduSUhiUXBaOW01NGh3NndVWDcyM3YtN3pB?oc=5
2025-08-28	Google	0.0	Storyblok integrates with VWO to support testing and personalisation - - Enterprise Times		https://news.google.com/rss/articles/CBMitAFBVV95cUxOang5M2x4VEM0Yks3SWZqTVNsVERodE9rbWlJMUxMWnZqN3RFbDBkR1pzdWNLS3RoSVVVYVdwaHltaGhVMGc0Wm5fYlNQeG43QWxDRjU2OEwzd3VFYlA0bXBIVG1QTHA2Y2VELVRqXzJlZEt1aFFYWHdHQ3dKVnNUT05XOC16c0ZMZTRNYWt0ODJvRW9iVjBSVUxoZmthM0FZWHd0SGNRNWt0cElGME9pcS1MRVc?oc=5
2025-08-08	Google	0.0	SCHE Amid Geopolitical Risks: A Cautious Emerging Markets Outlook - Seeking Alpha		https://news.google.com/rss/articles/CBMiqAFBVV95cUxNa0VCWFlmVmw0MkxkVzB4aUM2cFBtRURReTRDUlRXOWdBdDYyVHNTY3k4NDU1OUoxLWhsdlFRcXdxZ0k1V2dfei1qWF82WW9zeklySXB1TFVzVE43bVI1dUJJVTNUZkZYWUc3aVoyNU9SXzZKMzFnMWdfNWtTS2lQdGpOZXIyN3lYLXo1NlNBMEx1WkdBcEk0djN2WlF6dUpRLTB1Q3UyLU4?oc=5
2025-08-02	Google	0.0	AB Tasty - Financial Details - Crunchbase		https://news.google.com/rss/articles/CBMidEFVX3lxTE1HaDdzVlVTNy1MbE1hYTBuR0piRFRETEYwb3E1SnJHZENZY2VKOHBaMDY2VXdpdXJoWlFrand0UVVpbEdtdWhtdC1XY0dtUDFmMmc0UzFwSTJ6cUhhb0RmcTNNbDlBR21fOXZ3clB3MFlXWExp?oc=5
2025-07-09	Google	0.0	VWO ETF Review: Performance, Risks and Opportunity - EBC Financial Group		https://news.google.com/rss/articles/CBMif0FVX3lxTFA3TzJwaEJGV21lYWYyZFFSM0FJNU1XWnk1b1JRMS1KZUlmeEREdDN5MXc0VENzeTFYTkNJREtVUVVxU1QzaFAtcUxZWTVYMzlYYkVqNFlfSXZ5OWk3QjUwX0N5dmtvUzVSN1ktV2VMc2YwTjNsVmp3d2FObkNfaEE?oc=5
2025-07-08	Google	0.0	South Korea Powers Surge in Emerging Markets ETF Flows - ETF.com		https://news.google.com/rss/articles/CBMikwFBVV95cUxQWG9hVFpCQkNRdDJpTUY3V2RIVmZCRm5BZTU0QnZ3NEx0MGkxM01xaXQ0YWdNdEExUjhxYkNMSHFXcGNDM3p5ZS1LYVNjMktNSjRZdFlmNkkxWm9KRHdRWUNEc2VtZlhvVktuS291Vm5YX21GRHVHVWxKMzNURURaZVNYeTVWemNRMzRLTUF3OUxib0U?oc=5
2025-07-08	Google	0.0	VEE:CA: Buy Emerging Markets Ahead Of Global Trade Realignments (TSX:VEE:CA) - Seeking Alpha		https://news.google.com/rss/articles/CBMipAFBVV95cUxOUzRrcGZqWE9VblUwdXB0SF9zN0lrMmhYY2lPT3huT2E3QjdnbDdCblNsdmVFR2h6bUZHWDl0V0RQUHNBLUI1a1pscWhGaEgtT1dmT3p6eWNTOXV5cUpuVzFLQV85YUNIMXdzdjRJTEZCbzFIV1c3NlZTOGYzR0ViWVV6c2Y3LWh3aEpUbUdFUFpfdHVMY1M1SnZ3OEU4bHlmNmNQVw?oc=5
2025-07-07	Google	0.0	VXUS, VWO, YMM, BZ: ETF Inflow Alert - Nasdaq		https://news.google.com/rss/articles/CBMickFVX3lxTFBOSGZiM1d6bTBLSUh1OEJMSl9pb2NaUng1ZTQxUW5wM2g3M2Vzd0tGV041cmhqaGctT1NQdUhPUEc0V09BYTFMeUI2Zm5zN2VpSEswZURDa2N2WUdLLU85d0xBNjhnV0hsbnNmSVRGbXFodw?oc=5
2025-07-02	Google	0.0	Vanguard FTSE Emerging Markets ETF (VWO) Stock Price | Quotes & News - Moomoo		https://news.google.com/rss/articles/CBMiSkFVX3lxTE5rX0p3RmFCeF83U3RCd1V5WHBxVDVsRTc0dHhUMXNSLWRNdnJRdU9UTndUUmZRU0hsdzRUejhiVVRWbmlGaDU4QUhR?oc=5
2025-06-18	Google	0.0	Momentum Builds for Emerging Market: ETFs in Focus - TradingView		https://news.google.com/rss/articles/CBMiqAFBVV95cUxQM2p6VDJ2Mm5Ra1dhNkxQWkxfREVNbXNFNndtNXRnWTZlN01DSGJPSE94UGl2cmpydHc0cHBLejlLX2lNRU9QQk5IRDgzT3ZIVkNFSFAtVmUzdEZSNzU4a2RzTlBNcl9wTHdNSWJRTTRrMGxzYjhxdW0zM2VxajFzS3hBcUNXUFBnR1RqcWRhVzJqX1BRdGR5YWtjSkp3VzhPdHZ4cm9mR2o?oc=5
2025-06-16	Google	0.5	Top 5 Best Emerging Market ETF Picks for Traders - EBC Financial Group		https://news.google.com/rss/articles/CBMifEFVX3lxTE5mcWV6MnA1Nl9HZHVzYzU0UjQxdGh2RW5ISVFQZ3lFZUpyNnRUXzJoNmlhR0VlMklyZzJZTkpuNmlKdklEV0JJYTVpejBuNEVvZFIyUXFLbzZ3cmlaaklVOVBQa3BVQmoyb2RSY1dQZTBJX012d2ZCRjJiZ0M?oc=5
2025-06-13	Google	0.0	VWO ETF: Emerging Markets Offer Several Benefits (NYSEARCA:VWO) - Seeking Alpha		https://news.google.com/rss/articles/CBMipAFBVV95cUxOQW9EWEtPWE5GQ1FGRDZIMm9Pb3ZsNlZQQlNPMnB6djNCdFV0MEg2a2ZyLTZVM09uaklPcXo1cVVqTDZIeERvN05LejRYeTM4WERpaGtzbm5WRklwZUpHTnI3NGNwVXZ3ekw3X01XUzBBdUxwRnl2X0F5SzBBbFlWQXFyanBmZ2VQV2xSYlBOeWhtVXk4V3UxLXZudnZ1V3ItNXVJQw?oc=5
2025-05-30	Google	0.136	Vanguard Files for New Emerging Markets Ex-China ETF - ETF.com		https://news.google.com/rss/articles/CBMiigFBVV95cUxON1J4ZnpVR3h6RGd1Z2dSUTN5Vk5LczE5UkNlLWFLck1SM0ZkYXU2YjlBZHY3aUtmYWNRczBsY1l4Y19YVDc4Sldsa25HWkotQ2RiX1J2SU43SkMtTlk5bW1iYXNQcVo1UEotMHk0dkpsTG1QQTM0ZzVPOXBpbjRuSWhROUEyc0N0blE?oc=5
2025-05-11	Google	0.0	Final exams underway as 186,000 Dutch pupils begin testing Friday - NL Times		https://news.google.com/rss/articles/CBMilgFBVV95cUxQdjJQVkhvSkczZ0FJc2x6bWN3WmFtZE9EcGx1dmIyYUtjWW1YOGFJbklBVkoxWFNBcmVvTnFVaTl0NXAwaHFubW1XWmxaTDd5ZFQtQzJFRW82ZkJ5bEwwSHAtNEVSTWlqZkdrdXJ2OXpBbkduY3U5cWozSURoV0N1OEJPWl81Rk1PSC1CWTRIYWR2aEpIN2c?oc=5
2025-05-08	Google	0.0	Analysis of the Vanguard Emerging Markets Stock Index Fund ETF - RankiaPro		https://news.google.com/rss/articles/CBMilAFBVV95cUxPaVhBYXFraDhOdW5qR1QyZFcwMkxreXFGSTVuYWlIQXhoTGt2NEJPYzF0c01fT0YzamVPWWJXd29UZmpCdExBQkF0alJSNm1CN0pZUXoyRWgybUFWcjJhR3cxZ21tMm1kU2VDQ2hJWFhuanU5YzdudXA3bDZCMC1aRi1nZFVYNzg3UXpDc0s4b0ZBaEN0?oc=5
2025-04-24	Google	0.4	VWO: Emerging Markets Extremely Cheap With 2025 Alpha (VWO) - Seeking Alpha		https://news.google.com/rss/articles/CBMingFBVV95cUxOLUtuSV90TlF0SGEyZk10V2s3a3VORmlhVm1IRWNHNndYUTBFdEpWeV9mT2VpZDh2VHNGSUNTRnF3eXNyaGc2NDV6X1FxSG82ZDZLMEZCWFIxbkRjUUk5UnlRRHIzNWF6SFJOVkpheFZyU2M4WlhBZV9OcmZWVVdra1dmaFZuTGZjalJLakZSeUdER1ZSd3RCZDJvcVE0dw?oc=5
2025-04-24	Google	0.136	Dinari VWO Price, VWO.D Price, Live Charts, and Marketcap - Coinbase		https://news.google.com/rss/articles/CBMiW0FVX3lxTE1RdkpMVEoxQThFODJWWkNEenFJeUUtM1g3RGFpNHhjT0FPelFFc05QRlhKb1U0aHlMMjZvQWlVU2F6QkxoQVdNU0J4T3lqY3ZmbzhkR3pCWFpFSTA?oc=5
2025-04-22	Google	0.0	7 User-Friendly A/B Testing Tools for Your Ecommerce Store (2025) - Shopify		https://news.google.com/rss/articles/CBMiWEFVX3lxTE5ncHFoTXhhNnVHUUcxUXBVUFJzRkc5eFVwMElVV2ZHc095RDY4WmV1b0tuSVQxN1RjcmhOeE9YMEhaZllRaUNGX1kwQ1B3RVZGOEFCMVBzdXQ?oc=5
2025-03-31	Google	0.0	VWO ETF Holdings List — AMEX:VWO - TradingView		https://news.google.com/rss/articles/CBMiZEFVX3lxTE1uU2NpejR1NXY1bzA0M2g4eEpGd0Q3MzBfTmxWZml1ZmpQMGtFZHF6ekNkYTgxaFZBQktkaS1hd01KeWhUM3o4RllrMzJyNlYzRzZPM2RUbU8zS0ZOSkZIS3gyQVA?oc=5
