	Tax Effect Of Unusual Items	Tax Rate For Calcs	Normalized EBITDA	Total Unusual Items	Total Unusual Items Excluding Goodwill	Net Income From Continuing Operation Net Minority Interest	Reconciled Depreciation	Reconciled Cost Of Revenue	EBITDA	EBIT	Net Interest Income	Interest Expense	Interest Income	Normalized Income	Net Income From Continuing And Discontinued Operation	Total Expenses	Total Operating Income As Reported	Diluted Average Shares	Basic Average Shares	Diluted EPS	Basic EPS	Diluted NI Availto Com Stockholders	Net Income Common Stockholders	Net Income	Net Income Including Noncontrolling Interests	Net Income Continuous Operations	Tax Provision	Pretax Income	Other Income Expense	Special Income Charges	Other Special Charges	Restructuring And Mergern Acquisition	Net Non Operating Interest Income Expense	Interest Expense Non Operating	Interest Income Non Operating	Operating Income	Operating Expense	Research And Development	Selling General And Administration	Selling And Marketing Expense	General And Administrative Expense	Other Gand A	Gross Profit	Cost Of Revenue	Total Revenue	Operating Revenue	Treasury Shares Number	Ordinary Shares Number	Share Issued	Net Debt	Total Debt	Tangible Book Value	Invested Capital	Working Capital	Net Tangible Assets	Capital Lease Obligations	Common Stock Equity	Total Capitalization	Total Equity Gross Minority Interest	Stockholders Equity	Gains Losses Not Affecting Retained Earnings	Other Equity Adjustments	Treasury Stock	Retained Earnings	Additional Paid In Capital	Capital Stock	Common Stock	Preferred Stock	Total Liabilities Net Minority Interest	Total Non Current Liabilities Net Minority Interest	Other Non Current Liabilities	Employee Benefits	Non Current Pension And Other Postretirement Benefit Plans	Tradeand Other Payables Non Current	Long Term Debt And Capital Lease Obligation	Long Term Capital Lease Obligation	Long Term Debt	Current Liabilities	Other Current Liabilities	Current Deferred Liabilities	Current Deferred Revenue	Current Debt And Capital Lease Obligation	Current Capital Lease Obligation	Current Debt	Other Current Borrowings	Commercial Paper	Pensionand Other Post Retirement Benefit Plans Current	Current Provisions	Payables And Accrued Expenses	Current Accrued Expenses	Interest Payable	Payables	Dividends Payable	Total Tax Payable	Income Tax Payable	Accounts Payable	Total Assets	Total Non Current Assets	Other Non Current Assets	Non Current Deferred Assets	Non Current Deferred Taxes Assets	Investments And Advances	Goodwill And Other Intangible Assets	Other Intangible Assets	Goodwill	Net PPE	Accumulated Depreciation	Gross PPE	Construction In Progress	Other Properties	Machinery Furniture Equipment	Buildings And Improvements	Land And Improvements	Properties	Current Assets	Other Current Assets	Inventory	Finished Goods	Work In Process	Raw Materials	Receivables	Taxes Receivable	Accounts Receivable	Allowance For Doubtful Accounts Receivable	Gross Accounts Receivable	Cash Cash Equivalents And Short Term Investments	Other Short Term Investments	Cash And Cash Equivalents	Cash Equivalents	Cash Financial	Free Cash Flow	Repurchase Of Capital Stock	Repayment Of Debt	Issuance Of Debt	Issuance Of Capital Stock	Capital Expenditure	Interest Paid Supplemental Data	Income Tax Paid Supplemental Data	End Cash Position	Beginning Cash Position	Changes In Cash	Financing Cash Flow	Cash Flow From Continuing Financing Activities	Net Other Financing Charges	Cash Dividends Paid	Common Stock Dividend Paid	Net Common Stock Issuance	Common Stock Payments	Common Stock Issuance	Net Issuance Payments Of Debt	Net Short Term Debt Issuance	Short Term Debt Payments	Short Term Debt Issuance	Net Long Term Debt Issuance	Long Term Debt Payments	Long Term Debt Issuance	Investing Cash Flow	Cash Flow From Continuing Investing Activities	Net Other Investing Changes	Net Investment Purchase And Sale	Sale Of Investment	Purchase Of Investment	Net Business Purchase And Sale	Purchase Of Business	Capital Expenditure Reported	Operating Cash Flow	Cash Flow From Continuing Operating Activities	Change In Working Capital	Change In Other Working Capital	Change In Other Current Liabilities	Change In Other Current Assets	Change In Payables And Accrued Expense	Change In Payable	Change In Account Payable	Change In Tax Payable	Change In Income Tax Payable	Change In Inventory	Change In Receivables	Changes In Account Receivables	Other Non Cash Items	Stock Based Compensation	Asset Impairment Charge	Deferred Tax	Deferred Income Tax	Depreciation Amortization Depletion	Depreciation And Amortization	Net Income From Continuing Operations	reportedCurrency	grossProfit	totalRevenue	costOfRevenue	costofGoodsAndServicesSold	operatingIncome	sellingGeneralAndAdministrative	researchAndDevelopment	operatingExpenses	investmentIncomeNet	netInterestIncome	interestIncome	interestExpense	nonInterestIncome	otherNonOperatingIncome	depreciation	depreciationAndAmortization	incomeBeforeTax	incomeTaxExpense	interestAndDebtExpense	netIncomeFromContinuingOperations	comprehensiveIncomeNetOfTax	ebit	ebitda	netIncome	totalAssets	totalCurrentAssets	cashAndCashEquivalentsAtCarryingValue	cashAndShortTermInvestments	inventory	currentNetReceivables	totalNonCurrentAssets	propertyPlantEquipment	accumulatedDepreciationAmortizationPPE	intangibleAssets	intangibleAssetsExcludingGoodwill	goodwill	investments	longTermInvestments	shortTermInvestments	otherCurrentAssets	otherNonCurrentAssets	totalLiabilities	totalCurrentLiabilities	currentAccountsPayable	deferredRevenue	currentDebt	shortTermDebt	totalNonCurrentLiabilities	capitalLeaseObligations	longTermDebt	currentLongTermDebt	longTermDebtNoncurrent	shortLongTermDebtTotal	otherCurrentLiabilities	otherNonCurrentLiabilities	totalShareholderEquity	treasuryStock	retainedEarnings	commonStock	commonStockSharesOutstanding	reportedDate	reportedEPS	estimatedEPS	surprise	surprisePercentage	reportTime
2026-01-31	-34377147.766323	0.129725	2789000000.0	-265000000.0	-265000000.0	2026000000.0	127000000.0	3577000000.0	2524000000.0	2397000000.0	497000000.0	69000000.0	566000000.0	2256622852.233677	2026000000.0	4916000000.0	1831000000.0	799000000.0	793000000.0	2.54	2.55	2026000000.0	2026000000.0	2026000000.0	2026000000.0	2026000000.0	302000000.0	2328000000.0	-265000000.0	-265000000.0	253000000.0	12000000.0	497000000.0	69000000.0	566000000.0	2096000000.0	1339000000.0	928000000.0	411000000.0	222000000.0	189000000.0	189000000.0	3435000000.0	3577000000.0	7012000000.0	7012000000.0	1242000000.0	793609867.0	2035609867.0		7190000000.0	17795000000.0	28270000000.0	13296000000.0	17795000000.0	637000000.0	21717000000.0	28170000000.0	21717000000.0	21717000000.0	-110000000.0	-110000000.0	45380000000.0	56888000000.0	10311000000.0	8000000.0	8000000.0		15927000000.0	8174000000.0	539000000.0	139000000.0	139000000.0	507000000.0	6989000000.0	536000000.0	6453000000.0	7753000000.0		2472000000.0	2472000000.0	201000000.0	101000000.0	100000000.0		100000000.0	727000000.0	39000000.0	4314000000.0	1315000000.0		2999000000.0	365000000.0	710000000.0	710000000.0	1924000000.0	37644000000.0	16595000000.0	929000000.0	1178000000.0	1178000000.0	4968000000.0	3922000000.0	215000000.0	3707000000.0	5598000000.0	-4004000000.0	9602000000.0	1704000000.0	3462000000.0	885000000.0	2993000000.0	558000000.0	0.0	21049000000.0	1016000000.0	5997000000.0	1227000000.0	951000000.0	3819000000.0	5525000000.0	548000000.0	4977000000.0			8511000000.0	1293000000.0	7218000000.0	5677000000.0	1541000000.0	1040000000.0	-337000000.0	-200000000.0	200000000.0		-646000000.0	65000000.0	112000000.0	7287000000.0	7312000000.0	-25000000.0	-931000000.0	-931000000.0	-229000000.0	-365000000.0	-365000000.0	-337000000.0	-337000000.0		0.0	0.0	-200000000.0	200000000.0				-780000000.0	-780000000.0		-134000000.0	1143000000.0	-1277000000.0	0.0	0.0	-646000000.0	1686000000.0	1686000000.0	-394000000.0	-94000000.0	7000000.0	-154000000.0	-279000000.0	-279000000.0	-760000000.0	481000000.0	481000000.0	-82000000.0	208000000.0	208000000.0	264000000.0	207000000.0	-466000000.0	-78000000.0	-78000000.0	127000000.0	127000000.0	2026000000.0		3435000000.0	7012000000.0	3577000000.0	3577000000.0	2096000000.0	189000000.0	928000000.0	1339000000.0				69000000.0				127000000.0	2328000000.0	302000000.0				2397000000.0	2524000000.0	2026000000.0	37644000000.0	21049000000.0	7218000000.0	7218000000.0	5997000000.0	4977000000.0	16595000000.0			215000000.0	215000000.0	3707000000.0			1293000000.0	1564000000.0		15927000000.0	7753000000.0	1924000000.0			201000000.0	8174000000.0					7190000000.0	2649000000.0		21717000000.0		56888000000.0	8000000.0	799000000.0		2.38	2.21	0.17	7.6923	
2025-10-31	0.0	0.163211	2452000000.0			1897000000.0	114000000.0	3535000000.0	2452000000.0	2338000000.0	555000000.0	71000000.0	626000000.0	1897000000.0	1897000000.0	4907000000.0	1712000000.0	798000000.0	794000000.0	2.38	2.39	1897000000.0	1897000000.0	1897000000.0	1897000000.0	1897000000.0	370000000.0	2267000000.0					555000000.0	71000000.0	626000000.0	1893000000.0	1372000000.0	917000000.0	455000000.0	212000000.0	243000000.0	243000000.0	3265000000.0	3535000000.0	6800000000.0	6800000000.0	1211000000.0	793000000.0	2004000000.0		7050000000.0	16482000000.0	26970000000.0	12882000000.0	16482000000.0	495000000.0	20415000000.0	26870000000.0	20415000000.0	20415000000.0	-110000000.0	-110000000.0	45043000000.0	55227000000.0	10333000000.0	8000000.0	8000000.0	0.0	15884000000.0	7885000000.0	519000000.0	151000000.0	151000000.0	356000000.0	6859000000.0	404000000.0	6455000000.0	7999000000.0		2566000000.0	2566000000.0	191000000.0	91000000.0	100000000.0		100000000.0	1221000000.0	165000000.0	3856000000.0	1133000000.0		2723000000.0	365000000.0	380000000.0	380000000.0	1978000000.0	36299000000.0	15418000000.0	806000000.0	1233000000.0	1233000000.0	4327000000.0	3933000000.0	226000000.0	3707000000.0	5119000000.0	-3901000000.0	9020000000.0	1460000000.0	3217000000.0	855000000.0	2930000000.0	558000000.0	0.0	20881000000.0	1060000000.0	5915000000.0	1208000000.0	914000000.0	3793000000.0	5333000000.0	148000000.0	5185000000.0			8573000000.0	1332000000.0	7241000000.0	5822000000.0	1419000000.0	2043000000.0	-851000000.0	-802000000.0	1094000000.0	132000000.0	-785000000.0	68000000.0	235000000.0	7312000000.0	5454000000.0	1858000000.0	-831000000.0	-831000000.0	-39000000.0	-365000000.0	-365000000.0	-719000000.0	-851000000.0	132000000.0	292000000.0	1000000.0	-102000000.0	103000000.0	291000000.0	-700000000.0	991000000.0	-139000000.0	-139000000.0	0.0	646000000.0	1591000000.0	-945000000.0	0.0	0.0	-785000000.0	2828000000.0	2828000000.0	1258000000.0	96000000.0	47000000.0	-83000000.0	719000000.0	719000000.0	172000000.0	547000000.0	547000000.0	-108000000.0	587000000.0	587000000.0	508000000.0	156000000.0		-313000000.0	-313000000.0	114000000.0	114000000.0	1897000000.0		3265000000.0	6800000000.0	3535000000.0	3535000000.0	1712000000.0	243000000.0	917000000.0	1553000000.0		555000000.0	626000000.0	71000000.0				110000000.0	2267000000.0	370000000.0		1897000000.0		2338000000.0	2448000000.0	1897000000.0	36299000000.0	20881000000.0	7241000000.0	7241000000.0	5915000000.0	5333000000.0	15418000000.0			226000000.0	226000000.0	3707000000.0		4327000000.0	1332000000.0	1060000000.0		15884000000.0	7999000000.0	1978000000.0			191000000.0	7885000000.0	495000000.0	6455000000.0	100000000.0		7050000000.0	2908000000.0	519000000.0	20415000000.0		55227000000.0	8000000.0	798000000.0		2.17	2.12	0.05	2.3585	
2025-07-31	0.0	0.306	2742000000.0			1779000000.0	113000000.0	3740000000.0	2742000000.0	2629000000.0	330000000.0	66000000.0	396000000.0	1779000000.0	1779000000.0	5069000000.0	2233000000.0	802000000.0	798000000.0	2.22	2.23	1779000000.0	1779000000.0	1779000000.0	1779000000.0	1779000000.0	784000000.0	2563000000.0					330000000.0	66000000.0	396000000.0	2233000000.0	1329000000.0	901000000.0	428000000.0	224000000.0	204000000.0	204000000.0	3562000000.0	3740000000.0	7302000000.0	7302000000.0	1236000000.0	796642427.0	2032642427.0	879000000.0	6763000000.0	15518000000.0	25767000000.0	11835000000.0	15518000000.0	500000000.0	19504000000.0	24967000000.0	19504000000.0	19504000000.0	-102000000.0	-102000000.0	44186000000.0	53694000000.0	10090000000.0	8000000.0	8000000.0		14707000000.0	6824000000.0	467000000.0	152000000.0	152000000.0	330000000.0	5875000000.0	412000000.0	5463000000.0	7883000000.0	-1000000.0	2470000000.0	2470000000.0	888000000.0	88000000.0	800000000.0	700000000.0	100000000.0	1109000000.0		3417000000.0	1125000000.0		2292000000.0	366000000.0	157000000.0	157000000.0	1769000000.0	34211000000.0	14493000000.0	443000000.0	1288000000.0	1288000000.0	4133000000.0	3986000000.0	238000000.0	3748000000.0	4643000000.0	-3987000000.0	8630000000.0	1316000000.0	3285000000.0	830000000.0	2662000000.0	537000000.0	0.0	19718000000.0	1069000000.0	5807000000.0	1119000000.0	925000000.0	3763000000.0	5828000000.0	56000000.0	5772000000.0			7014000000.0	1630000000.0	5384000000.0	3947000000.0	1437000000.0	2050000000.0	-1056000000.0	-100000000.0	100000000.0	0.0	-584000000.0	51000000.0	436000000.0	5454000000.0	6244000000.0	-790000000.0	-1457000000.0	-1457000000.0	-33000000.0	-368000000.0	-368000000.0	-1056000000.0	-1056000000.0	0.0	0.0	0.0	-100000000.0	100000000.0	0.0	0.0		-1967000000.0	-1967000000.0	0.0	-1383000000.0	793000000.0	-2176000000.0	0.0	0.0	-584000000.0	2634000000.0	2634000000.0	588000000.0	-21000000.0	48000000.0	-6000000.0	303000000.0	303000000.0	227000000.0	76000000.0	76000000.0	-151000000.0	415000000.0	415000000.0	-284000000.0	158000000.0		280000000.0	280000000.0	113000000.0	113000000.0	1779000000.0		3562000000.0	7302000000.0	3740000000.0	3740000000.0	2233000000.0	204000000.0	901000000.0	1329000000.0		330000000.0	396000000.0	66000000.0				-208000000.0	2563000000.0	784000000.0		1779000000.0		2629000000.0	2421000000.0	1779000000.0	34211000000.0	19718000000.0	5384000000.0	5384000000.0	5807000000.0	5828000000.0	14493000000.0			238000000.0	238000000.0	3748000000.0		4133000000.0	1630000000.0	1069000000.0		14707000000.0	7883000000.0	1769000000.0			888000000.0	6824000000.0	500000000.0	5463000000.0	800000000.0		6763000000.0	2426000000.0	467000000.0	19504000000.0		53694000000.0	8000000.0	811000000.0		2.48	2.36	0.12	5.0847	
2025-04-30	0.0	0.08	2493000000.0			2137000000.0	103000000.0	3615000000.0	2493000000.0	2390000000.0	153000000.0	68000000.0	221000000.0	2137000000.0	2137000000.0	4931000000.0	2169000000.0	812000000.0	809000000.0	2.63	2.64	2137000000.0	2137000000.0	2137000000.0	2137000000.0	2137000000.0	185000000.0	2322000000.0					153000000.0	68000000.0	221000000.0	2169000000.0	1316000000.0	893000000.0	423000000.0	216000000.0	207000000.0	207000000.0	3485000000.0	3615000000.0	7100000000.0	7100000000.0	1230000000.0	802498217.0	2032498217.0	92000000.0	6670000000.0	14964000000.0	25222000000.0	11712000000.0	14964000000.0	409000000.0	18961000000.0	24423000000.0	18961000000.0	18961000000.0	-144000000.0	-144000000.0	43149000000.0	52280000000.0	9966000000.0	8000000.0	8000000.0		14671000000.0	6675000000.0	422000000.0	142000000.0	142000000.0	321000000.0	5790000000.0	328000000.0	5462000000.0	7996000000.0		2491000000.0	2491000000.0	880000000.0	81000000.0	799000000.0	700000000.0	99000000.0	844000000.0	370000000.0	3411000000.0	930000000.0		2481000000.0	369000000.0	309000000.0	309000000.0	1803000000.0	33632000000.0	13924000000.0	300000000.0	1723000000.0	1723000000.0	3638000000.0	3997000000.0	249000000.0	3748000000.0	4266000000.0	-3894000000.0	8160000000.0	1116000000.0	3101000000.0	802000000.0	2628000000.0	513000000.0	0.0	19708000000.0	1063000000.0	5656000000.0	1130000000.0	909000000.0	3617000000.0	6242000000.0	55000000.0	6187000000.0			6747000000.0	578000000.0	6169000000.0	4729000000.0	1440000000.0	1061000000.0	-1670000000.0	-100000000.0	100000000.0		-510000000.0	68000000.0	763000000.0	6244000000.0	6355000000.0	-111000000.0	-1903000000.0	-1903000000.0	-37000000.0	-325000000.0	-325000000.0	-1541000000.0	-1670000000.0		0.0	0.0	-100000000.0	100000000.0	0.0	0.0		221000000.0	221000000.0		699000000.0	1921000000.0	-1222000000.0	-1000000.0	-1000000.0	-510000000.0	1571000000.0	1571000000.0	-723000000.0	39000000.0	-37000000.0	-145000000.0	-236000000.0	-236000000.0	337000000.0	-573000000.0	-573000000.0	-155000000.0	-189000000.0	-189000000.0	-9000000.0	159000000.0		4000000.0	4000000.0	103000000.0	103000000.0	2137000000.0		3485000000.0	7100000000.0	3615000000.0	3615000000.0	2169000000.0	207000000.0	893000000.0	1316000000.0		153000000.0	221000000.0	68000000.0				103000000.0	2322000000.0	185000000.0		2137000000.0		2390000000.0	2493000000.0	2137000000.0	33632000000.0	19708000000.0	6169000000.0	6169000000.0	5656000000.0	6242000000.0	13924000000.0			249000000.0	249000000.0	3748000000.0		3638000000.0	578000000.0	1063000000.0		14671000000.0	7996000000.0	1803000000.0			880000000.0	6675000000.0	409000000.0	5462000000.0	799000000.0		6670000000.0	2501000000.0	422000000.0	18961000000.0		52280000000.0	8000000.0	815000000.0		2.39	2.31	0.08	3.4632	
2025-01-31	0.0	0.21	2288000000.0	0.0	0.0	1185000000.0	105000000.0	3670000000.0	2288000000.0	2183000000.0	-56000000.0	64000000.0	8000000.0	1185000000.0	1185000000.0	4991000000.0	2175000000.0	819000000.0	814000000.0	1.45	1.46	1185000000.0	1185000000.0	1185000000.0	1185000000.0	1185000000.0	934000000.0	2119000000.0		0.0		0.0	-56000000.0	64000000.0	8000000.0	2175000000.0	1321000000.0	859000000.0	462000000.0	206000000.0	256000000.0	256000000.0	3496000000.0	3670000000.0	7166000000.0	7166000000.0	1219000000.0	812440849.0	2031440849.0		6588000000.0	14620000000.0	24885000000.0	12958000000.0	14620000000.0	328000000.0	18625000000.0	24086000000.0	18625000000.0	18625000000.0	-143000000.0	-143000000.0	41464000000.0	50511000000.0	9713000000.0	8000000.0	8000000.0		14713000000.0	6977000000.0	444000000.0	141000000.0	141000000.0	684000000.0	5708000000.0	247000000.0	5461000000.0	7736000000.0		2452000000.0	2452000000.0	880000000.0	81000000.0	799000000.0		799000000.0	636000000.0		3768000000.0	1071000000.0		2697000000.0	325000000.0	635000000.0	635000000.0	1737000000.0	33338000000.0	12644000000.0	312000000.0	1719000000.0	1719000000.0	2686000000.0	4005000000.0	237000000.0	3768000000.0	3922000000.0	-3847000000.0	7769000000.0	1083000000.0	2991000000.0	796000000.0	2406000000.0	493000000.0	0.0	20694000000.0	928000000.0	5501000000.0	1044000000.0	935000000.0	3522000000.0	6052000000.0	54000000.0	5998000000.0			8213000000.0	1949000000.0	6264000000.0	4965000000.0	1299000000.0	544000000.0	-1318000000.0	-200000000.0	200000000.0		-381000000.0	52000000.0	70000000.0	6355000000.0	8113000000.0	-1758000000.0	-1786000000.0	-1786000000.0	-142000000.0	-326000000.0	-326000000.0	-1318000000.0	-1318000000.0		0.0	0.0	-200000000.0	200000000.0	0.0	0.0		-897000000.0	-897000000.0		-488000000.0	1223000000.0	-1711000000.0	-28000000.0	-28000000.0	-381000000.0	925000000.0	925000000.0	-1323000000.0	-397000000.0	32000000.0	115000000.0	-229000000.0	-229000000.0	-429000000.0	200000000.0	200000000.0	-80000000.0	-764000000.0	-764000000.0	-5000000.0	195000000.0	100000000.0	668000000.0	668000000.0	105000000.0	105000000.0	1185000000.0		3496000000.0	7166000000.0	3670000000.0	3670000000.0	2175000000.0	256000000.0	859000000.0	1321000000.0		-56000000.0	8000000.0	64000000.0				105000000.0	2119000000.0	934000000.0		1185000000.0		2183000000.0	2288000000.0	1185000000.0	33338000000.0	20694000000.0	6264000000.0	6264000000.0	5501000000.0	6052000000.0	12644000000.0			237000000.0	237000000.0	3768000000.0		2686000000.0	1949000000.0	928000000.0		14713000000.0	7736000000.0	1737000000.0			880000000.0	6977000000.0	328000000.0	5461000000.0	799000000.0		6588000000.0	4435000000.0	444000000.0	18625000000.0		50511000000.0	8000000.0	819000000.0		2.38	2.3	0.08	3.4783	
2024-10-31																																																																				0.0											-1000000.0						700000000.0																																																		124000000.0														124000000.0					-90000000.0	-90000000.0	0.0																																	3335000000.0	7045000000.0	3710000000.0	3710000000.0	2046000000.0	216000000.0	858000000.0	1289000000.0		-151000000.0	85000000.0	66000000.0				110000000.0	1895000000.0	164000000.0		1731000000.0		1961000000.0	2071000000.0	1731000000.0	34409000000.0	21220000000.0	8022000000.0	8022000000.0	5421000000.0	5354000000.0	13189000000.0			249000000.0	249000000.0	3732000000.0		2787000000.0	1449000000.0	974000000.0		15408000000.0	8468000000.0	1570000000.0			887000000.0	6940000000.0	346000000.0	5460000000.0	800000000.0		6605000000.0	2492000000.0	409000000.0	19001000000.0		49651000000.0	8000000.0	828000000.0		2.32	2.19	0.13	5.9361	
2024-07-31																																																																																											59000000.0																																	-29000000.0	4999000000.0										0.0														0.0																																								3205000000.0	6778000000.0	3573000000.0	3573000000.0	1942000000.0	222000000.0	836000000.0	1263000000.0		18000000.0	81000000.0	63000000.0				95000000.0	1960000000.0	255000000.0		1705000000.0		2020000000.0	2115000000.0	1705000000.0	33647000000.0	20671000000.0	8288000000.0	8288000000.0	5568000000.0	5021000000.0	12976000000.0			262000000.0	262000000.0	3732000000.0		2981000000.0	815000000.0	979000000.0		14807000000.0	7228000000.0	1470000000.0			274000000.0	7579000000.0	414000000.0	6158000000.0	99000000.0		6671000000.0	2303000000.0	390000000.0	18840000000.0		48247000000.0	8000000.0	833000000.0		2.12	2.02	0.1	4.9505	
2024-04-30																																																																																																																																																																																													3153000000.0	6646000000.0	3493000000.0	3493000000.0	1912000000.0	247000000.0	785000000.0	1241000000.0		82000000.0	141000000.0	59000000.0				96000000.0	1994000000.0	272000000.0		1722000000.0		2050000000.0	2146000000.0	1722000000.0	31949000000.0	19265000000.0	7085000000.0	7085000000.0	5691000000.0	5001000000.0	12684000000.0			273000000.0	273000000.0	3732000000.0		2983000000.0	472000000.0	1016000000.0		13750000000.0	6884000000.0	1457000000.0			275000000.0	6866000000.0	436000000.0	5463000000.0	99000000.0		5998000000.0	2106000000.0	365000000.0	18199000000.0		46871000000.0	8000000.0	836000000.0		2.09	1.99	0.1	5.0251	
2024-01-31																																																																																																																																																																																													3204000000.0	6707000000.0	3503000000.0	3503000000.0	1967000000.0	276000000.0	754000000.0	1237000000.0		336000000.0	395000000.0	59000000.0				91000000.0	2303000000.0	284000000.0		2019000000.0		2362000000.0	2453000000.0	2019000000.0	31540000000.0	19182000000.0	6854000000.0	6854000000.0	5646000000.0	5011000000.0	12358000000.0			283000000.0	283000000.0	3732000000.0		2910000000.0	638000000.0	1033000000.0		14111000000.0	7076000000.0	1416000000.0			287000000.0	7035000000.0	427000000.0	5462000000.0	100000000.0		5989000000.0	1807000000.0	353000000.0	17429000000.0		45480000000.0	8000000.0	837000000.0		2.13	1.91	0.22	11.5183	
2023-10-31																																																																																																																																																																																													3169000000.0	6723000000.0	3554000000.0	3554000000.0	1971000000.0	217000000.0	789000000.0	1198000000.0		201000000.0	259000000.0	58000000.0				130000000.0	2172000000.0	168000000.0		2004000000.0		2230000000.0	2360000000.0	2004000000.0	30729000000.0	19147000000.0	6132000000.0	6132000000.0	5725000000.0	5439000000.0	11582000000.0	2723000000.0		294000000.0	294000000.0	3732000000.0		2281000000.0	737000000.0	1114000000.0		14380000000.0	7372000000.0	1478000000.0			286000000.0	7008000000.0	438000000.0	5461000000.0	100000000.0		5999000000.0	2286000000.0	714000000.0	16349000000.0		43726000000.0	8000000.0	842000000.0		2.12	2.0	0.12	6.0	
2023-07-31																																																																																																																																																																																													2976000000.0	6425000000.0	3449000000.0	3449000000.0	1802000000.0	214000000.0	767000000.0	1174000000.0		4000000.0	64000000.0	60000000.0		64000000.0		136000000.0	1806000000.0	246000000.0		1560000000.0		1866000000.0	2002000000.0	1560000000.0	30410000000.0	18879000000.0	6025000000.0	6025000000.0	5809000000.0	5443000000.0	11531000000.0	2604000000.0		305000000.0	305000000.0	3732000000.0		2177000000.0	510000000.0	1092000000.0		15317000000.0	8224000000.0	1433000000.0			298000000.0	7093000000.0	440000000.0	5460000000.0	199000000.0		6099000000.0	2714000000.0	815000000.0	15093000000.0	-35594000000.0	41988000000.0	8000000.0	842000000.0		1.9	1.74	0.16	9.1954	
2023-04-30																																																																																																																																																																																													3094000000.0	6630000000.0	3536000000.0	3536000000.0	1911000000.0	214000000.0	775000000.0	1183000000.0		-134000000.0		61000000.0		-73000000.0		129000000.0	1777000000.0	202000000.0		1575000000.0		1911000000.0	2040000000.0	1575000000.0	29092000000.0	17773000000.0	4588000000.0	4588000000.0	5940000000.0	5701000000.0	11319000000.0	2559000000.0		328000000.0	328000000.0	3711000000.0		2024000000.0	510000000.0	1034000000.0		14963000000.0	7871000000.0	1468000000.0			304000000.0	7092000000.0	464000000.0	5459000000.0	199000000.0		6122000000.0	1904000000.0	811000000.0	14129000000.0	-35151000000.0	40696000000.0	8000000.0	847000000.0		2.0	1.84	0.16	8.6957	
2023-01-31																																																																																																																																																																																													3145000000.0	6739000000.0	3594000000.0	3594000000.0	1970000000.0	207000000.0	771000000.0	1175000000.0		-9000000.0	50000000.0	59000000.0		50000000.0		120000000.0	1961000000.0	244000000.0		1717000000.0		2020000000.0	2140000000.0	1717000000.0	27959000000.0	16715000000.0	3547000000.0	3547000000.0	6054000000.0	5540000000.0	11244000000.0	2494000000.0		332000000.0	332000000.0	3718000000.0		2088000000.0	500000000.0	1074000000.0		14539000000.0	7250000000.0	1611000000.0			288000000.0	7289000000.0	461000000.0	5458000000.0	199000000.0		6118000000.0	1724000000.0	856000000.0	13420000000.0	-34347000000.0	39389000000.0	8000000.0	849000000.0		2.03	1.93	0.1	5.1813	
2022-10-31																																																																																																																																																																																													3101000000.0	6749000000.0	3648000000.0	3648000000.0	1994000000.0	198000000.0	726000000.0	1107000000.0		-45000000.0	12000000.0	57000000.0		12000000.0		123000000.0	1949000000.0	358000000.0		1591000000.0		1994000000.0	2117000000.0	1591000000.0	26726000000.0	15925000000.0	1995000000.0	1995000000.0	5932000000.0	6241000000.0	10801000000.0	2307000000.0		339000000.0	339000000.0	3700000000.0		1980000000.0	586000000.0	1171000000.0		14532000000.0	7379000000.0	1755000000.0			85000000.0	7153000000.0	372000000.0	5457000000.0			5829000000.0	2048000000.0	732000000.0	12194000000.0	-34097000000.0	37892000000.0	8000000.0	859000000.0		2.03	1.73	0.3	17.341	
2022-07-31																																																																																																																																																																																													3006000000.0	6520000000.0	3514000000.0	3514000000.0	1924000000.0	197000000.0	705000000.0	1082000000.0		-63000000.0		63000000.0		-7000000.0		108000000.0	1861000000.0	255000000.0		1606000000.0		1924000000.0	2032000000.0	1606000000.0	26161000000.0	15434000000.0	2956000000.0	2956000000.0	5506000000.0	5117000000.0	10727000000.0	2194000000.0		337000000.0	337000000.0	3713000000.0		2047000000.0	592000000.0	1263000000.0		14091000000.0	6833000000.0	1686000000.0			98000000.0	7258000000.0	400000000.0	5456000000.0			5856000000.0	1923000000.0	847000000.0	12070000000.0	-32598000000.0	36520000000.0	9000000.0	869000000.0		1.94	1.79	0.15	8.3799	
2022-04-30																																																																																																																																																																																													2927000000.0	6245000000.0	3318000000.0	3318000000.0	1894000000.0	174000000.0	686000000.0	1033000000.0		-30000000.0	28000000.0	58000000.0		28000000.0		111000000.0	1864000000.0	328000000.0		1536000000.0		1919000000.0	2030000000.0	1536000000.0	25459000000.0	15244000000.0	3331000000.0	3331000000.0	5009000000.0	5056000000.0	10215000000.0	2071000000.0		85000000.0	85000000.0	3479000000.0		2102000000.0	591000000.0	1257000000.0		13880000000.0	6650000000.0	1558000000.0			82000000.0	7230000000.0	395000000.0	5455000000.0			5850000000.0	1705000000.0	813000000.0	11579000000.0	-31598000000.0	35137000000.0	9000000.0	883000000.0		1.85	1.9	-0.05	-2.6316	
2022-01-31																																																																																																																																																																																													2959000000.0	6271000000.0	3312000000.0	3312000000.0	1976000000.0	166000000.0	654000000.0	987000000.0		-51000000.0	6000000.0	57000000.0		6000000.0		102000000.0	1925000000.0	133000000.0		1792000000.0		1972000000.0	2074000000.0	1792000000.0	25428000000.0	15707000000.0	5264000000.0	5264000000.0	4526000000.0	4405000000.0	9721000000.0	1974000000.0		94000000.0	94000000.0	3479000000.0		2026000000.0	473000000.0	1039000000.0		13538000000.0	6264000000.0	1502000000.0			76000000.0	7274000000.0	303000000.0	5454000000.0			5530000000.0	2289000000.0	752000000.0	11890000000.0	-29798000000.0	33827000000.0	9000000.0	897000000.0		1.89	1.85	0.04	2.1622	
2021-10-31																																																																																																																																																																																													2945000000.0	6123000000.0	3178000000.0	3178000000.0	2014000000.0	155000000.0	622000000.0	932000000.0		-8000000.0	49000000.0	57000000.0		49000000.0		105000000.0	2006000000.0	294000000.0		1712000000.0		2063000000.0	2168000000.0	1712000000.0	25825000000.0	16107000000.0	4995000000.0	4995000000.0	4309000000.0	4953000000.0	9718000000.0	1934000000.0		104000000.0	104000000.0	3479000000.0		2055000000.0	464000000.0	1386000000.0		13578000000.0	6344000000.0	1472000000.0			73000000.0	7234000000.0	301000000.0	5452000000.0			5525000000.0	2723000000.0	692000000.0	12247000000.0	-27995000000.0	32246000000.0	9000000.0	907000000.0		1.94	1.95	-0.01	-0.5128	
2021-07-31																																																																																																																																																																																													2967000000.0	6196000000.0	3229000000.0	3229000000.0	2013000000.0	155000000.0	640000000.0	954000000.0		-33000000.0	24000000.0	57000000.0		24000000.0		98000000.0	1980000000.0	264000000.0		1716000000.0		2037000000.0	2135000000.0	1716000000.0	24479000000.0	15248000000.0	6066000000.0	6066000000.0	4117000000.0	3822000000.0	9231000000.0	1814000000.0		116000000.0	116000000.0	3479000000.0		1658000000.0	444000000.0	799000000.0		12419000000.0	5125000000.0	1352000000.0			69000000.0	7294000000.0	268000000.0	5451000000.0			5520000000.0	2016000000.0	699000000.0	12060000000.0	-26495000000.0	30748000000.0	9000000.0	918000000.0		1.9	1.77	0.13	7.3446	
2021-04-30																																																																																																																																																																																													2653000000.0	5582000000.0	2929000000.0	2929000000.0	1579000000.0	149000000.0	617000000.0	1074000000.0		-34000000.0	27000000.0	61000000.0		27000000.0		97000000.0	1545000000.0	215000000.0		1330000000.0		1603000000.0	1700000000.0	1330000000.0	24085000000.0	14971000000.0	6305000000.0	6305000000.0	4053000000.0	3375000000.0	9114000000.0	1768000000.0		127000000.0	127000000.0	3479000000.0		1569000000.0	460000000.0	778000000.0		12092000000.0	4822000000.0	1307000000.0			65000000.0	7270000000.0	253000000.0	5450000000.0			5515000000.0	1744000000.0	1820000000.0	11993000000.0	-24995000000.0	29247000000.0	9000000.0	927000000.0		1.63	1.51	0.12	7.947	
2021-01-31																																																																																																																																																																																													2349000000.0	5162000000.0	2813000000.0	2813000000.0	1283000000.0	161000000.0	606000000.0	1065000000.0		-43000000.0	18000000.0	61000000.0		18000000.0		94000000.0	1240000000.0	110000000.0		1130000000.0		1298000000.0	1392000000.0	1130000000.0	23305000000.0	14269000000.0	6213000000.0	6213000000.0	3925000000.0	3045000000.0	9036000000.0	1638000000.0		140000000.0	140000000.0	3479000000.0		1601000000.0	410000000.0	676000000.0		11832000000.0	4504000000.0	1076000000.0			63000000.0	7328000000.0	249000000.0	5449000000.0			5512000000.0	1793000000.0	1879000000.0	11473000000.0	-24245000000.0	28137000000.0	9000000.0	925000000.0		1.39	1.28	0.11	8.5937	
2020-10-31																																																																																																																																																																																													2130000000.0	4688000000.0	2558000000.0	2558000000.0	1283000000.0	156000000.0	560000000.0	847000000.0		-40000000.0	19000000.0	59000000.0		19000000.0		97000000.0	1243000000.0	112000000.0		1131000000.0		1302000000.0	1399000000.0	1131000000.0	22353000000.0	13369000000.0	5351000000.0	5351000000.0	3904000000.0	2963000000.0	8984000000.0	1604000000.0		153000000.0	153000000.0	3466000000.0		1538000000.0	387000000.0	764000000.0		11775000000.0	4459000000.0	1124000000.0			64000000.0	7316000000.0	259000000.0	5448000000.0			5512000000.0	1950000000.0	1868000000.0	10578000000.0	-24245000000.0	27209000000.0	9000000.0	921000000.0		1.25	1.17	0.08	6.8376	
2020-07-31																																																																																																																																																																																													1955000000.0	4395000000.0	2440000000.0	2440000000.0	1108000000.0	145000000.0	572000000.0	847000000.0		-61000000.0		61000000.0		-7000000.0		94000000.0	1040000000.0	199000000.0		841000000.0		1108000000.0	1202000000.0	841000000.0	21171000000.0	12248000000.0	4350000000.0	4350000000.0	3952000000.0	2806000000.0	8923000000.0	1784000000.0		157000000.0	157000000.0	3474000000.0		1538000000.0	406000000.0	734000000.0		11602000000.0	4285000000.0	2895000000.0			63000000.0	7317000000.0	259000000.0	5447000000.0			5510000000.0	-63000000.0	215000000.0	9569000000.0	-24195000000.0	26278000000.0	9000000.0	922000000.0		1.06	0.95	0.11	11.5789	
2020-04-30																																																																																																																																																																																													1749000000.0	3957000000.0	2208000000.0	2208000000.0	932000000.0	137000000.0	550000000.0	817000000.0		-54000000.0	7000000.0	61000000.0		7000000.0		91000000.0	878000000.0	123000000.0		755000000.0		939000000.0	1030000000.0	755000000.0	21815000000.0	12735000000.0	5281000000.0	5281000000.0	3725000000.0	2777000000.0	9080000000.0	1534000000.0		132000000.0	132000000.0	3426000000.0		1678000000.0	423000000.0	529000000.0		12791000000.0	4765000000.0	1062000000.0			659000000.0	8026000000.0	244000000.0	6215000000.0	600000000.0		7059000000.0	1528000000.0	1811000000.0	9024000000.0	-23995000000.0	25638000000.0	9000000.0	923000000.0		0.89	0.94	-0.05	-5.3191	
2020-01-31																																																																																																																																																																																													1858000000.0	4162000000.0	2304000000.0	2304000000.0	1042000000.0	129000000.0	552000000.0	816000000.0		-37000000.0	22000000.0	59000000.0		22000000.0		94000000.0	1005000000.0	113000000.0		892000000.0		1064000000.0	1158000000.0	892000000.0	19767000000.0	10769000000.0	3424000000.0	3424000000.0	3472000000.0	2815000000.0	8998000000.0	1555000000.0		142000000.0	142000000.0	3399000000.0		1713000000.0	536000000.0	522000000.0		11107000000.0	4569000000.0	1043000000.0			644000000.0	6538000000.0	160000000.0	4714000000.0	600000000.0		5474000000.0	1267000000.0	1824000000.0	8660000000.0	-23796000000.0	25085000000.0	9000000.0	927000000.0		0.98	0.93	0.05	5.3763	
2019-10-31																																																																																																																																																																																													1634000000.0	3754000000.0	2120000000.0	2120000000.0	864000000.0	126000000.0	515000000.0	770000000.0		-24000000.0	35000000.0	59000000.0		35000000.0		92000000.0	840000000.0	142000000.0		698000000.0		899000000.0	991000000.0	698000000.0	19035000000.0	10206000000.0	3129000000.0	3129000000.0	3474000000.0	2641000000.0	8829000000.0	1529000000.0		156000000.0	156000000.0	3399000000.0		1703000000.0	489000000.0	473000000.0		10810000000.0	4447000000.0	958000000.0			600000000.0	6363000000.0		4713000000.0	600000000.0		5313000000.0	1338000000.0	1650000000.0	8214000000.0	-23596000000.0	24386000000.0	9000000.0	931000000.0		0.8	0.76	0.04	5.2632	
2019-07-31																																																																																																																																																																																													1557000000.0	3562000000.0	2005000000.0	2005000000.0	802000000.0	112000000.0	515000000.0	755000000.0		-20000000.0	38000000.0	58000000.0		38000000.0		89000000.0	782000000.0	211000000.0		571000000.0		839000000.0	928000000.0	571000000.0	18805000000.0	10042000000.0	3014000000.0	3014000000.0	3539000000.0	2373000000.0	8763000000.0	1513000000.0		170000000.0	170000000.0	3399000000.0		1650000000.0	547000000.0	569000000.0		10689000000.0	3785000000.0	2355000000.0			1465000000.0	6904000000.0		5312000000.0			6777000000.0	1465000000.0	1592000000.0	8116000000.0	-23096000000.0	23880000000.0	9000000.0	937000000.0		0.74	0.7	0.04	5.7143	
2019-04-30																																																																																																																																																																																													1530000000.0	3539000000.0	2009000000.0	2009000000.0	776000000.0	113000000.0	508000000.0	754000000.0		-17000000.0	43000000.0	60000000.0		43000000.0		94000000.0	759000000.0	93000000.0		666000000.0		817000000.0	911000000.0	666000000.0	18775000000.0	10062000000.0	3116000000.0	3116000000.0	3677000000.0	2264000000.0	8713000000.0	1494000000.0		185000000.0	185000000.0	3399000000.0		1609000000.0	507000000.0	498000000.0		10574000000.0	3605000000.0	2212000000.0			1309000000.0	6969000000.0		5311000000.0			6620000000.0	1309000000.0	1658000000.0	8201000000.0	-22568000000.0	23502000000.0	9000000.0	948000000.0		0.7	0.66	0.04	6.0606	
2019-01-31																																																																																																																																																																																													1665000000.0	3753000000.0	2088000000.0	2088000000.0	908000000.0	110000000.0	516000000.0	757000000.0				60000000.0		40000000.0		88000000.0	888000000.0	117000000.0		771000000.0		948000000.0	1036000000.0	771000000.0	18922000000.0	10285000000.0	3192000000.0	3192000000.0	3703000000.0	2444000000.0	8637000000.0	1456000000.0		199000000.0	199000000.0	3368000000.0		1588000000.0	520000000.0	426000000.0		10713000000.0	3776000000.0	2420000000.0			1442000000.0	6937000000.0		5310000000.0			6752000000.0	1442000000.0	1627000000.0	8209000000.0	-21943000000.0	23032000000.0	9000000.0	965000000.0		0.81	0.79	0.02	2.5316	
2018-10-31																																																																																																																																																																																													1780000000.0	4014000000.0	2234000000.0	2234000000.0	1016000000.0	119000000.0	518000000.0	764000000.0				60000000.0		42000000.0		120000000.0	998000000.0	122000000.0		876000000.0		1058000000.0	1178000000.0	876000000.0	17773000000.0	10747000000.0	3440000000.0	3440000000.0	3722000000.0	2565000000.0	7026000000.0	1407000000.0		213000000.0	213000000.0	3368000000.0		1568000000.0	590000000.0	430000000.0		10934000000.0	4068000000.0	2721000000.0			1725000000.0	6866000000.0		5309000000.0			7034000000.0	1725000000.0	1557000000.0	6839000000.0	-21194000000.0	20874000000.0	10000000.0	984000000.0		0.97	0.97	0.0	0.0	
2018-07-31																																																																																																																																																																																													2027000000.0	4468000000.0	2441000000.0	2441000000.0	1257000000.0	128000000.0	504000000.0	770000000.0				59000000.0		41000000.0		110000000.0	1077000000.0	61000000.0		1173000000.0		1136000000.0	1246000000.0	1173000000.0	17883000000.0	10889000000.0	3374000000.0	3374000000.0	3681000000.0	2882000000.0	6994000000.0	1321000000.0		263000000.0	263000000.0	3368000000.0		1613000000.0	610000000.0	342000000.0		11058000000.0	4322000000.0	2741000000.0			1647000000.0	6736000000.0		5308000000.0	5308000000.0		6955000000.0	1647000000.0	1428000000.0	6825000000.0	-20444000000.0	20191000000.0	10000000.0	1005000000.0		1.2	1.17	0.03	2.5641	
2018-04-30																																																																																																																																																																																													2090000000.0	4567000000.0	2477000000.0	2477000000.0	1327000000.0	124000000.0	509000000.0	763000000.0				56000000.0		24000000.0		108000000.0	1295000000.0	166000000.0		1129000000.0		1317000000.0	1425000000.0	1129000000.0	18498000000.0	11891000000.0	4870000000.0	4870000000.0	3494000000.0	2665000000.0	6607000000.0	1257000000.0		313000000.0	313000000.0	3368000000.0		1214000000.0	482000000.0	380000000.0		11456000000.0	4580000000.0	2619000000.0			1455000000.0	6876000000.0		5306000000.0	5306000000.0		6761000000.0	1455000000.0	1570000000.0	7042000000.0	-19193000000.0	19216000000.0	10000000.0	1040000000.0		1.22	1.14	0.08	7.0175	
2018-01-31																																																																																																																																																																																													1920000000.0	4204000000.0	2284000000.0	2284000000.0	1215000000.0	110000000.0	488000000.0	724000000.0				59000000.0		25000000.0		119000000.0	1183000000.0	1027000000.0		135000000.0		1242000000.0	1361000000.0	135000000.0	19663000000.0	13029000000.0	6799000000.0	6799000000.0	3125000000.0	2182000000.0	6634000000.0	1195000000.0		362000000.0	362000000.0	3368000000.0		1203000000.0	655000000.0	268000000.0		11157000000.0	4399000000.0	2381000000.0			1340000000.0	6758000000.0		5305000000.0	5305000000.0		6645000000.0	1340000000.0	1453000000.0	8506000000.0	-16694000000.0	18288000000.0	11000000.0	1071000000.0		1.06	0.98	0.08	8.1633	
2017-10-31																																																																																																																																																																																													1787000000.0	3969000000.0	2182000000.0	2182000000.0	1098000000.0	118000000.0	466000000.0	689000000.0				57000000.0		33000000.0		105000000.0	1074000000.0	92000000.0		982000000.0		1131000000.0	1236000000.0	982000000.0	19419000000.0	12918000000.0	5010000000.0	5010000000.0	2930000000.0	2338000000.0	6501000000.0	1066000000.0		412000000.0	412000000.0	3368000000.0		1143000000.0	2266000000.0	374000000.0		10070000000.0	4115000000.0	2450000000.0			2450000000.0	5955000000.0		5304000000.0	5304000000.0		7754000000.0	-2450000000.0	651000000.0	9349000000.0	-15912000000.0	18258000000.0	11000000.0	1076000000.0		0.93	0.91	0.02	2.1978	
2017-07-31																																																																																																																																																																																													1700000000.0	3744000000.0	2044000000.0	2044000000.0	1023000000.0	106000000.0	454000000.0	677000000.0				59000000.0		14000000.0		102000000.0	978000000.0	53000000.0		925000000.0		1036000000.0	1138000000.0	925000000.0	19078000000.0	12731000000.0	5278000000.0	5278000000.0	2876000000.0	2258000000.0	6347000000.0	996000000.0		461000000.0	461000000.0	3357000000.0		1059000000.0	1953000000.0	366000000.0		10362000000.0	4371000000.0	2255000000.0			2255000000.0	5991000000.0		5303000000.0	5303000000.0		7558000000.0	-2255000000.0	688000000.0	8716000000.0	-15527000000.0	17383000000.0	11000000.0	1083000000.0		0.86	0.84	0.02	2.381	
2017-04-30																																																																																																																																																																																													1600000000.0	3546000000.0	1946000000.0	1946000000.0	940000000.0	107000000.0	437000000.0	660000000.0				44000000.0		12000000.0		103000000.0	908000000.0	84000000.0		824000000.0		951000000.0	1054000000.0	824000000.0	18240000000.0	12018000000.0	4944000000.0	4944000000.0	2609000000.0	2381000000.0	6222000000.0	969000000.0		490000000.0	490000000.0	3330000000.0		961000000.0	1800000000.0	284000000.0		10028000000.0	4097000000.0	2310000000.0			200000000.0	5931000000.0		5302000000.0	5502000000.0		5502000000.0	-200000000.0	629000000.0	8212000000.0	-15152000000.0	16564000000.0	11000000.0	1087000000.0		0.79	0.76	0.03	3.9474	
2017-01-31																																																																																																																																																																																													1445000000.0	3278000000.0	1833000000.0	1833000000.0	807000000.0	103000000.0	417000000.0	638000000.0				38000000.0		2000000.0		97000000.0	771000000.0	68000000.0		703000000.0		807000000.0	904000000.0	703000000.0	15244000000.0	9094000000.0	3491000000.0	3491000000.0	2281000000.0	2369000000.0	6150000000.0	949000000.0		527000000.0	527000000.0	3316000000.0		909000000.0	656000000.0	297000000.0		7557000000.0	3808000000.0	2139000000.0			200000000.0	3749000000.0		3125000000.0			3325000000.0	-200000000.0	624000000.0	7687000000.0	-14870000000.0	15847000000.0	11000000.0	1089000000.0		0.67	0.66	0.01	1.5152	
2016-10-31																																																																																																																																																																																													1399000000.0	3297000000.0	1898000000.0	1898000000.0	777000000.0	114000000.0	394000000.0	622000000.0				38000000.0		1000000.0		100000000.0	740000000.0	130000000.0		610000000.0		778000000.0	878000000.0	610000000.0	14589000000.0	8353000000.0	3406000000.0	3406000000.0	2050000000.0	2279000000.0	6236000000.0	937000000.0		575000000.0	575000000.0	3316000000.0		929000000.0	343000000.0	275000000.0		7371000000.0	3632000000.0	813000000.0			200000000.0	3739000000.0		3143000000.0	3325000000.0		3343000000.0	1563000000.0	596000000.0	7217000000.0	-14740000000.0	15252000000.0	11000000.0	1093000000.0		0.66	0.65	0.01	1.5385	
2016-07-31																																																																																																																																																																																													1192000000.0	2821000000.0	1629000000.0	1629000000.0	596000000.0	103000000.0	386000000.0	596000000.0				38000000.0		6000000.0		97000000.0	564000000.0	59000000.0		505000000.0		602000000.0	699000000.0	505000000.0	13699000000.0	7399000000.0	2828000000.0	2828000000.0	2026000000.0	1852000000.0	6300000000.0	905000000.0		621000000.0	621000000.0	3305000000.0		960000000.0	438000000.0	255000000.0		6880000000.0	2964000000.0	1800000000.0			1083000000.0	3916000000.0		3343000000.0	200000000.0		4426000000.0	1083000000.0	573000000.0	6819000000.0	-14569000000.0	14750000000.0	11000000.0	1093000000.0		0.5	0.48	0.02	4.1667	
2016-04-30																																																																																																																																																																																													1004000000.0	2450000000.0	1446000000.0	1446000000.0	425000000.0	91000000.0	386000000.0	579000000.0				37000000.0		7000000.0		96000000.0	395000000.0	75000000.0		320000000.0		432000000.0	528000000.0	320000000.0	13075000000.0	6728000000.0	2470000000.0	2470000000.0	1924000000.0	1913000000.0	6347000000.0	904000000.0		668000000.0	668000000.0	3304000000.0		934000000.0	170000000.0	251000000.0		6510000000.0	2611000000.0	1630000000.0			986000000.0	3899000000.0		3343000000.0	200000000.0		4329000000.0	986000000.0	556000000.0	6565000000.0	-14373000000.0	14353000000.0	11000000.0	1119000000.0		0.34	0.32	0.02	6.25	
2016-01-31																																																																																																																																																																																													916000000.0	2257000000.0	1341000000.0	1341000000.0	354000000.0	82000000.0	374000000.0	562000000.0				42000000.0		2000000.0		96000000.0	314000000.0	28000000.0		286000000.0		356000000.0	452000000.0	286000000.0	13326000000.0	6910000000.0	2962000000.0	2962000000.0	1835000000.0	1625000000.0	6416000000.0	908000000.0		714000000.0	714000000.0	3302000000.0		996000000.0	154000000.0	334000000.0		6158000000.0	2307000000.0	1457000000.0			908000000.0	3851000000.0		3343000000.0			4251000000.0	908000000.0	508000000.0	7168000000.0	-13473000000.0	14142000000.0	11000000.0	1154000000.0		0.26	0.25	0.01	4.0	
2015-10-31																																																																																																																																																																																													959000000.0	2368000000.0	1409000000.0	1409000000.0	423000000.0	77000000.0	363000000.0	536000000.0				32000000.0		6000000.0		96000000.0	397000000.0	61000000.0		336000000.0		429000000.0	525000000.0	336000000.0	15308000000.0	9261000000.0	4797000000.0	4797000000.0	1833000000.0	1739000000.0	6047000000.0	892000000.0		762000000.0	762000000.0	3302000000.0		946000000.0	168000000.0	724000000.0		7695000000.0	3798000000.0	658000000.0			1200000000.0	3897000000.0		3342000000.0	4542000000.0		4542000000.0	1057000000.0	555000000.0	7613000000.0	-12848000000.0	13967000000.0	11000000.0	1190000000.0		0.29	0.29	0.0	0.0	
2015-07-31																																																																																																																																																																																													1018000000.0	2490000000.0	1472000000.0	1472000000.0	396000000.0	135000000.0	372000000.0	619000000.0				24000000.0		3000000.0		93000000.0	375000000.0	46000000.0		329000000.0		399000000.0	492000000.0	329000000.0	13153000000.0	7043000000.0	2574000000.0	2574000000.0	1739000000.0	1991000000.0	6110000000.0	882000000.0		811000000.0	811000000.0	3304000000.0		958000000.0	169000000.0	570000000.0		5176000000.0	3020000000.0	2162000000.0			400000000.0	2156000000.0		1547000000.0			1947000000.0	-400000000.0	609000000.0	7977000000.0	-12149000000.0	13747000000.0	12000000.0	1231000000.0		0.33	0.33	0.0	0.0	
2015-04-30																																																																																																																																																																																													1016000000.0	2442000000.0	1426000000.0	1426000000.0	416000000.0	140000000.0	365000000.0	600000000.0				24000000.0		-3000000.0		90000000.0	389000000.0	25000000.0		364000000.0		416000000.0	506000000.0	364000000.0	13587000000.0	7447000000.0	3067000000.0	3067000000.0	1713000000.0	1798000000.0	6140000000.0	887000000.0		860000000.0	860000000.0	3304000000.0		936000000.0	163000000.0	706000000.0		5236000000.0	2696000000.0	1822000000.0			1175000000.0	2540000000.0		1947000000.0			3122000000.0	1175000000.0	593000000.0	8351000000.0	-11524000000.0	13538000000.0	12000000.0	1241000000.0		0.29	0.28	0.01	3.5714	
2015-01-31																																																																																																																																																																																													959000000.0	2359000000.0	1400000000.0	1400000000.0	458000000.0	117000000.0	351000000.0	501000000.0				23000000.0		2000000.0		92000000.0	437000000.0	89000000.0		348000000.0		460000000.0	552000000.0	348000000.0	13073000000.0	6933000000.0	2929000000.0	2929000000.0	1641000000.0	1580000000.0	6140000000.0	864000000.0		905000000.0	905000000.0	3304000000.0		930000000.0	158000000.0	625000000.0		5001000000.0	2521000000.0	1737000000.0			1087000000.0	2480000000.0		1947000000.0			3034000000.0	1087000000.0	533000000.0	8072000000.0	-11524000000.0	13297000000.0	12000000.0	1240000000.0		0.27	0.27	0.0	0.0	
2014-10-31																																																																																																																																																																																													959000000.0	2264000000.0	1305000000.0	1305000000.0	412000000.0	90000000.0	360000000.0	549000000.0				23000000.0		6000000.0		94000000.0	398000000.0	142000000.0		256000000.0		421000000.0	515000000.0	256000000.0	13174000000.0	6967000000.0	3002000000.0	3002000000.0	1567000000.0	1670000000.0	6207000000.0	861000000.0		951000000.0	951000000.0	3304000000.0		935000000.0	160000000.0	568000000.0		5272000000.0	2823000000.0	1883000000.0			1270000000.0	2449000000.0		1947000000.0	1947000000.0		3217000000.0	1270000000.0	536000000.0	7902000000.0	-11524000000.0	13072000000.0	12000000.0	1236000000.0		0.27	0.27	0.0	0.0	
2014-07-31																																																																																																																																																																																													992000000.0	2265000000.0	1273000000.0	1273000000.0	391000000.0	126000000.0	357000000.0	601000000.0				24000000.0		3000000.0		93000000.0	370000000.0	69000000.0		301000000.0		394000000.0	487000000.0	301000000.0	12851000000.0	6640000000.0	2726000000.0	2726000000.0	1547000000.0	1622000000.0	6211000000.0	849000000.0		979000000.0	979000000.0	3294000000.0		957000000.0	145000000.0	600000000.0		5167000000.0	2755000000.0	1689000000.0			1106000000.0	2412000000.0		1947000000.0			3053000000.0	1106000000.0	465000000.0	7684000000.0	-11524000000.0	12938000000.0	12000000.0	1233000000.0		0.28	0.27	0.01	3.7037	
2014-04-30																																																																																																																																																																																													1001000000.0	2353000000.0	1352000000.0	1352000000.0	387000000.0	129000000.0	355000000.0	614000000.0				23000000.0		1000000.0		94000000.0	365000000.0	103000000.0		262000000.0		388000000.0	482000000.0	262000000.0	12555000000.0	6401000000.0	2453000000.0	2453000000.0	1564000000.0	1615000000.0	6154000000.0	855000000.0		1018000000.0	1018000000.0	3294000000.0		836000000.0	146000000.0	623000000.0		5080000000.0	2662000000.0	1663000000.0			1057000000.0	2418000000.0		1947000000.0			3004000000.0	1057000000.0	471000000.0	7475000000.0	-11524000000.0	12759000000.0	12000000.0	1229000000.0		0.28	0.28	0.0	0.0	
2014-01-31																																																																																																																																																																																													891000000.0	2190000000.0	1299000000.0	1299000000.0	330000000.0	89000000.0	356000000.0	561000000.0				25000000.0		13000000.0		94000000.0	315000000.0	62000000.0		253000000.0		340000000.0	434000000.0	253000000.0	12199000000.0	6014000000.0	2144000000.0	2144000000.0	1533000000.0	1510000000.0	6185000000.0	846000000.0		1057000000.0	1057000000.0	3294000000.0		833000000.0	145000000.0	682000000.0		4958000000.0	2477000000.0	1576000000.0			931000000.0	2481000000.0		1946000000.0			2877000000.0	931000000.0	535000000.0	7241000000.0	-11524000000.0	12619000000.0	12000000.0	1225000000.0		0.23	0.22	0.01	4.5455	
2013-10-31																																																																																																																																																																																													795000000.0	1988000000.0	1193000000.0	1193000000.0	211000000.0	117000000.0	338000000.0	584000000.0				24000000.0		31000000.0		98000000.0	194000000.0	11000000.0		183000000.0		218000000.0	316000000.0	183000000.0	12043000000.0	5642000000.0	1711000000.0	1711000000.0	1413000000.0	1633000000.0	6401000000.0	850000000.0		1103000000.0	1103000000.0	3294000000.0		1005000000.0	180000000.0	705000000.0		4955000000.0	2443000000.0	1649000000.0			1067000000.0	2512000000.0		1946000000.0			3013000000.0	1067000000.0	566000000.0	7088000000.0	-11524000000.0	12487000000.0	12000000.0	1222000000.0		0.19	0.18	0.01	5.5556	
2013-07-31																																																																																																																																																																																													806000000.0	1975000000.0	1169000000.0	1169000000.0	250000000.0	97000000.0	334000000.0	556000000.0				23000000.0		-19000000.0		100000000.0	228000000.0	60000000.0		168000000.0		251000000.0	351000000.0	168000000.0	11751000000.0	5237000000.0	1745000000.0	1745000000.0	1358000000.0	1170000000.0	6514000000.0	872000000.0		1148000000.0	1148000000.0	3294000000.0		1055000000.0	230000000.0	734000000.0		4797000000.0	2202000000.0	1446000000.0			931000000.0	2595000000.0		1946000000.0			2877000000.0	931000000.0	649000000.0	6954000000.0	-11477000000.0	12425000000.0	12000000.0	1220000000.0		0.18	0.19	-0.01	-5.2632	
2013-04-30																																																																																																																																																																																													808000000.0	1973000000.0	1165000000.0	1165000000.0	-68000000.0	126000000.0	344000000.0	876000000.0				24000000.0		4000000.0		106000000.0	-90000000.0	39000000.0		-129000000.0		-66000000.0	40000000.0	-129000000.0	11695000000.0	5113000000.0	1545000000.0	1545000000.0	1318000000.0	1275000000.0	6582000000.0	886000000.0		1194000000.0	1194000000.0	3294000000.0		1080000000.0	225000000.0	750000000.0		4797000000.0	2201000000.0	1462000000.0			931000000.0	2596000000.0		1946000000.0			2877000000.0	931000000.0	650000000.0	6898000000.0	-11427000000.0	12378000000.0	12000000.0	1203000000.0		0.16	0.13	0.03	23.0769	
2013-01-31																																																																																																																																																																																													582000000.0	1573000000.0	991000000.0	991000000.0	39000000.0	125000000.0	304000000.0	534000000.0				24000000.0		3000000.0		106000000.0	18000000.0	-16000000.0		34000000.0		42000000.0	148000000.0	34000000.0	11714000000.0	4765000000.0	1523000000.0	1523000000.0	1278000000.0	1109000000.0	6949000000.0	900000000.0		1302000000.0	1302000000.0	3518000000.0		1062000000.0	230000000.0	625000000.0		4573000000.0	1965000000.0	1287000000.0			857000000.0	2608000000.0		1946000000.0			2803000000.0	857000000.0	662000000.0	7141000000.0	-11327000000.0	12626000000.0	12000000.0	1212000000.0		0.06	0.03	0.03	100.0	
2012-10-31																																																																																																																																																																																													586000000.0	1646000000.0	1060000000.0	1060000000.0	-499000000.0	49000000.0	303000000.0	540000000.0				23000000.0		5000000.0		97000000.0	-532000000.0	-17000000.0		-515000000.0		-509000000.0	-412000000.0	-515000000.0	12102000000.0	5102000000.0	1392000000.0	1392000000.0	1272000000.0	1220000000.0	7000000000.0	910000000.0		1355000000.0	1355000000.0	3518000000.0		1055000000.0	545000000.0	304000000.0		4867000000.0	2265000000.0	1436000000.0			1040000000.0	2602000000.0		1946000000.0			2986000000.0	1114000000.0	315000000.0	7235000000.0	-11279000000.0	12700000000.0	12000000.0	1220000000.0		0.06	0.03	0.03	100.0	
2012-07-31																																																																																																																																																																																													930000000.0	2343000000.0	1413000000.0	1413000000.0	322000000.0	137000000.0	309000000.0	608000000.0				24000000.0		4000000.0		105000000.0	302000000.0	84000000.0		218000000.0		326000000.0	431000000.0	218000000.0	13320000000.0	5865000000.0	1529000000.0	1529000000.0	1380000000.0	1535000000.0	7455000000.0	917000000.0		1410000000.0	1410000000.0	3939000000.0		1058000000.0	635000000.0	288000000.0		4981000000.0	2408000000.0	1410000000.0			967000000.0	2573000000.0		1946000000.0			1946000000.0	1028000000.0	241000000.0	8339000000.0	-10763000000.0	13323000000.0	12000000.0	1268000000.0		0.24	0.22	0.02	9.0909	
2012-04-30																																																																																																																																																																																													1011000000.0	2541000000.0	1530000000.0	1530000000.0	409000000.0	251000000.0	321000000.0	602000000.0				23000000.0		4000000.0		108000000.0	387000000.0	98000000.0		289000000.0		410000000.0	518000000.0	289000000.0	13877000000.0	6330000000.0	1761000000.0	1761000000.0	1594000000.0	1785000000.0	7547000000.0	939000000.0		1464000000.0	1464000000.0	3939000000.0		1071000000.0	409000000.0	781000000.0		5174000000.0	2666000000.0	507000000.0			1000000.0	2508000000.0		1946000000.0			1947000000.0	959000000.0	562000000.0	8703000000.0	-10264000000.0	13217000000.0	13000000.0	1301000000.0		0.27	0.24	0.03	12.5	
2012-01-31																																																																																																																																																																																													786000000.0	2189000000.0	1403000000.0	1403000000.0	179000000.0	300000000.0	304000000.0	607000000.0				24000000.0		4000000.0		112000000.0	159000000.0	42000000.0		117000000.0		183000000.0	295000000.0	117000000.0	13597000000.0	6157000000.0	1681000000.0	1681000000.0	1772000000.0	1576000000.0	7440000000.0	956000000.0		1519000000.0	1519000000.0	3875000000.0		955000000.0	316000000.0	812000000.0		4947000000.0	2494000000.0	484000000.0			2000000.0	2453000000.0		1947000000.0			1949000000.0	843000000.0	506000000.0	8650000000.0	-10064000000.0	13043000000.0	13000000.0	1310000000.0		0.18	0.12	0.06	50.0	
2011-10-31																																																																																																																																																																																													851000000.0	2181000000.0	1330000000.0	1330000000.0	361000000.0	222000000.0	268000000.0	490000000.0				24000000.0		10000000.0		59000000.0	343000000.0	-112000000.0		455000000.0		367000000.0	426000000.0	455000000.0	13861000000.0	10355000000.0	5960000000.0	5960000000.0	1701000000.0	1532000000.0	3506000000.0	866000000.0		211000000.0	211000000.0	1335000000.0		931000000.0	283000000.0	879000000.0		5061000000.0	2794000000.0	484000000.0			1036000000.0	2267000000.0		1947000000.0			1947000000.0	1036000000.0	320000000.0	8800000000.0	-9864000000.0	13029000000.0	13000000.0	1330000000.0		0.21	0.19	0.02	10.5263	
2011-07-31																																																																																																																																																																																													1184000000.0	2787000000.0	1603000000.0	1603000000.0	687000000.0	240000000.0	282000000.0	522000000.0				25000000.0		7000000.0		59000000.0	669000000.0	193000000.0		476000000.0		694000000.0	753000000.0	476000000.0	14103000000.0	10273000000.0	5018000000.0	5018000000.0	1849000000.0	1812000000.0	3830000000.0	854000000.0		223000000.0	223000000.0	1335000000.0		1052000000.0	739000000.0	855000000.0		5552000000.0	3278000000.0	1653000000.0				2274000000.0		1947000000.0			1947000000.0	278000000.0	327000000.0	8551000000.0	-9689000000.0	12678000000.0	13000000.0	1330000000.0		0.35	0.33	0.02	6.0606	
2011-04-30																																																																																																																																																																																													1189000000.0	2862000000.0	1673000000.0	1673000000.0	677000000.0	112000000.0	297000000.0	516000000.0				5000000.0		14000000.0		65000000.0	686000000.0	197000000.0		489000000.0		691000000.0	756000000.0	489000000.0	11957000000.0	7944000000.0	2558000000.0	2558000000.0	1794000000.0	2026000000.0	4013000000.0	898000000.0		236000000.0	236000000.0	1336000000.0		1269000000.0	750000000.0	816000000.0		3775000000.0	3251000000.0	814000000.0			1000000.0	524000000.0		204000000.0			205000000.0	946000000.0	320000000.0	8182000000.0	-9664000000.0	12308000000.0	13000000.0	1333000000.0		0.38	0.37	0.01	2.7027	
2011-01-31																																																																																																																																																																																													1136000000.0	2686000000.0	1550000000.0	1550000000.0	674000000.0	112000000.0	270000000.0	462000000.0				5000000.0		11000000.0		63000000.0	680000000.0	174000000.0		506000000.0		685000000.0	748000000.0	506000000.0	11274000000.0	7142000000.0	1974000000.0	1974000000.0	1647000000.0	1946000000.0	4132000000.0	893000000.0		273000000.0	273000000.0	1336000000.0		1351000000.0	772000000.0	803000000.0		3435000000.0	2914000000.0	686000000.0			1000000.0	521000000.0		204000000.0			205000000.0	896000000.0	317000000.0	7839000000.0	-9546000000.0	11925000000.0	13000000.0	1335000000.0		0.36	0.33	0.03	9.0909	
2010-10-31																																																																																																																																																																																													1216798000.0	2886435000.0	1669637000.0	1669637000.0	698917000.0	139248000.0	278192000.0	520099000.0				5745000.0		10177000.0		68773000.0	703349000.0	235334000.0		468015000.0		709094000.0	777867000.0	468015000.0	10943345000.0	6765315000.0	1857664000.0	1857664000.0	1547378000.0	1831006000.0	4178030000.0	963004000.0		286821000.0	286821000.0	1336426000.0		1307283000.0	726918000.0	802349000.0		3407232000.0	2887876000.0	657971000.0			1258000.0	519356000.0		204271000.0			205529000.0	1009361000.0	315085000.0	7536113000.0	-9396274000.0	11510843000.0	13280000.0	1348804000.0		0.36	0.31	0.05	16.129	
2010-07-31																																																																																																																																																																																													860128000.0	2517790000.0	1657662000.0	1657662000.0	182651000.0	145994000.0	290398000.0	542146000.0				5496000.0		8480000.0		72564000.0	177831000.0	54735000.0		123096000.0		183436000.0	256000000.0	123096000.0	10726148000.0	6551748000.0	1564337000.0	1564337000.0	1590052000.0	1721496000.0	4174400000.0	983790000.0		300401000.0	300401000.0	1336426000.0		1279515000.0	783799000.0	892064000.0		3448009000.0	2889472000.0	628326000.0			1848000.0	558537000.0		204438000.0			206286000.0	1015280000.0	354099000.0	7278139000.0	-9246407000.0	11135753000.0	13361000.0	1348808000.0		0.29	0.25	0.04	16.0	
2010-04-30																																																																																																																																																																																													926892000.0	2295540000.0	1368648000.0	1368648000.0	385797000.0	125779000.0	305928000.0	541000000.0				5206000.0		10132000.0		86766000.0	387052000.0	123048000.0		264004000.0		392234000.0	479000000.0	264004000.0	10449749000.0	6173294000.0	1596429000.0	1596429000.0	1690445000.0	1437746000.0	4276455000.0	1083525000.0		346228000.0	346228000.0	1336426000.0		1230214000.0	738433000.0	710241000.0		3128668000.0	2575820000.0	546359000.0			1803000.0	552848000.0		204847000.0			206650000.0	893866000.0	348001000.0	7321081000.0	-9146562000.0	11106136000.0	13430000.0	1352436000.0		0.22	0.21	0.01	4.7619	
2010-01-31																																																																																																																																																																																													711184000.0	1848902000.0	1137718000.0	1137718000.0	116343000.0	124799000.0	269003000.0	595000000.0				5000000.0		8641000.0		76412000.0	118734000.0	35983000.0		82751000.0		123588000.0	200000000.0	82751000.0	10003838000.0	5849263000.0	1399054000.0	1399054000.0	1664269000.0	1267409000.0	4154575000.0	1128669000.0	-1835359000.0	374000000.0	374000000.0	1336426000.0		1046116000.0	755122000.0	763409000.0		2855695000.0	2277948000.0	466924000.0			2400000.0	577747000.0		210547000.0			212947000.0	785107000.0	367200000.0	7148143000.0	-9046562000.0	10936149000.0	13433000.0	1349567000.0		0.13	0.13	0.0	0.0	
2009-10-31																																																																																																																																																																																													558836000.0	1526394000.0	967558000.0	967558000.0	172942000.0	76138000.0	234188000.0	389587000.0				5359000.0				71594000.0	173848000.0	35986000.0		0.0		179207000.0	250801000.0	137862000.0	9574243000.0	5688947000.0	1576381000.0	1576381000.0	1627457000.0	1041495000.0	3885296000.0	1090433000.0	-1816524000.0	306416000.0	306416000.0	1170932000.0		1052165000.0	638349000.0	805265000.0		2479635000.0	1939457000.0	477148000.0			1240000.0	540178000.0		200654000.0			201894000.0	547400000.0	339524000.0	7094608000.0	-9046562000.0	10934004000.0	13409000.0	1333091000.0		0.11	0.03	0.08	266.6667	
2009-07-31																																																																																																																																																																																													324874000.0	1133740000.0	808866000.0	808866000.0	-77183000.0	88487000.0	234052000.0	402057000.0				4893000.0		10233000.0		73501000.0	-74184000.0	-19319000.0		-54865000.0		-69291000.0	4210000.0	-54865000.0	9580281000.0	5764792000.0	1555470000.0	1555470000.0	1748507000.0	842169000.0	3815489000.0	1088058000.0	-1788673000.0	327351000.0	327351000.0	1171740000.0		990167000.0	583188000.0	1035458000.0		2566672000.0	2038983000.0	398541000.0			1203000.0	527689000.0		201200000.0			202403000.0	657991000.0	326489000.0	7013609000.0	-9100915000.0	10896826000.0	13337000.0	1333278000.0		-0.03	-0.08	0.05	62.5	
2009-04-30																																																																																																																																																																																													155519000.0	1020077000.0	864558000.0	864558000.0	-293283000.0	101080000.0	236335000.0	448802000.0				5058000.0				74880000.0	-382808000.0	-127418000.0		0.0		-377750000.0	-302870000.0	-255390000.0	9749099000.0	5914806000.0	1466976000.0	1466976000.0	1901024000.0	914392000.0	3834293000.0	1090123000.0		347117000.0	347117000.0	1171740000.0			597389000.0	1035025000.0		2653200000.0	2132833000.0	354197000.0			1156000.0	520367000.0		201165000.0			202321000.0	693718000.0		7095899000.0	-9100915000.0	11031711000.0	13330000.0	1331729000.0		-0.12	-0.1	-0.02	-20.0	
2009-01-31																																																																																																																																																																																													391576000.0	1333396000.0	941820000.0	941820000.0	-196092000.0	141241000.0	229540000.0	587668000.0				5994000.0				71228000.0	-202659000.0	-69725000.0		0.0		-196665000.0	-125437000.0	-132934000.0	10427603000.0	6279668000.0	1366196000.0	1366196000.0	2131092000.0	1462036000.0	4147935000.0	1108186000.0		366980000.0	366980000.0	1171740000.0			551196000.0	769148000.0		3070932000.0	2529731000.0	447712000.0			1259000.0	541201000.0		201895000.0			203154000.0	879091000.0		7356671000.0	-9157868000.0	11386759000.0	13293000.0	1329223000.0		-0.02		0.0		
2008-10-31																																																																																																																																																																																													798705000.0	2043677000.0	1244972000.0	1244972000.0	294628000.0	138410000.0	275222000.0	513763000.0				4846000.0				80012000.0	322689000.0	91594000.0		0.0		284942000.0	364954000.0	231095000.0	10906318000.0	6664157000.0	1411624000.0	1411624000.0	1987017000.0	1816632000.0	4242161000.0	1094200000.0		388429000.0	388429000.0	1174673000.0			689044000.0	759840000.0		3457360000.0	2945552000.0	588255000.0			1068000.0	511808000.0		201576000.0			202644000.0	957100000.0		7448958000.0	-9134962000.0	11501288000.0	13308000.0	1374507000.0		0.18	0.14	0.04	28.5714	
2008-07-31																																																																																																																																																																																													742314000.0	1848168000.0	1105854000.0	1105854000.0	228332000.0	129341000.0	268559000.0	513844000.0				4859000.0				85718000.0	242564000.0	77796000.0		0.0		228470000.0	314188000.0	164768000.0	10998441000.0	6623875000.0	1140532000.0	1140532000.0	1853316000.0	1653930000.0	4374566000.0	1090462000.0		419756000.0	419756000.0	1175777000.0			1157143000.0	818954000.0		3457646000.0	2911376000.0	568405000.0			981000.0	546270000.0		201926000.0			202907000.0	1773252000.0		7540795000.0	-8875052000.0	11350019000.0	13417000.0	1367557000.0		0.14	0.14	0.0	0.0	
2008-04-30																																																																																																																																																																																													966828000.0	2149998000.0	1183170000.0	1183170000.0	437751000.0	122035000.0	287122000.0	528567000.0				6256000.0				75847000.0	454143000.0	151636000.0		0.0		438261000.0	514108000.0	302507000.0	10970950000.0	6606938000.0	1098259000.0	1098259000.0	1626239000.0	1729487000.0	4364012000.0	1073802000.0		456920000.0	456920000.0	1176122000.0			1357097000.0	795856000.0		3260146000.0	2707425000.0	568284000.0			2749000.0	552721000.0		202000000.0			204749000.0	1607914000.0		7710804000.0	-8575054000.0	11265710000.0	13554000.0	1373314000.0		0.24	0.22	0.02	9.0909	
2008-01-31																																																																																																																																																																																													934981000.0	2087397000.0	1152416000.0	1152416000.0	372883000.0	115976000.0	273219000.0	562098000.0				4545000.0				78474000.0	389322000.0	126946000.0		0.0		421869000.0	500343000.0	262376000.0	10352488000.0	6191806000.0	1215649000.0	1215649000.0	1387512000.0	2014501000.0	4160682000.0	1065087000.0		354450000.0	354450000.0	1017705000.0			689907000.0	884237000.0		2893757000.0	2353470000.0	462116000.0			2674000.0	540287000.0		202476000.0			205150000.0	1372358000.0		7458731000.0	-8323728000.0	11044518000.0	13536000.0	1383886000.0		0.23	0.2	0.03	15.0	
2007-10-31																																																																																																																																																																																													1076905000.0	2367044000.0	1290139000.0	1290139000.0	561094000.0	125624000.0	270878000.0	512772000.0				9243000.0				81024000.0	579245000.0	157484000.0		0.0		564133000.0	645157000.0	421761000.0	10654075000.0	6605624000.0	1202722000.0	1202722000.0	1313237000.0	2049427000.0	4048451000.0	1051242000.0		373178000.0	373178000.0	1000176000.0			1166857000.0	873381000.0		2832666000.0	2373423000.0	455894000.0			2561000.0	459243000.0		202281000.0			204842000.0	1311944000.0		7821409000.0	-7725924000.0	10863291000.0	13857000.0	1427002000.0		0.3	0.29	0.01	3.4483	
2007-07-31																																																																																																																																																																																													1216390000.0	2560984000.0	1344594000.0	1344594000.0	671862000.0	134359000.0	292584000.0	542912000.0				10075000.0				63332000.0	686907000.0	213392000.0		0.0		673478000.0	736810000.0	473515000.0	10365383000.0	6811435000.0	1112675000.0	1112675000.0	1361875000.0	2240290000.0	3553948000.0	1046471000.0		221977000.0	221977000.0	652900000.0			1295261000.0	801334000.0		2977246000.0	2548763000.0	479467000.0			202528000.0	428483000.0		204354000.0			406882000.0	1255122000.0		7388137000.0	-7375271000.0	10525120000.0	13781000.0	1407264000.0		0.35	0.32	0.03	9.375	
2007-04-30																																																																																																																																																																																													1136610000.0	2529561000.0	1392951000.0	1392951000.0	589024000.0	119391000.0	291044000.0	547586000.0				8845000.0				63074000.0	608277000.0	196833000.0		0.0		614068000.0	677142000.0	411444000.0	9896223000.0	6358992000.0	932044000.0	932044000.0	1470601000.0	2121817000.0	3537231000.0	1030161000.0		232105000.0	232105000.0	652723000.0			1085749000.0	748781000.0		2858483000.0	2458054000.0	491776000.0			202535000.0	400429000.0		204341000.0			406876000.0	1151517000.0		7037740000.0	-6975290000.0	10134422000.0	13820000.0	1407255000.0		0.34	0.28	0.06	21.4286	
2007-01-31																																																																																																																																																																																													1062538000.0	2277267000.0	1214729000.0	1214729000.0	549526000.0	121811000.0	287567000.0	516290000.0				10468000.0				60904000.0	565224000.0	161748000.0		0.0		546248000.0	607152000.0	403476000.0	9808003000.0	6405585000.0	1068615000.0	1068615000.0	1518882000.0	2051606000.0	3402418000.0	1028938000.0		191646000.0	191646000.0	572558000.0			1014205000.0	752277000.0		2841292000.0	2444196000.0	486586000.0			202521000.0	397096000.0		204692000.0			407213000.0	1091217000.0		6966711000.0	-6622955000.0	9805927000.0	13969000.0	1409014000.0		0.28	0.27	0.01	3.7037	
2006-10-31																																																																																																																																																																																													1186124000.0	2518293000.0	1332169000.0	1332169000.0	62174000.0	134235000.0	299240000.0	1122460000.0				9308000.0				73028000.0	660069000.0	211040000.0		0.0		63664000.0	136692000.0	449029000.0	9480837000.0	6081019000.0	861463000.0	861463000.0	1406777000.0	2026199000.0	3399818000.0	1024294000.0		201066000.0	201066000.0	572558000.0			1035875000.0	750705000.0		2829437000.0	2436045000.0	2023651000.0			202535000.0	393392000.0		204708000.0			407243000.0	209859000.0		6651400000.0	-6494012000.0	9472303000.0	13917000.0	1565072000.0		0.3	0.31	-0.01	-3.2258	
2006-07-31																																																																																																																																																																																													1223354000.0	2543443000.0	1320089000.0	1320089000.0	680781000.0	117083000.0	304326000.0	545219000.0				8848000.0				61871000.0	722511000.0	210471000.0		0.0		678135000.0	740006000.0	512040000.0	11773857000.0	7407679000.0	1308457000.0	1308457000.0	1341918000.0	2294318000.0	4366178000.0	1030667000.0		210790000.0	210790000.0	548848000.0			1524319000.0	938667000.0		3107913000.0	2431807000.0	505222000.0			2550000.0	676106000.0		406970000.0			409520000.0	1245109000.0		8665944000.0		8692135000.0	15339000.0	1562615000.0		0.32	0.3	0.02	6.6667	
2006-04-30																																																																																																																																																																																													1044625000.0	2247686000.0	1203061000.0	1203061000.0	561071000.0	111543000.0	275883000.0	485132000.0				9235000.0				65838000.0	600466000.0	187652000.0		0.0		559493000.0	625331000.0	412814000.0	11451756000.0	7335623000.0	1376680000.0	1376680000.0	1083372000.0	1948873000.0	4116133000.0	1040493000.0		75169000.0	75169000.0	347677000.0			1952097000.0	974601000.0		2833086000.0	2187529000.0	445542000.0			2542000.0	645557000.0		406905000.0			409447000.0	1088231000.0		8618670000.0		8657575000.0	15638000.0	1586404000.0		0.26	0.23	0.03	13.0435	
2006-01-31																																																																																																																																																																																													837699000.0	1857592000.0	1019893000.0	1019893000.0	143939000.0	105263000.0	272877000.0	478913000.0				8705000.0				69676000.0	183925000.0	41145000.0		0.0		358786000.0	428462000.0	142780000.0	11209908000.0	9541395000.0	1107299000.0	1107299000.0	1023175000.0	1754545000.0	1668513000.0	1083250000.0		427890000.0	427890000.0	347049000.0			4700837000.0	955539000.0		2542329000.0	1878503000.0	1603963000.0			2567000.0	663826000.0		407380000.0			409947000.0	271973000.0		8667579000.0		8322978000.0	15866000.0	1608165000.0		0.17	0.16	0.01	6.25	
2005-10-31																																																																																																																																																																																																																																																										0.17	0.14	0.03	21.4286	
2005-07-31																																																																																																																																																																																																																																																										0.14	0.14	0.0	0.0	
2005-04-30																																																																																																																																																																																																																																																										0.18	0.17	0.01	5.8824	
2005-01-31																																																																																																																																																																																																																																																										0.17	0.16	0.01	6.25	
2004-10-31																																																																																																																																																																																																																																																										0.27	0.26	0.01	3.8462	
2004-07-31																																																																																																																																																																																																																																																										0.26	0.25	0.01	4.0	
2004-04-30																																																																																																																																																																																																																																																										0.22	0.19	0.03	15.7895	
2004-01-31																																																																																																																																																																																																																																																										0.12	0.08	0.04	50.0	
2003-10-31																																																																																																																																																																																																																																																										0.06	0.05	0.01	20.0	
2003-07-31																																																																																																																																																																																																																																																										0.05	0.04	0.01	25.0	
2003-04-30																																																																																																																																																																																																																																																										0.03	0.02	0.01	50.0	
2003-01-31																																																																																																																																																																																																																																																										-0.0398	0.02	-0.0598	-299.0	
2002-10-31																																																																																																																																																																																																																																																										0.09	0.08	0.01	12.5	
2002-07-31																																																																																																																																																																																																																																																										0.07	0.05	0.02	40.0	
2002-04-30																																																																																																																																																																																																																																																										0.03	0.02	0.01	50.0	
2002-01-31																																																																																																																																																																																																																																																										0.01		0.0		
2001-10-31																																																																																																																																																																																																																																																										0.02	0.02	0.0	0.0	
2001-07-31																																																																																																																																																																																																																																																										0.03	0.01	0.02	200.0	
2001-04-30																																																																																																																																																																																																																																																										0.16	0.16	0.0	0.0	
2001-01-31																																																																																																																																																																																																																																																										0.33	0.31	0.02	6.4516	
2000-10-31																																																																																																																																																																																																																																																										0.39	0.38	0.01	2.6316	
2000-07-31																																																																																																																																																																																																																																																										0.35	0.34	0.01	2.9412	
2000-04-30																																																																																																																																																																																																																																																										0.28	0.27	0.01	3.7037	
2000-01-31																																																																																																																																																																																																																																																										0.2	0.19	0.01	5.2632	
1999-10-31																																																																																																																																																																																																																																																										0.18	0.16	0.02	12.5	
1999-07-31																																																																																																																																																																																																																																																										0.15	0.13	0.02	15.3846	
1999-04-30																																																																																																																																																																																																																																																										0.1	0.07	0.03	42.8571	
1999-01-31																																																																																																																																																																																																																																																										0.03	0.02	0.01	50.0	
1998-10-31																																																																																																																																																																																																																																																										0.02	0.01	0.01	100.0	
1998-07-31																																																																																																																																																																																																																																																										0.05	0.04	0.01	25.0	
1998-04-30																																																																																																																																																																																																																																																										0.09	0.09	0.0	0.0	
1998-01-31																																																																																																																																																																																																																																																										0.13	0.13	0.0	0.0	
1997-10-31																																																																																																																																																																																																																																																										0.12	0.11	0.01	9.0909	
1997-07-31																																																																																																																																																																																																																																																										0.1	0.08	0.02	25.0	
1997-04-30																																																																																																																																																																																																																																																										0.07	0.06	0.01	16.6667	
1997-01-31																																																																																																																																																																																																																																																										0.06	0.05	0.01	20.0	
1996-10-31																																																																																																																																																																																																																																																										0.06	0.05	0.01	20.0	
1996-07-31																																																																																																																																																																																																																																																										0.12	0.11	0.01	9.0909	
1996-04-30																																																																																																																																																																																																																																																										0.13	0.12	0.01	8.3333	
