	Tax Effect Of Unusual Items	Tax Rate For Calcs	Normalized EBITDA	Total Unusual Items	Total Unusual Items Excluding Goodwill	Net Income From Continuing Operation Net Minority Interest	Reconciled Depreciation	Reconciled Cost Of Revenue	EBITDA	EBIT	Net Interest Income	Interest Expense	Normalized Income	Net Income From Continuing And Discontinued Operation	Total Expenses	Total Operating Income As Reported	Diluted Average Shares	Basic Average Shares	Diluted EPS	Basic EPS	Diluted NI Availto Com Stockholders	Net Income Common Stockholders	Net Income	Net Income Including Noncontrolling Interests	Net Income Continuous Operations	Tax Provision	Pretax Income	Other Income Expense	Other Non Operating Income Expenses	Special Income Charges	Restructuring And Mergern Acquisition	Gain On Sale Of Security	Net Non Operating Interest Income Expense	Interest Expense Non Operating	Operating Income	Operating Expense	Depreciation Amortization Depletion Income Statement	Depreciation And Amortization In Income Statement	Amortization	Amortization Of Intangibles Income Statement	Research And Development	Selling General And Administration	Selling And Marketing Expense	General And Administrative Expense	Other Gand A	Gross Profit	Cost Of Revenue	Total Revenue	Operating Revenue	Treasury Shares Number	Ordinary Shares Number	Share Issued	Net Debt	Total Debt	Tangible Book Value	Invested Capital	Working Capital	Net Tangible Assets	Capital Lease Obligations	Common Stock Equity	Total Capitalization	Total Equity Gross Minority Interest	Stockholders Equity	Gains Losses Not Affecting Retained Earnings	Other Equity Adjustments	Treasury Stock	Retained Earnings	Additional Paid In Capital	Capital Stock	Common Stock	Preferred Stock	Total Liabilities Net Minority Interest	Total Non Current Liabilities Net Minority Interest	Other Non Current Liabilities	Tradeand Other Payables Non Current	Non Current Deferred Liabilities	Non Current Deferred Revenue	Long Term Debt And Capital Lease Obligation	Long Term Capital Lease Obligation	Long Term Debt	Current Liabilities	Other Current Liabilities	Current Deferred Liabilities	Current Deferred Revenue	Current Debt And Capital Lease Obligation	Current Capital Lease Obligation	Current Debt	Other Current Borrowings	Pensionand Other Post Retirement Benefit Plans Current	Current Provisions	Payables And Accrued Expenses	Current Accrued Expenses	Payables	Total Tax Payable	Income Tax Payable	Accounts Payable	Total Assets	Total Non Current Assets	Other Non Current Assets	Non Current Deferred Assets	Non Current Deferred Taxes Assets	Goodwill And Other Intangible Assets	Other Intangible Assets	Goodwill	Net PPE	Accumulated Depreciation	Gross PPE	Leases	Construction In Progress	Other Properties	Machinery Furniture Equipment	Buildings And Improvements	Land And Improvements	Properties	Current Assets	Other Current Assets	Receivables	Accounts Receivable	Allowance For Doubtful Accounts Receivable	Gross Accounts Receivable	Cash Cash Equivalents And Short Term Investments	Other Short Term Investments	Cash And Cash Equivalents	Cash Equivalents	Cash Financial	Free Cash Flow	Repurchase Of Capital Stock	Repayment Of Debt	Issuance Of Debt	Issuance Of Capital Stock	Capital Expenditure	Interest Paid Supplemental Data	Income Tax Paid Supplemental Data	End Cash Position	Beginning Cash Position	Effect Of Exchange Rate Changes	Changes In Cash	Financing Cash Flow	Cash Flow From Continuing Financing Activities	Net Other Financing Charges	Net Common Stock Issuance	Common Stock Payments	Common Stock Issuance	Net Issuance Payments Of Debt	Net Long Term Debt Issuance	Long Term Debt Payments	Long Term Debt Issuance	Investing Cash Flow	Cash Flow From Continuing Investing Activities	Net Investment Purchase And Sale	Sale Of Investment	Purchase Of Investment	Net Business Purchase And Sale	Purchase Of Business	Net PPE Purchase And Sale	Purchase Of PPE	Operating Cash Flow	Cash Flow From Continuing Operating Activities	Change In Working Capital	Change In Other Working Capital	Change In Payables And Accrued Expense	Change In Accrued Expense	Change In Payable	Change In Account Payable	Change In Tax Payable	Change In Income Tax Payable	Change In Prepaid Assets	Change In Receivables	Changes In Account Receivables	Other Non Cash Items	Stock Based Compensation	Unrealized Gain Loss On Investment Securities	Deferred Tax	Deferred Income Tax	Depreciation Amortization Depletion	Depreciation And Amortization	Depreciation	Operating Gains Losses	Gain Loss On Sale Of PPE	Net Income From Continuing Operations	reportedCurrency	grossProfit	totalRevenue	costOfRevenue	costofGoodsAndServicesSold	operatingIncome	sellingGeneralAndAdministrative	researchAndDevelopment	operatingExpenses	investmentIncomeNet	netInterestIncome	interestIncome	interestExpense	nonInterestIncome	otherNonOperatingIncome	depreciation	depreciationAndAmortization	incomeBeforeTax	incomeTaxExpense	interestAndDebtExpense	netIncomeFromContinuingOperations	comprehensiveIncomeNetOfTax	ebit	ebitda	netIncome	totalAssets	totalCurrentAssets	cashAndCashEquivalentsAtCarryingValue	cashAndShortTermInvestments	inventory	currentNetReceivables	totalNonCurrentAssets	propertyPlantEquipment	accumulatedDepreciationAmortizationPPE	intangibleAssets	intangibleAssetsExcludingGoodwill	goodwill	investments	longTermInvestments	shortTermInvestments	otherCurrentAssets	otherNonCurrentAssets	totalLiabilities	totalCurrentLiabilities	currentAccountsPayable	deferredRevenue	currentDebt	shortTermDebt	totalNonCurrentLiabilities	capitalLeaseObligations	longTermDebt	currentLongTermDebt	longTermDebtNoncurrent	shortLongTermDebtTotal	otherCurrentLiabilities	otherNonCurrentLiabilities	totalShareholderEquity	treasuryStock	retainedEarnings	commonStock	commonStockSharesOutstanding	reportedDate	reportedEPS	estimatedEPS	surprise	surprisePercentage	reportTime
2025-11-30	-720848.056537	0.180212	2518000000.0	-4000000.0	-4000000.0	1856000000.0	184000000.0	502000000.0	2514000000.0	2330000000.0	198000000.0	66000000.0	1859279151.943463	1856000000.0	3933000000.0	2261000000.0	417000000.0	417000000.0	4.45	4.45	1856000000.0	1856000000.0	1856000000.0	1856000000.0	1856000000.0	408000000.0	2264000000.0	-195000000.0		0.0	0.0	-4000000.0	198000000.0	66000000.0	2261000000.0	3284000000.0	37000000.0	37000000.0	37000000.0	37000000.0	1098000000.0	2149000000.0	1728000000.0	421000000.0	421000000.0	5545000000.0	649000000.0	6194000000.0	6194000000.0	188000000.0	413000000.0	601000000.0	779000000.0	6648000000.0	-1729000000.0	17833000000.0	-37000000.0	-1729000000.0	438000000.0	11623000000.0	17833000000.0	11623000000.0	11623000000.0	-245000000.0	-245000000.0	48847000000.0	45354000000.0	15361000000.0	0.0	0.0	0.0	17873000000.0	7673000000.0	508000000.0	469000000.0	125000000.0	125000000.0	6571000000.0	361000000.0	6210000000.0	10200000000.0	714000000.0	6905000000.0	6905000000.0	77000000.0	77000000.0			1345000000.0	137000000.0	1022000000.0	197000000.0	825000000.0	408000000.0	153000000.0	417000000.0	29496000000.0	19333000000.0	1610000000.0	2186000000.0	2186000000.0	13352000000.0	495000000.0	12857000000.0	2185000000.0	-1728000000.0	3913000000.0	250000000.0	37000000.0	312000000.0	1507000000.0	1646000000.0	161000000.0	0.0	10163000000.0	1224000000.0	2344000000.0	2344000000.0	-13000000.0	2357000000.0	6595000000.0	1164000000.0	5431000000.0	4720000000.0	711000000.0	3126000000.0	-2474000000.0	0.0	0.0	0.0	-34000000.0	50000000.0	514000000.0	5431000000.0	4982000000.0	-10000000.0	459000000.0	-2555000000.0	-2555000000.0	-81000000.0	-2474000000.0	-2474000000.0	0.0	0.0	0.0	0.0	0.0	-146000000.0	-146000000.0	-115000000.0	486000000.0	-601000000.0	0.0	0.0	-34000000.0	-34000000.0	3160000000.0	3160000000.0	741000000.0	496000000.0	428000000.0	375000000.0	53000000.0	87000000.0	-34000000.0	-34000000.0	67000000.0	-250000000.0	-250000000.0	11000000.0	489000000.0		-121000000.0	-121000000.0	184000000.0	184000000.0	184000000.0			1856000000.0		5508000000.0	6194000000.0	686000000.0	686000000.0	2261000000.0	421000000.0	1098000000.0	3247000000.0		198000000.0		66000000.0				184000000.0	2264000000.0	408000000.0		1856000000.0		2264000000.0	2448000000.0	1856000000.0	29496000000.0	10163000000.0	5431000000.0	5431000000.0		2344000000.0	19333000000.0			495000000.0	495000000.0	12857000000.0			1164000000.0	1224000000.0		17873000000.0	10200000000.0	417000000.0			77000000.0	7673000000.0	438000000.0	6210000000.0			6648000000.0	2648000000.0	508000000.0	11623000000.0		45354000000.0		417000000.0		4.45	4.28	0.17	3.972	
2025-08-31	4370000.0	0.19	2439000000.0	23000000.0	23000000.0	1772000000.0	208000000.0	472000000.0	2462000000.0	2254000000.0	-67000000.0	67000000.0	1753370000.0	1772000000.0	3815000000.0	2173000000.0	424000000.0	423000000.0	4.18	4.18	1772000000.0	1772000000.0	1772000000.0	1772000000.0	1772000000.0	415000000.0	2187000000.0	81000000.0	58000000.0	0.0	0.0	23000000.0	-67000000.0	67000000.0	2173000000.0	3173000000.0	38000000.0	38000000.0	38000000.0	38000000.0	1088000000.0	2047000000.0	1639000000.0	408000000.0	408000000.0	5346000000.0	642000000.0	5988000000.0	5988000000.0	181000000.0	420000000.0	601000000.0	1218000000.0	6636000000.0	-1647000000.0	17970000000.0	173000000.0	-1647000000.0	436000000.0	11770000000.0	17970000000.0	11770000000.0	11770000000.0	-341000000.0	-341000000.0	46373000000.0	43516000000.0	14968000000.0	0.0	0.0	0.0	16984000000.0	7745000000.0	532000000.0	502000000.0	149000000.0	149000000.0	6562000000.0	362000000.0	6200000000.0	9239000000.0	777000000.0	6385000000.0	6385000000.0	74000000.0	74000000.0			1074000000.0	124000000.0	805000000.0	191000000.0	614000000.0	277000000.0	154000000.0	337000000.0	28754000000.0	19342000000.0	1618000000.0	2092000000.0	2092000000.0	13417000000.0	555000000.0	12862000000.0	2215000000.0		2215000000.0			2215000000.0					9412000000.0	1379000000.0	2093000000.0	2093000000.0	-14000000.0	2107000000.0	5940000000.0	958000000.0	4982000000.0	4042000000.0	940000000.0	2126000000.0	-2057000000.0	0.0	0.0	252000000.0	-72000000.0	81000000.0	523000000.0	4982000000.0	4931000000.0	8000000.0	43000000.0	-1876000000.0	-1876000000.0	-71000000.0	-1805000000.0	-2057000000.0	252000000.0	0.0	0.0	0.0	0.0	-279000000.0	-279000000.0	-190000000.0	440000000.0	-630000000.0			-72000000.0	-72000000.0	2198000000.0	2198000000.0	-178000000.0	200000000.0	-83000000.0	-103000000.0	20000000.0	-30000000.0	50000000.0	50000000.0	64000000.0	-359000000.0	-359000000.0	2000000.0	497000000.0		-103000000.0	-103000000.0	208000000.0	208000000.0	208000000.0			1772000000.0		5346000000.0	5988000000.0	642000000.0	642000000.0	2173000000.0	408000000.0	1088000000.0	3173000000.0		-67000000.0		67000000.0				208000000.0	2187000000.0	415000000.0		1772000000.0		2254000000.0	2462000000.0	1772000000.0	28754000000.0	9412000000.0	4982000000.0	4982000000.0		2093000000.0	19342000000.0			555000000.0	555000000.0	12862000000.0			958000000.0	1379000000.0		16984000000.0	9239000000.0	337000000.0			74000000.0	7745000000.0	436000000.0	6200000000.0			6636000000.0	2289000000.0	532000000.0	11770000000.0		43516000000.0		430000000.0		5.31	5.18	0.13	2.5097	
2025-05-31	400000.0	0.2	2376000000.0	2000000.0	2000000.0	1691000000.0	209000000.0	470000000.0	2378000000.0	2169000000.0	-68000000.0	68000000.0	1689400000.0	1691000000.0	3764000000.0	2109000000.0	429000000.0	428000000.0	3.94	3.95	1691000000.0	1691000000.0	1691000000.0	1691000000.0	1691000000.0	410000000.0	2101000000.0	60000000.0	58000000.0	0.0	0.0	2000000.0	-68000000.0	68000000.0	2109000000.0	3126000000.0	41000000.0	41000000.0	41000000.0	41000000.0	1082000000.0	2003000000.0	1626000000.0	377000000.0	377000000.0	5235000000.0	638000000.0	5873000000.0	5873000000.0	174000000.0	427000000.0	601000000.0	1235000000.0	6563000000.0	-2013000000.0	17614000000.0	-61000000.0	-2013000000.0	397000000.0	11448000000.0	17614000000.0	11448000000.0	11448000000.0	-333000000.0	-333000000.0	44338000000.0	41744000000.0	14375000000.0	0.0	0.0	0.0	16659000000.0	7620000000.0	540000000.0	477000000.0	114000000.0	114000000.0	6489000000.0	323000000.0	6166000000.0	9039000000.0	659000000.0	6220000000.0	6220000000.0	74000000.0	74000000.0			1186000000.0	119000000.0	781000000.0	170000000.0	611000000.0	251000000.0	129000000.0	360000000.0	28107000000.0	19129000000.0	1535000000.0	1984000000.0	1984000000.0	13461000000.0	631000000.0	12830000000.0	2149000000.0		2149000000.0			2149000000.0					8978000000.0	1530000000.0	1735000000.0	1735000000.0	-16000000.0	1751000000.0	5713000000.0	782000000.0	4931000000.0	4109000000.0	822000000.0	2144000000.0	-3500000000.0	0.0	0.0	0.0	-47000000.0	67000000.0	1000000000.0	4931000000.0	6758000000.0	48000000.0	-1875000000.0	-3788000000.0	-3788000000.0	-288000000.0	-3500000000.0	-3500000000.0	0.0	0.0	0.0	0.0	0.0	-278000000.0	-278000000.0	-231000000.0	114000000.0	-345000000.0			-47000000.0	-47000000.0	2191000000.0	2191000000.0	-89000000.0	-156000000.0	-105000000.0	286000000.0	-391000000.0	35000000.0	-426000000.0	-426000000.0	-65000000.0	237000000.0	237000000.0	18000000.0	481000000.0		-119000000.0	-119000000.0	209000000.0	209000000.0	209000000.0			1691000000.0		5235000000.0	5873000000.0	638000000.0	638000000.0	2109000000.0	377000000.0	1082000000.0	3126000000.0		-68000000.0		68000000.0				209000000.0	2101000000.0	410000000.0		1691000000.0		2169000000.0	2378000000.0	1691000000.0	28107000000.0	8978000000.0	4931000000.0	4931000000.0		1735000000.0	19129000000.0			631000000.0	631000000.0	12830000000.0			782000000.0	1530000000.0		16659000000.0	9039000000.0	360000000.0			74000000.0	7620000000.0	397000000.0	6166000000.0			6563000000.0	2256000000.0	540000000.0	11448000000.0		41744000000.0		433000000.0		5.06	4.97	0.09	1.8109	
2025-02-28	1020000.0	0.17	2455000000.0	6000000.0	6000000.0	1811000000.0	217000000.0	446000000.0	2461000000.0	2244000000.0	-62000000.0	62000000.0	1806020000.0	1811000000.0	3551000000.0	2163000000.0	438000000.0	436000000.0	4.14	4.15	1811000000.0	1811000000.0	1811000000.0	1811000000.0	1811000000.0	371000000.0	2182000000.0	81000000.0	75000000.0	0.0	0.0	6000000.0	-62000000.0	62000000.0	2163000000.0	2929000000.0	41000000.0	41000000.0	41000000.0	41000000.0	1026000000.0	1862000000.0	1495000000.0	367000000.0	367000000.0	5092000000.0	622000000.0	5714000000.0	5714000000.0	166000000.0	434897366.0	600897366.0		6563000000.0	-388000000.0	19250000000.0	1692000000.0	-388000000.0	408000000.0	13095000000.0	19250000000.0	13095000000.0	13095000000.0	-158000000.0	-158000000.0	40827000000.0	40186000000.0	13894000000.0	0.0	0.0	0.0	16860000000.0	7697000000.0	498000000.0	567000000.0	143000000.0	143000000.0	6489000000.0	334000000.0	6155000000.0	9163000000.0	620000000.0	6347000000.0	6347000000.0	74000000.0	74000000.0			803000000.0	117000000.0	1202000000.0	288000000.0	914000000.0	588000000.0	465000000.0	326000000.0	29955000000.0	19100000000.0	1638000000.0	1820000000.0	1820000000.0	13483000000.0	706000000.0	12777000000.0	2159000000.0		2159000000.0			2159000000.0					10855000000.0	1447000000.0	1973000000.0	1973000000.0	-15000000.0	1988000000.0	7435000000.0	677000000.0	6758000000.0	5963000000.0	795000000.0	2456000000.0	-3250000000.0	-1500000000.0	1997000000.0	96000000.0	-26000000.0	48000000.0	182000000.0	6758000000.0	7613000000.0	-12000000.0	-843000000.0	-2841000000.0	-2841000000.0	-184000000.0	-3154000000.0	-3250000000.0	96000000.0	497000000.0	497000000.0	-1500000000.0	1997000000.0	-484000000.0	-484000000.0	-458000000.0	134000000.0	-592000000.0			-26000000.0	-26000000.0	2482000000.0	2482000000.0	131000000.0	231000000.0	-41000000.0	-378000000.0	337000000.0	-28000000.0	365000000.0	365000000.0	-156000000.0	97000000.0	97000000.0	17000000.0	475000000.0		-169000000.0	-169000000.0	217000000.0	217000000.0	217000000.0			1811000000.0		5092000000.0	5714000000.0	622000000.0	622000000.0	2163000000.0	367000000.0	1026000000.0	2929000000.0		-62000000.0		62000000.0				217000000.0	2182000000.0	371000000.0		1811000000.0		2244000000.0	2461000000.0	1811000000.0	29955000000.0	10855000000.0	6758000000.0	6758000000.0		1973000000.0	19100000000.0			706000000.0	706000000.0	12777000000.0			677000000.0	1447000000.0		16860000000.0	9163000000.0	326000000.0			74000000.0	7697000000.0	408000000.0	6155000000.0			6563000000.0	1951000000.0	498000000.0	13095000000.0		40186000000.0		438000000.0		5.08	4.97	0.11	2.2133	
2024-11-30	-2475138.121547	0.154696	2275000000.0	-16000000.0	-16000000.0	1683000000.0	218000000.0	440000000.0	2259000000.0	2041000000.0	291000000.0	50000000.0	1696524861.878453	1683000000.0	3649000000.0	1957000000.0	443000000.0	441000000.0	3.79	3.81	1683000000.0	1683000000.0	1683000000.0	1683000000.0	1683000000.0	308000000.0	1991000000.0	-257000000.0		0.0	0.0	-16000000.0	291000000.0	50000000.0	1957000000.0	3033000000.0	42000000.0	42000000.0	42000000.0	42000000.0	999000000.0	1992000000.0	1536000000.0	456000000.0	456000000.0	4990000000.0	616000000.0	5606000000.0	5606000000.0	160000000.0	441000000.0	601000000.0		6056000000.0	535000000.0	19733000000.0	711000000.0	535000000.0	428000000.0	14105000000.0	18234000000.0	14105000000.0	14105000000.0	-201000000.0	-201000000.0	37583000000.0	38470000000.0	13419000000.0	0.0	0.0	0.0	16125000000.0	5604000000.0	446000000.0	548000000.0	128000000.0	128000000.0	4482000000.0	353000000.0	4129000000.0	10521000000.0	603000000.0	6131000000.0	6131000000.0	1574000000.0	75000000.0	1499000000.0	1499000000.0	1221000000.0	141000000.0	851000000.0	176000000.0	675000000.0	314000000.0	119000000.0	361000000.0	30230000000.0	18998000000.0	1554000000.0	1657000000.0	1657000000.0	13570000000.0	782000000.0	12788000000.0	2217000000.0	-1655000000.0	3872000000.0	222000000.0	27000000.0	281000000.0	1551000000.0	1628000000.0	163000000.0	0.0	11232000000.0	1274000000.0	2072000000.0	2072000000.0	-14000000.0	2086000000.0	7886000000.0	273000000.0	7613000000.0	6826000000.0	787000000.0	2873000000.0	-2500000000.0	0.0	0.0	0.0	-48000000.0	49000000.0	338000000.0	7613000000.0	7193000000.0	-19000000.0	439000000.0	-2501000000.0	-2501000000.0	-1000000.0	-2500000000.0	-2500000000.0	0.0	0.0	0.0	0.0	0.0	19000000.0	19000000.0	67000000.0	109000000.0	-42000000.0			-48000000.0	-48000000.0	2921000000.0	2921000000.0	617000000.0	353000000.0	352000000.0	358000000.0	-6000000.0	42000000.0	-48000000.0	-48000000.0	183000000.0	-271000000.0	-271000000.0	1000000.0	441000000.0	-11000000.0	-127000000.0	-127000000.0	218000000.0	218000000.0	218000000.0	21000000.0	21000000.0	1683000000.0		4990000000.0	5606000000.0	616000000.0	616000000.0	1957000000.0	456000000.0	999000000.0	3033000000.0		291000000.0		50000000.0				218000000.0	1991000000.0	308000000.0		1683000000.0		2041000000.0	2259000000.0	1683000000.0	30230000000.0	11232000000.0	7613000000.0	7613000000.0		2072000000.0	18998000000.0			782000000.0	782000000.0	12788000000.0			273000000.0	1274000000.0		16125000000.0	10521000000.0	361000000.0			1574000000.0	5604000000.0	428000000.0	4129000000.0	1499000000.0		6056000000.0	2336000000.0	446000000.0	14105000000.0		38470000000.0		443000000.0		4.81	4.67	0.14	2.9979	
2024-08-31																													89000000.0																																																										1499000000.0	1499000000.0																																																																																				-10000000.0						19000000.0	19000000.0			4854000000.0	5408000000.0	554000000.0	554000000.0	1992000000.0	366000000.0	1022000000.0	2862000000.0		-51000000.0		51000000.0				213000000.0	2042000000.0	358000000.0		1684000000.0		2093000000.0	2306000000.0	1684000000.0	29830000000.0	10716000000.0	7193000000.0	7193000000.0		1802000000.0	19114000000.0			858000000.0	858000000.0	12814000000.0			322000000.0	1399000000.0		15285000000.0	9644000000.0	318000000.0			1569000000.0	5641000000.0	451000000.0	4128000000.0	1499000000.0		6078000000.0	1737000000.0	420000000.0	14545000000.0		36911000000.0		448000000.0		4.65	4.54	0.11	2.4229	
2024-05-31																																																																																																																																																																																						4711000000.0	5309000000.0	598000000.0	598000000.0	1885000000.0	355000000.0	984000000.0	2826000000.0		-41000000.0		41000000.0				214000000.0	1930000000.0	357000000.0		1573000000.0		1971000000.0	2185000000.0	1573000000.0	30007000000.0	11023000000.0	7660000000.0	7660000000.0		1612000000.0	18984000000.0			933000000.0	933000000.0	12803000000.0			405000000.0	1346000000.0		15164000000.0	9474000000.0	357000000.0			1565000000.0	5690000000.0	465000000.0	4127000000.0	1498000000.0		6090000000.0	1899000000.0	446000000.0	14843000000.0		35227000000.0		451000000.0		3.49	3.38	0.11	3.2544	
2024-02-29																																																																																																																																																																																						4592000000.0	5182000000.0	590000000.0	590000000.0	907000000.0	352000000.0	939000000.0	3685000000.0		-27000000.0		27000000.0				212000000.0	968000000.0	348000000.0		620000000.0		995000000.0	1207000000.0	620000000.0	28751000000.0	10008000000.0	6254000000.0	6254000000.0		2057000000.0	18743000000.0			1011000000.0	1011000000.0	12803000000.0			566000000.0	1131000000.0		13291000000.0	9537000000.0	300000000.0			1570000000.0	3754000000.0	451000000.0	2138000000.0	1497000000.0		4086000000.0	1569000000.0	435000000.0	15460000000.0		33809000000.0		456000000.0		4.48	4.38	0.1	2.2831	
2023-11-30																																																																																																																																																																																						4414000000.0	5048000000.0	634000000.0	634000000.0	1743000000.0	372000000.0	889000000.0	2671000000.0		-28000000.0		28000000.0				240000000.0	1808000000.0	325000000.0		1483000000.0		1836000000.0	2076000000.0	1483000000.0	29779000000.0	11084000000.0	7141000000.0	7141000000.0		2224000000.0	18695000000.0			1088000000.0	1088000000.0	12805000000.0			701000000.0	1018000000.0		13261000000.0	8251000000.0	314000000.0			73000000.0	5010000000.0	446000000.0	3634000000.0			4080000000.0	1942000000.0	376000000.0	16518000000.0		33346000000.0		459000000.0		4.27	4.14	0.13	3.1401	
2023-08-31																																																																																																																																																																																						4310000000.0	4890000000.0	580000000.0	580000000.0	1697000000.0	353000000.0	881000000.0	2613000000.0		-27000000.0		27000000.0				236000000.0	1743000000.0	340000000.0		1403000000.0		1770000000.0	2006000000.0	1403000000.0	29090000000.0	10410000000.0	6601000000.0	6601000000.0		1851000000.0	18680000000.0	2409000000.0		1167000000.0	1167000000.0	12800000000.0			915000000.0	1043000000.0		13314000000.0	8334000000.0	314000000.0			74000000.0	4980000000.0	463000000.0	3633000000.0			4096000000.0	1714000000.0	352000000.0	15776000000.0		32012000000.0		459000000.0		4.1	3.98	0.12	3.0151	
2023-05-31																																																																																																																																																																																						4244000000.0	4816000000.0	572000000.0	572000000.0	1624000000.0	357000000.0	876000000.0	2620000000.0		-26000000.0		26000000.0		52000000.0		235000000.0	1650000000.0	355000000.0		1295000000.0		1676000000.0	1911000000.0	1295000000.0	27838000000.0	9274000000.0	5456000000.0	5456000000.0		1685000000.0	18564000000.0	2032000000.0		1258000000.0	1258000000.0	12796000000.0			1145000000.0	988000000.0		13000000000.0	8019000000.0	346000000.0			74000000.0	4981000000.0	482000000.0	3631000000.0			4113000000.0	1786000000.0	347000000.0	14838000000.0	-26191000000.0	30609000000.0		459000000.0		3.91	3.79	0.12	3.1662	
2023-02-28																																																																																																																																																																																						4087000000.0	4655000000.0	568000000.0	568000000.0	1586000000.0	331000000.0	827000000.0	2501000000.0		-32000000.0		32000000.0				212000000.0	1598000000.0	351000000.0		1247000000.0		1586000000.0	1798000000.0	1247000000.0	26667000000.0	8342000000.0	4072000000.0	4072000000.0		1801000000.0	18325000000.0	2369000000.0		1354000000.0	1354000000.0	12792000000.0			1581000000.0	888000000.0		12461000000.0	7437000000.0	308000000.0			81000000.0	5024000000.0	496000000.0	3630000000.0			4126000000.0	1691000000.0	323000000.0	14206000000.0		29435000000.0		459500000.0		2.71	2.65	0.06	2.2642	
2022-11-30																																																																																																																																																																																						3957000000.0	4525000000.0	568000000.0	568000000.0	1505000000.0	340000000.0	773000000.0	2452000000.0		-28000000.0		28000000.0				215000000.0	1517000000.0	341000000.0		1176000000.0		1505000000.0	1720000000.0	1176000000.0	27165000000.0	8996000000.0	4236000000.0	4236000000.0		2065000000.0	18169000000.0	1908000000.0		1449000000.0	1449000000.0	12787000000.0			1860000000.0	835000000.0		13114000000.0	8128000000.0	379000000.0			587000000.0	4986000000.0	504000000.0	3629000000.0	500000000.0		4633000000.0	1865000000.0	265000000.0	14051000000.0	-23843000000.0	28319000000.0		466000000.0		3.6	3.5	0.1	2.8571	
2022-08-31																																																																																																																																																																																						3887000000.0	4433000000.0	546000000.0	546000000.0	1484000000.0	319000000.0	775000000.0	2403000000.0		-28000000.0		28000000.0				216000000.0	1456000000.0	320000000.0		1136000000.0		1484000000.0	1700000000.0	1136000000.0	26744000000.0	8489000000.0	3870000000.0	3870000000.0		1723000000.0	18255000000.0	2272000000.0		1548000000.0	1548000000.0	12756000000.0			1894000000.0	1002000000.0		12371000000.0	7438000000.0	316000000.0			588000000.0	4933000000.0	514000000.0	3627000000.0	500000000.0		4641000000.0	1629000000.0	253000000.0	14373000000.0	-22109000000.0	27158000000.0		469000000.0		3.4	3.34	0.06	1.7964	
2022-05-31																																																																																																																																																																																						3847000000.0	4386000000.0	539000000.0	539000000.0	1529000000.0	291000000.0	738000000.0	2318000000.0		-28000000.0		28000000.0		-9000000.0		232000000.0	1492000000.0	314000000.0		1178000000.0		1520000000.0	1752000000.0	1178000000.0	26326000000.0	7908000000.0	3365000000.0	3365000000.0		1588000000.0	18418000000.0	2220000000.0		1650000000.0	1650000000.0	12801000000.0			1934000000.0	1021000000.0		12341000000.0	7385000000.0	366000000.0			589000000.0	4956000000.0	532000000.0	3627000000.0	499000000.0		4658000000.0	1615000000.0	257000000.0	13985000000.0	-20944000000.0	26022000000.0		473000000.0		3.35	3.31	0.04	1.2085	
2022-02-28																																																																																																																																																																																						3750000000.0	4262000000.0	512000000.0	512000000.0	1580000000.0	269000000.0	701000000.0	2170000000.0		-28000000.0		28000000.0				235000000.0	1543000000.0	277000000.0		1266000000.0		1571000000.0	1806000000.0	1266000000.0	25976000000.0	7476000000.0	2739000000.0	2739000000.0		1685000000.0	18500000000.0	2138000000.0		1743000000.0	1743000000.0	12795000000.0			1962000000.0	1090000000.0		12201000000.0	7197000000.0	295000000.0			592000000.0	5004000000.0	540000000.0	3626000000.0	499000000.0		4665000000.0	1333000000.0	262000000.0	13775000000.0		24961000000.0		475000000.0		3.37	3.34	0.03	0.8982	
2021-11-30																																																																																																																																																																																						3603000000.0	4110000000.0	507000000.0	507000000.0	1501000000.0	274000000.0	657000000.0	2102000000.0		-28000000.0		28000000.0				225000000.0	1468000000.0	235000000.0		1233000000.0		1496000000.0	1721000000.0	1233000000.0	27241000000.0	8669000000.0	3844000000.0	3844000000.0		1878000000.0	18572000000.0	2116000000.0		1820000000.0	1820000000.0	12668000000.0			1954000000.0	993000000.0		12444000000.0	6932000000.0	312000000.0			97000000.0	5512000000.0	550000000.0	4123000000.0			4673000000.0	1736000000.0	252000000.0	14797000000.0	-17399000000.0	23905000000.0		480000000.0		3.2	3.2	0.0	0.0	
2021-08-31																																																																																																																																																																																						3468000000.0	3935000000.0	467000000.0	467000000.0	1441000000.0	265000000.0	651000000.0	2027000000.0		-27000000.0		27000000.0				213000000.0	1418000000.0	206000000.0		1212000000.0		1445000000.0	1658000000.0	1212000000.0	26144000000.0	8619000000.0	4623000000.0	4623000000.0		1545000000.0	17525000000.0	2081000000.0		1557000000.0	1557000000.0	11838000000.0			1541000000.0	910000000.0		11730000000.0	6191000000.0	331000000.0			97000000.0	5539000000.0	563000000.0	4122000000.0			4685000000.0	1450000000.0	269000000.0	14414000000.0		22750000000.0		481000000.0		3.11	3.02	0.09	2.9801	
2021-05-31																																																																																																																																																																																						3391000000.0	3835000000.0	444000000.0	444000000.0	1406000000.0	256000000.0	620000000.0	1985000000.0		-28000000.0		28000000.0		8000000.0		208000000.0	1386000000.0	270000000.0		1116000000.0		1414000000.0	1622000000.0	1116000000.0	25582000000.0	8078000000.0	4250000000.0	4250000000.0		1477000000.0	17504000000.0	2031000000.0		1641000000.0	1641000000.0	11859000000.0			1518000000.0	833000000.0		11730000000.0	6145000000.0	312000000.0			96000000.0	5585000000.0	573000000.0	4120000000.0			4693000000.0	1538000000.0	259000000.0	13852000000.0	-15442000000.0	21538000000.0		481000000.0		3.03	2.82	0.21	7.4468	
2021-02-28																																																																																																																																																																																						3458000000.0	3905000000.0	447000000.0	447000000.0	1454000000.0	290000000.0	620000000.0	2004000000.0		-30000000.0		30000000.0		9000000.0		196000000.0	1433000000.0	172000000.0		1261000000.0		1463000000.0	1659000000.0	1261000000.0	24985000000.0	7384000000.0	3452000000.0	3452000000.0		1520000000.0	17601000000.0	2007000000.0		1729000000.0	1729000000.0	11845000000.0			1511000000.0	901000000.0		11439000000.0	5806000000.0	254000000.0			94000000.0	5633000000.0	588000000.0	4119000000.0			4707000000.0	1243000000.0	248000000.0	13546000000.0	-14451000000.0	20521000000.0		483000000.0		3.14	2.79	0.35	12.5448	
2020-11-30																																																																																																																																																																																						2996000000.0	3424000000.0	428000000.0	428000000.0	1215000000.0	243000000.0	558000000.0	1781000000.0		-27000000.0	6000000.0	27000000.0		9000000.0		190000000.0	1197000000.0	-1053000000.0		2250000000.0		1224000000.0	1414000000.0	2250000000.0	24284000000.0	8146000000.0	4478000000.0	4478000000.0		1398000000.0	16138000000.0	1517000000.0		1359000000.0	1359000000.0	10742000000.0			1514000000.0	756000000.0		11020000000.0	5512000000.0	306000000.0			92000000.0	5508000000.0	591000000.0	4117000000.0			4708000000.0	1422000000.0	1381000000.0	13264000000.0	-13546000000.0	19611000000.0		484000000.0		2.81	2.66	0.15	5.6391	
2020-08-31																																																																																																																																																																																						2798000000.0	3225000000.0	427000000.0	427000000.0	1069000000.0	230000000.0	566000000.0	1729000000.0		-21000000.0	7000000.0	27000000.0		19000000.0		191000000.0	1060000000.0	105000000.0		955000000.0		1088000000.0	1279000000.0	955000000.0	22414000000.0	7387000000.0	3767000000.0	3767000000.0		1318000000.0	15027000000.0	1974000000.0		1445000000.0	1445000000.0	10739000000.0			1497000000.0	805000000.0		10701000000.0	5130000000.0	229000000.0			90000000.0	5571000000.0	610000000.0	4116000000.0			4726000000.0	1317000000.0	221000000.0	11713000000.0	-12712000000.0	17383000000.0		485000000.0		2.57	2.41	0.16	6.639	
2020-05-31																																																																																																																																																																																						2713000000.0	3128000000.0	415000000.0	415000000.0	1016000000.0	224000000.0	532000000.0	1697000000.0		-17000000.0	11000000.0	27000000.0		12000000.0		188000000.0	1000000000.0	-100000000.0		1100000000.0		1028000000.0	1216000000.0	1100000000.0	21603000000.0	6649000000.0	3044000000.0	3044000000.0		1366000000.0	14954000000.0	1387000000.0		1535000000.0	1535000000.0	10695000000.0			1307000000.0	932000000.0		10722000000.0	5164000000.0	289000000.0			85000000.0	5558000000.0	583000000.0	4114000000.0			4697000000.0	1303000000.0	1197000000.0	10881000000.0	-12244000000.0	16428000000.0		485000000.0		2.45	2.32	0.13	5.6034	
2020-02-29																																																																																																																																																																																						2639000000.0	3091000000.0	452000000.0	452000000.0	937000000.0	271000000.0	532000000.0	1702000000.0		-14000000.0	19000000.0	33000000.0		15000000.0		188000000.0	919000000.0	-36000000.0		955000000.0		952000000.0	1140000000.0	955000000.0	21214000000.0	6455000000.0	2688000000.0	2688000000.0		1389000000.0	14759000000.0	1340000000.0		1626000000.0	1626000000.0	10691000000.0			1483000000.0	895000000.0		10749000000.0	5228000000.0	265000000.0			84000000.0	5521000000.0	598000000.0	4113000000.0			4711000000.0	1241000000.0	1235000000.0	10465000000.0	-11401000000.0	15390000000.0		488000000.0		2.27	2.23	0.04	1.7937	
2019-11-30																																																																																																																																																																																						2539961000.0	2991944000.0	451983000.0	451983000.0	969931000.0	225938000.0	499806000.0	1570030000.0		-18303000.0	18212000.0	36515000.0		23730000.0		183692000.0	957147000.0	105286000.0		851861000.0		993358000.0	1177050000.0	851861000.0	20762000000.0	6495000000.0	2650000000.0	2650000000.0		1535000000.0	14267000000.0	1293015000.0		1721000000.0	1721000000.0	10691000000.0			1527000000.0	783000000.0		10232000000.0	8191000000.0	209000000.0			3149000000.0	2041000000.0		988924000.0	3149343000.0		4138000000.0	1399438000.0	789158000.0	10530000000.0	-10615234000.0	14829000000.0	61000.0	488851000.0		2.29	2.26	0.03	1.3274	
2019-08-31																																																																																																																																																																																						2418163000.0	2834126000.0	415963000.0	415963000.0	853812000.0	219256000.0	489827000.0	1564000000.0		-21769000.0	17760000.0	40000000.0		20205000.0		150549000.0	834488000.0	41725000.0		792763000.0		874017000.0	1024566000.0	792763000.0	20054880000.0	5750096000.0	2209047000.0	2209047000.0	1.0	1371697000.0	14304784000.0	1244011000.0		1815625000.0	1815625000.0	10688068000.0			1441741000.0	727611000.0		9812107000.0	7802966000.0	186999000.0			3148587000.0	2009141000.0		988429000.0	3148587000.0		4137016000.0	1302753000.0	755561000.0	10242773000.0	-9874652000.0	13976701000.0	61000.0	491042000.0		2.05	1.97	0.08	4.0609	
2019-05-31																																																																																																																																																																																						2336792000.0	2744280000.0	407488000.0	407488000.0	749547000.0	219334000.0	475958000.0	1587000000.0		-24299000.0	16278000.0	40000000.0		1802000.0		187000000.0	710772000.0	78179000.0		632593000.0		750000000.0	937000000.0	632593000.0	19665909000.0	5342645000.0	2082910000.0	2082910000.0		1272668000.0	14323264000.0	1205020000.0		1917149000.0	1917149000.0	10697874000.0			1396069000.0	590998000.0		9734216000.0	7687097000.0	169101000.0			3145668000.0	2047119000.0		987938000.0	3145668000.0		4133606000.0	1314998000.0	802773000.0	9931693000.0	-9158742000.0	13183938000.0	61000.0	492212000.0		1.83	1.78	0.05	2.809	
2019-02-28																																																																																																																																																																																						2203660000.0	2600946000.0	397286000.0	397286000.0	694830000.0	216109000.0	464637000.0	1509000000.0		-24522000.0	16071000.0	41000000.0		48097000.0		144898000.0	702334000.0	28093000.0		674241000.0		742927000.0	887825000.0	674241000.0	19505536000.0	5133715000.0	1738846000.0	1738846000.0		1342343000.0	14371821000.0	1104065000.0		2017103000.0	2017103000.0	10707715000.0			1487411000.0	565115000.0		9634051000.0	5313736000.0	145292000.0			892754000.0	4320315000.0		3236833000.0	892754000.0		4129587000.0	1167429000.0	823469000.0	9871485000.0	-8414895000.0	12579311000.0	61000.0	494188000.0		1.71	1.62	0.09	5.5556	
2018-11-30																																																																																																																																																																																						2105364000.0	2464625000.0	359261000.0	359261000.0	720546000.0	212355000.0	415958000.0	1384818000.0				27873000.0		6544000.0		106720000.0	699217000.0	20977000.0		678240000.0		720546000.0	827266000.0	678240000.0	18768682000.0	4857039000.0	1642775000.0	1642775000.0	1.0	1315578000.0	13911643000.0	1075072000.0		2069001000.0	2069001000.0	10581048000.0			1586187000.0	312499000.0		9406568000.0	4301126000.0	186258000.0			93234000.0	5105442000.0		4134544000.0			4218034000.0	1105660000.0	796310000.0	9362114000.0	-7990751000.0	11815597000.0	61000.0	495118000.0		1.83	1.84	-0.01	-0.5435	
2018-08-31																																																																																																																																																																																						1995584000.0	2291076000.0	295492000.0	295492000.0	718606000.0	184063000.0	398957000.0	1276978000.0				21107000.0		3859000.0		86890000.0	701358000.0	35067000.0		666291000.0		722465000.0	809355000.0	666291000.0	15395620000.0	6300913000.0	1747144000.0	1747144000.0	1.0	1044507000.0	9094707000.0	1019260000.0		669476000.0	669476000.0	7136853000.0			3197326000.0	311936000.0		6533695000.0	3792027000.0	145566000.0			61371000.0	2741668000.0		1874654000.0	1884966000.0		1936025000.0	969898000.0	774832000.0	8861925000.0	-7696767000.0	11137357000.0	61000.0	496866000.0		1.73	1.69	0.04	2.3669	
2018-05-31																																																																																																																																																																																						1914016000.0	2195360000.0	281344000.0	281344000.0	698484000.0	178040000.0	374128000.0	1215532000.0				20363000.0		12678000.0		76360000.0	690799000.0	27632000.0		663167000.0		711162000.0	787522000.0	663167000.0	15163404000.0	7741444000.0	2987986000.0	2987986000.0	0.0	1074877000.0	7421960000.0	993486000.0		320478000.0	320478000.0	5823792000.0			3346078000.0	332503000.0		6457821000.0	3728956000.0	117194000.0			84283000.0	2728865000.0		1874057000.0	1884133000.0		1958340000.0	984017000.0	764003000.0	8705583000.0	-6990489000.0	10471066000.0	61000.0	498252000.0		1.66	1.54	0.12	7.7922	
2018-02-28																																																																																																																																																																																						1820045000.0	2078947000.0	258902000.0	258902000.0	702733000.0	170440000.0	348769000.0	1117312000.0				19899000.0		19668000.0		76522000.0	702502000.0	119426000.0		583076000.0		722401000.0	798923000.0	583076000.0	14973485000.0	7480814000.0	2666981000.0	2666981000.0	0.0	1062690000.0	7492671000.0	991674000.0		353740000.0	353740000.0	5843899000.0			3480989000.0	270154000.0		6339457000.0	3536469000.0	131090000.0			58827000.0	2802988000.0		1874794000.0	1883311000.0		1933621000.0	862808000.0	839734000.0	8634028000.0	-6295081000.0	9830399000.0	61000.0	499433000.0		1.55	1.44	0.11	7.6389	
2017-11-30																																																																																																																																																																																						1735723000.0	2006595000.0	270872000.0	270872000.0	649340000.0	169567000.0	324026000.0	1086383000.0				19116000.0		12788000.0		81234000.0	643012000.0	141463000.0		501549000.0		649340000.0	730574000.0	501549000.0	14535556000.0	7247813000.0	2306072000.0	2306072000.0	1.0	1217968000.0	7287743000.0	936976000.0		385658000.0	385658000.0	5821561000.0			3513702000.0	210071000.0		6075687000.0	3527457000.0	113538000.0			63746000.0	2548230000.0		1881421000.0	1882479000.0		1945167000.0	944223000.0	298276000.0	8459869000.0	-6084436000.0	9573870000.0	61000.0	500060000.0		1.26	1.16	0.1	8.6207	
2017-08-31																																																																																																																																																																																						1578152000.0	1841074000.0	262922000.0	262922000.0	545674000.0	147402000.0	315555000.0	1032478000.0				18809000.0		14514000.0		82319000.0	541379000.0	121810000.0		419569000.0		560188000.0	642507000.0	419569000.0	13906815000.0	6581057000.0	1774550000.0	1774550000.0	1.0	1006187000.0	7325758000.0	939809000.0		420667000.0	420667000.0	5820656000.0			3593936000.0	206384000.0		5736381000.0	3216144000.0	90327000.0			99833000.0	2520237000.0		1889218000.0	1889218000.0		1989051000.0	889213000.0	286655000.0	8170434000.0	-5791809000.0	9072321000.0	61000.0	500398000.0		1.1	1.01	0.09	8.9109	
2017-05-31																																																																																																																																																																																						1532830000.0	1772190000.0	239360000.0	239360000.0	504082000.0	156929000.0	299401000.0	1028748000.0				18347000.0		6883000.0		81635000.0	492618000.0	118228000.0		374390000.0		510965000.0	592600000.0	374390000.0	13364900000.0	6052197000.0	1316950000.0	1316950000.0	0.0	901452000.0	7312703000.0	924108000.0		453834000.0	453834000.0	5788703000.0			3614563000.0	219232000.0		5560902000.0	3047896000.0	77905000.0			138001000.0	2513006000.0		1890000000.0	1888398000.0		2028001000.0	826037000.0	275920000.0	7803998000.0	-5538849000.0	8652752000.0	61000.0	500351000.0		1.02	0.95	0.07	7.3684	
2017-02-28																																																																																																																																																																																						1444309000.0	1681646000.0	237337000.0	237337000.0	468999000.0	150808000.0	285077000.0	975310000.0				18130000.0		9763000.0		80809000.0	460632000.0	62186000.0		398446000.0		478762000.0	559571000.0	398446000.0	13044783000.0	5755562000.0	1068896000.0	1068896000.0	0.0	850840000.0	7289221000.0	821730000.0		489202000.0	489202000.0	5753575000.0		80439000.0	3578721000.0	257105000.0		5456093000.0	2954069000.0	191484000.0			52671000.0	2502024000.0		1880000000.0			1932671000.0	721906000.0	259305000.0	7588690000.0	-5245290000.0	8299362000.0	61000.0	500861000.0		0.94	0.87	0.07	8.046	
2016-11-30																																																																																																																																																																																						1391863000.0	1608419000.0	216556000.0	216556000.0	472280000.0	148477000.0	257849000.0	919868000.0				17518000.0		1938000.0		81860000.0	456700000.0	57087000.0		399613000.0		474218000.0	556078000.0	399613000.0	12707114000.0	5839774000.0	1011315000.0	1011315000.0	0.0	833033000.0	6867340000.0	816264000.0		414405000.0	414405000.0	5406474000.0		80439000.0	3749985000.0	245441000.0		5282279000.0	2811635000.0	88024000.0			81475000.0	2470644000.0		1902068000.0	1892200000.0		1983543000.0	696517000.0	281785000.0	7424835000.0	-5132472000.0	8114517000.0	61000.0	501176000.0		0.9	0.86	0.04	4.6512	
2016-08-31																																																																																																																																																																																						1261266000.0	1463967000.0	202701000.0	202701000.0	369325000.0	143702000.0	248450000.0	891941000.0				17281000.0		4257000.0		84014000.0	356301000.0	85513000.0		270788000.0		373582000.0	457596000.0	270788000.0	12367441000.0	5418710000.0	767672000.0	767672000.0	0.0	731166000.0	6948731000.0	811524000.0		454230000.0	454230000.0	5433180000.0		80439000.0	3678726000.0	241146000.0		5089495000.0	2505666000.0	83444000.0			48123000.0	2583829000.0		1916591000.0			1964714000.0	628817000.0	376076000.0	7277946000.0	-4844706000.0	7714904000.0	61000.0	503669000.0		0.75	0.72	0.03	4.1667	
2016-05-31																																																																																																																																																																																						1196630000.0	1398709000.0	202079000.0	202079000.0	344239000.0	138596000.0	232484000.0	852857000.0				17174000.0		2765000.0		84461000.0	329830000.0	85756000.0		244074000.0		344239000.0	428700000.0	244074000.0	12216783000.0	5238564000.0	886379000.0	886379000.0	0.0	666736000.0	6978219000.0	796077000.0		494193000.0	494193000.0	5444556000.0		80439000.0	3432029000.0	253420000.0		4968172000.0	2385590000.0	75582000.0			50151000.0	2582582000.0		1918389000.0			1968540000.0	626636000.0	370171000.0	7248611000.0	-4490788000.0	7444115000.0	61000.0	504725000.0		0.71	0.68	0.03	4.4118	
2016-02-29																																																																																																																																																																																						1184763000.0	1383335000.0	198572000.0	198572000.0	307758000.0	146935000.0	237204000.0	877424000.0				4187000.0		3018000.0		81200000.0	292307000.0	38000000.0		254307000.0		307758000.0	388958000.0	254307000.0	11896682000.0	4935390000.0	830696000.0	830696000.0	0.0	599207000.0	6961292000.0	794876000.0		518686000.0	518686000.0	5389000000.0		80439000.0	3267192000.0	238295000.0		4815480000.0	2231806000.0	71706000.0			33863000.0	2583674000.0		1916831000.0			1950694000.0	562416000.0	356256000.0	7081202000.0	-4280749000.0	7221083000.0	61000.0	505676000.0		0.66	0.61	0.05	8.1967	
2015-11-30																																																																																																																																																																																						1105043000.0	1306404000.0	201361000.0	201361000.0	290434000.0	134052000.0	220514000.0	814088000.0				16515000.0		23021000.0		86359000.0	296940000.0	74235000.0		222705000.0		313455000.0	399814000.0	222705000.0	11726472000.0	4821892000.0	876560000.0	876560000.0	0.0	672006000.0	6904580000.0	787421000.0		510007000.0	510007000.0	5366881000.0		80439000.0	3111524000.0	161802000.0		4724892000.0	2213556000.0	93307000.0			34161000.0	2511336000.0		1907231000.0	1907231000.0		1941392000.0	651888000.0	344802000.0	7001580000.0	-4267715000.0	7253431000.0	61000.0	506012000.0		0.62	0.6	0.02	3.3333	
2015-08-31																																																																																																																																																																																						1026783000.0	1217768000.0	190985000.0	190985000.0	246019000.0	122578000.0	218660000.0	781515000.0				16519000.0		3119000.0		87550000.0	232619000.0	58154000.0		174465000.0		245268000.0	332818000.0	174465000.0	11508395000.0	4525888000.0	829292000.0	829292000.0	82438000.0	593554000.0	6982507000.0	797464000.0		556810000.0	556810000.0	5402159000.0		80439000.0	2839441000.0	181163000.0		4667063000.0	2060814000.0	69823000.0			91312000.0	2606249000.0		1906094000.0			1997406000.0	639967000.0	337696000.0	6841332000.0	-4161660000.0	7049629000.0	61000.0	505809000.0		0.54	0.5	0.04	8.0	
2015-05-31																																																																																																																																																																																						976985000.0	1162158000.0	185173000.0	185173000.0	193617000.0	130208000.0	208047000.0	783334000.0				16605000.0		3962000.0		85929000.0	180974000.0	33481000.0		147493000.0		193651000.0	279580000.0	147493000.0	11165383000.0	4178397000.0	956147000.0	956147000.0	71218000.0	502617000.0	6986986000.0	785199000.0		583198000.0	583198000.0	5388971000.0		80439000.0	2457101000.0	191314000.0		4555280000.0	1937033000.0	56539000.0			76320000.0	2618247000.0		1904376000.0			1980696000.0	628632000.0	334336000.0	6610103000.0	-4134581000.0	6879444000.0	61000.0	505582000.0		0.48	0.45	0.03	6.6667	
2015-02-28																																																																																																																																																																																						942383000.0	1109181000.0	166798000.0	166798000.0	173025000.0	145081000.0	215509000.0	767603000.0				14545000.0		4768000.0		79635000.0	163248000.0	78360000.0		84888000.0		174780000.0	254415000.0	84888000.0	11008422000.0	3972159000.0	712884000.0	712884000.0	60470000.0	532427000.0	7036263000.0	784314000.0		629317000.0	629317000.0	5396174000.0		80439000.0	2463936000.0	262912000.0		4419402000.0	1788160000.0	71670000.0			64000.0	2631242000.0		1901554000.0			1901618000.0	566791000.0	327476000.0	6589020000.0	-3961872000.0	6756803000.0	61000.0	507526000.0		0.44	0.39	0.05	12.8205	
2014-11-30																																																																																																																																																																																						912385000.0	1073328000.0	160943000.0	160943000.0	124505000.0	133534000.0	213687000.0	787880000.0				12678000.0		448000.0		78147000.0	112275000.0	24139000.0		88136000.0		124953000.0	203100000.0	88136000.0	10785829000.0	4602328000.0	1117400000.0	1117400000.0	95586000.0	591800000.0	6183501000.0	785123000.0		469662000.0	469662000.0	4721962000.0		80439000.0	2622091000.0	271037000.0		4009924000.0	2494435000.0	68377000.0			606498000.0	1515489000.0		911086000.0	599960000.0		1517584000.0	701181000.0	204687000.0	6775905000.0	-3918851000.0	6924294000.0	61000.0	507451000.0		0.36	0.3	0.06	20.0	
2014-08-31																																																																																																																																																																																						847685000.0	1005409000.0	157724000.0	157724000.0	74176000.0	141676000.0	212049000.0	773308000.0				13361000.0		2123000.0		80154000.0	62938000.0	18252000.0		44686000.0		74377000.0	154531000.0	44686000.0	10493680000.0	4279468000.0	903329000.0	903329000.0	79713000.0	528331000.0	6214212000.0	785856000.0		490839000.0	490839000.0	4746781000.0		80439000.0	2616868000.0	230940000.0		3762420000.0	2245248000.0	53791000.0			606426000.0	1517172000.0		901830000.0			1508256000.0	633030000.0	221652000.0	6731260000.0	-3815287000.0	6850790000.0	61000.0	507811000.0		0.28	0.26	0.02	7.6923	
2014-05-31																																																																																																																																																																																						913304000.0	1068208000.0	154904000.0	154904000.0	135258000.0	129138000.0	209092000.0	778412000.0				17103000.0		3116000.0		77653000.0	121271000.0	32744000.0		88527000.0		134892000.0	212545000.0	88527000.0	10372199000.0	4114343000.0	817020000.0	817020000.0	72489000.0	531557000.0	6257856000.0	642450000.0		532317000.0	532317000.0	4773798000.0		207239000.0	2513191000.0	252575000.0		3735311000.0	2217972000.0	54858000.0			609742000.0	1517339000.0		896551000.0			1506293000.0	660567000.0	219681000.0	6636888000.0	-3778601000.0	6806104000.0	61000.0	506687000.0		0.37	0.3	0.07	23.3333	
2014-02-28																																																																																																																																																																																						851611000.0	1000120000.0	148509000.0	148509000.0	78746000.0	138984000.0	209525000.0	772202000.0				16590000.0		2736000.0		77636000.0	64892000.0	17846000.0		47046000.0		79409000.0	157045000.0	47046000.0	10245882000.0	3942391000.0	733916000.0	733916000.0	91149000.0	510507000.0	6303491000.0	651083000.0		570171000.0	570171000.0	4782448000.0		207239000.0	2398176000.0	299792000.0		3634999000.0	2112347000.0	64508000.0			613310000.0	1522652000.0		896418000.0			1509728000.0	590466000.0	213365000.0	6610883000.0	-3655657000.0	6734701000.0	61000.0	508340000.0		0.3	0.25	0.05	20.0	
2013-11-30																																																																																																																																																																																						894183000.0	1041699000.0	147516000.0	147516000.0	102836000.0	138358000.0	205196000.0	789053000.0				16722000.0		2156000.0		81350000.0	88270000.0	22950000.0		65320000.0		105130000.0	186480000.0	65320000.0	10380298000.0	4045929000.0	834556000.0	834556000.0	102247000.0	599820000.0	6334369000.0	659774000.0		605254000.0	605254000.0	4771981000.0		207239000.0	2339196000.0	272357000.0		3655664000.0	1525648000.0	62096000.0			29352000.0	2130016000.0		1499297000.0			1531918000.0	648434000.0	201817000.0	6724634000.0	-3643190000.0	6928964000.0	61000.0	511082000.0		0.32	0.32	0.0	0.0	
2013-08-31																																																																																																																																																																																						848043000.0	995119000.0	147076000.0	147076000.0	110354000.0	128043000.0	208700000.0	738480000.0				16747000.0		-347000.0		82175000.0	93260000.0	10258000.0		83002000.0		110007000.0	192182000.0	83002000.0	10234156000.0	3886124000.0	819085000.0	819085000.0	71283000.0	522409000.0	6348032000.0	659747000.0		637957000.0	637957000.0	4752315000.0		207239000.0	2344852000.0	199778000.0		3399397000.0	1329117000.0	71070000.0			17462000.0	2070280000.0		1502369000.0			1519831000.0	552838000.0	188669000.0	6834759000.0	-3322654000.0	6878216000.0	61000.0	514058000.0		0.32	0.33	-0.01	-3.0303	
2013-05-31																																																																																																																																																																																						875268000.0	1010549000.0	135281000.0	135281000.0	111309000.0	120870000.0	203097000.0	738967000.0				17205000.0		-2977000.0		80950000.0	91127000.0	14581000.0		76546000.0		108332000.0	189282000.0	76546000.0	10280369000.0	4557657000.0	1246410000.0	1246410000.0	78098000.0	470052000.0	5722712000.0	645865000.0		551265000.0	551265000.0	4225169000.0		207239000.0	2619298000.0	221897000.0		3353067000.0	1264855000.0	53685000.0			20083000.0	2088212000.0		1505560000.0			1525643000.0	545073000.0	244172000.0	6927302000.0	-3145566000.0	6855463000.0	61000.0	512446000.0		0.15	0.13	0.02	15.3846	
2013-02-28																																																																																																																																																																																						851189000.0	1007873000.0	156684000.0	156684000.0	98224000.0	132853000.0	209638000.0	752963000.0				16834000.0		2094000.0		76752000.0	83484000.0	18367000.0		65117000.0		100318000.0	177070000.0	65117000.0	10165711000.0	4373083000.0	1306382000.0	1306382000.0	64930000.0	485801000.0	5792628000.0	686014000.0		580568000.0	580568000.0	4221487000.0		207239000.0	2354307000.0	226593000.0		3360373000.0	1264323000.0	72725000.0			22406000.0	2096050000.0		1509003000.0			1531409000.0	512232000.0	240080000.0	6805338000.0	-3159793000.0	6808489000.0	61000.0	507840000.0		0.35	0.31	0.04	12.9032	
2012-11-30																																																																																																																																																																																						1028450000.0	1153428000.0	124978000.0	124978000.0	307765000.0	111449000.0	195047000.0	720960000.0				16767000.0		-367000.0		78621000.0	290631000.0	68298000.0		222333000.0		307398000.0	386019000.0	222333000.0	10040229000.0	4397066000.0	1425052000.0	1425052000.0	59537000.0	617233000.0	5643163000.0	664302000.0		545036000.0	545036000.0	4133259000.0		207239000.0	2113301000.0	241480000.0		3375047000.0	1271752000.0	49759000.0			11217000.0	2103295000.0		1496938000.0			1508155000.0	599427000.0	217443000.0	6665182000.0	-3407259000.0	7003003000.0	61000.0	502154000.0		0.61	0.56	0.05	8.9286	
2012-08-31																																																																																																																																																																																						960959000.0	1080580000.0	119621000.0	119621000.0	278304000.0	110249000.0	189145000.0	680281000.0				17253000.0		2161000.0		74110000.0	263212000.0	61855000.0		201357000.0		280465000.0	354575000.0	201357000.0	9630013000.0	4010173000.0	1162380000.0	1162380000.0	0.0	566671000.0	5619840000.0	619392000.0		576948000.0	576948000.0	4126548000.0		207239000.0	2084983000.0	196139000.0		3191320000.0	1169710000.0	58446000.0			11093000.0	2021610000.0		1499881000.0			1510974000.0	562615000.0	213416000.0	6438693000.0	-3361053000.0	6815375000.0	61000.0	499757000.0		0.4	0.42	-0.02	-4.7619	
2012-05-31																																																																																																																																																																																						993531000.0	1124449000.0	130918000.0	130918000.0	305143000.0	110603000.0	180903000.0	690579000.0				16629000.0		6060000.0		77174000.0	294574000.0	70698000.0		223876000.0		311203000.0	388377000.0	223876000.0	9365832000.0	3770807000.0	951238000.0	951238000.0	0.0	529391000.0	5595025000.0	573566000.0		600332000.0	600332000.0	4122813000.0		207239000.0	2046879000.0	243299000.0		3266186000.0	1245644000.0	69416000.0			9426000.0	2020542000.0		1500668000.0			1510094000.0	573361000.0	211455000.0	6099646000.0	-3479213000.0	6671230000.0	61000.0	501377000.0		0.6	0.59	0.01	1.6949	
2012-02-29																																																																																																																																																																																						936955000.0	1045220000.0	108265000.0	108265000.0	288979000.0	102681000.0	177728000.0	650801000.0				16838000.0		-1764000.0		69861000.0	270377000.0	85168000.0		185209000.0		287215000.0	357076000.0	185209000.0	9132708000.0	3505655000.0	801263000.0	801263000.0	0.0	512211000.0	5627053000.0	549780000.0		637825000.0	637825000.0	4138077000.0		207239000.0	1964855000.0	227326000.0		3146406000.0	1115022000.0	70100000.0			9318000.0	2031384000.0		1502893000.0			1512211000.0	512510000.0	217879000.0	5986302000.0	-3379289000.0	6497070000.0	61000.0	500378000.0		0.57	0.57	0.0	0.0	
2011-11-30																																																																																																																																																																																						1035782000.0	1152161000.0	116379000.0	116379000.0	246131000.0	119586000.0	195403000.0	695149000.0				16774000.0		3823000.0		73290000.0	233180000.0	59461000.0		173719000.0		249954000.0	323244000.0	173719000.0	8991183000.0	3771451000.0	989500000.0	989500000.0	0.0	634373000.0	5219732000.0	527828000.0		545526000.0	545526000.0	3849217000.0		207239000.0	1922192000.0	225386000.0		3208070000.0	1250779000.0	86660000.0			9212000.0	1957291000.0		1505096000.0			1514308000.0	635871000.0	215290000.0	5783113000.0	-3529529000.0	6528735000.0	61000.0	496288000.0		0.67	0.61	0.06	9.8361	
2011-08-31																																																																																																																																																																																						908558000.0	1013212000.0	104654000.0	104654000.0	274110000.0	98493000.0	181039000.0	630632000.0				16431000.0		-960000.0		64009000.0	256719000.0	61618000.0		195101000.0		273150000.0	337159000.0	195101000.0	8492758000.0	3469196000.0	769212000.0	769212000.0	0.0	559320000.0	5023562000.0	499059000.0		419824000.0	419824000.0	3740199000.0		207239000.0	1950064000.0	190600000.0		2928800000.0	1032259000.0	65236000.0			9107000.0	1896541000.0		1507278000.0			1516385000.0	457006000.0	193829000.0	5563958000.0	-3557234000.0	6381530000.0	61000.0	498741000.0		0.55	0.54	0.01	1.8519	
2011-05-31																																																																																																																																																																																						913978000.0	1023179000.0	109201000.0	109201000.0	276724000.0	95547000.0	183211000.0	637840000.0				16727000.0		-753000.0		66620000.0	259244000.0	29808000.0		229436000.0		275971000.0	342591000.0	229436000.0	8339716000.0	3389318000.0	827475000.0	827475000.0	0.0	568570000.0	4950398000.0	463415000.0		424199000.0	424199000.0	3693505000.0		207239000.0	1798045000.0	195228000.0		2950301000.0	1050379000.0	60533000.0			9003000.0	1899922000.0		1509428000.0			1518431000.0	501795000.0	224549000.0	5389415000.0	-3505559000.0	6228574000.0	61000.0	506280000.0		0.55	0.51	0.04	7.8431	
2011-02-28																																																																																																																																																																																						920067000.0	1027706000.0	107639000.0	107639000.0	302334000.0	100979000.0	178400000.0	617692000.0				17020000.0		773000.0		66286000.0	286087000.0	51496000.0		234591000.0		303107000.0	369393000.0	234591000.0	8310024000.0	3350798000.0	900156000.0	900156000.0	0.0	533353000.0	4959226000.0	453497000.0		447616000.0	447616000.0	3686073000.0		207239000.0	1736679000.0	180610000.0		2884617000.0	985532000.0	54742000.0			8900000.0	1899085000.0		1511553000.0			1520453000.0	465222000.0	222950000.0	5425407000.0	-3178769000.0	6045631000.0	61000.0	511345000.0		0.58	0.57	0.01	1.7544	
2010-11-30																																																																																																																																																																																						900729000.0	1007946000.0	107217000.0	107217000.0	286943000.0	100323000.0	170378000.0	611593000.0				16786000.0		15854000.0		76097000.0	286011000.0	17161000.0		268850000.0		302797000.0	378894000.0	268850000.0	8141148000.0	3216050000.0	749891000.0	749891000.0	0.0	554328000.0	4925098000.0	448881000.0		528784000.0	528784000.0	3641844000.0		207239000.0	1718124000.0	193707000.0		2948761000.0	1068088000.0	52432000.0			8799000.0	1880673000.0		1513662000.0			1542154000.0	550594000.0	214984000.0	5192387000.0	-3264294000.0	5980914000.0	61000.0	511345000.0		0.56	0.52	0.04	7.6923	
2010-08-31																																																																																																																																																																																						891235000.0	990319000.0	99084000.0	99084000.0	302013000.0	102177000.0	168296000.0	591312000.0				16395000.0		11134000.0		73154000.0	296752000.0	66687000.0		230065000.0		313147000.0	386301000.0	230065000.0	7947029000.0	3236415000.0	814149000.0	814149000.0	0.0	484550000.0	4710614000.0	422920000.0		501064000.0	501064000.0	3489938000.0		207239000.0	1764125000.0	173591000.0		2862171000.0	967202000.0	56465000.0			8698000.0	1894969000.0		1515752000.0			1524450000.0	477699000.0	261121000.0	5084858000.0	-3100721000.0	5738864000.0	61000.0	523179000.0		0.44	0.36	0.08	22.2222	
2010-05-31																																																																																																																																																																																						835202000.0	943035000.0	107833000.0	107833000.0	227285000.0	89953000.0	174340000.0	596376000.0				16076000.0		-17036000.0		74906000.0	194173000.0	45562000.0		148611000.0		210249000.0	285155000.0	148611000.0	8006931000.0	3276071000.0	1137606000.0	1137606000.0	0.0	439151000.0	4730860000.0	407621000.0		447372000.0	447372000.0	3488252000.0		207239000.0	1507116000.0	192198000.0		2828176000.0	969908000.0	50273000.0			71978000.0	1858268000.0		1493651000.0			1565629000.0	485091000.0	256698000.0	5178755000.0	-2807600000.0	5570097000.0	61000.0	533259000.0		0.44	0.43	0.01	2.3256	
2010-02-28																																																																																																																																																																																						769332000.0	858700000.0	89368000.0	89368000.0	176833000.0	91046000.0	174340000.0	580877000.0				7695000.0		-2923000.0		68581000.0	166215000.0	39061000.0		127154000.0		173910000.0	242491000.0	127154000.0	7945069000.0	3177219000.0	1589442000.0	1589442000.0	0.0	350577000.0	4767850000.0	386205000.0		487605000.0	487605000.0	3494073000.0		207239000.0	1082942000.0	154258000.0		2773649000.0	900774000.0	44188000.0			151841000.0	1872875000.0		1493546000.0			1493546000.0	384210000.0	260451000.0	5171420000.0	-2624783000.0	5427068000.0	61000.0	532645000.0		0.4	0.37	0.03	8.1081	
2009-11-30																																																																																																																																																																																						674959000.0	757283000.0	82324000.0	82324000.0	153642000.0	148338000.0	137852000.0	537183000.0				1535000.0				85037000.0	160212000.0	192255000.0		0.0		161747000.0	246784000.0	-32043000.0	7282237000.0	2473624000.0	999487000.0	999487000.0	0.0	410879000.0	4808613000.0	388132000.0		527388000.0	527388000.0	3494589000.0		207239000.0	904986000.0	158272000.0		2391669000.0	844553000.0	58904000.0			46634000.0	1547116000.0		1000000000.0			1046634000.0	457439000.0	257913000.0	4890568000.0	-2823914000.0	5299914000.0	61000.0	532645000.0		0.39	0.37	0.02	5.4054	
2009-08-31																																																																																																																																																																																						632460000.0	697507000.0	65047000.0	65047000.0	167602000.0	79593000.0	138902000.0	464793000.0				460000.0		7274000.0		63921000.0	174416000.0	38371000.0		136045000.0		174876000.0	238797000.0	136045000.0	5961960000.0	2990934000.0	1132144000.0	1132144000.0	0.0	281807000.0	2971026000.0	335752000.0		117384000.0	117384000.0	2125946000.0		207239000.0	1424317000.0	152666000.0		1267402000.0	614383000.0	48416000.0			20332000.0	653019000.0		350000000.0			370332000.0	357307000.0	167556000.0	4694558000.0	-2962530000.0	5331957000.0	61000.0	531809000.0		0.35	0.33	0.02	6.0606	
2009-05-31																																																																																																																																																																																						632665000.0	704673000.0	72008000.0	72008000.0	161353000.0	70818000.0	138470000.0	467781000.0				620000.0				64725000.0	163730000.0	37659000.0		0.0		164350000.0	229075000.0	126071000.0	6063745000.0	3087769000.0	1226780000.0	1226780000.0	0.0	262598000.0	2975976000.0	291720000.0		148507000.0	148507000.0	2134997000.0			1437405000.0	160986000.0		1262704000.0	613632000.0	42258000.0			11024000.0	649072000.0		350000000.0			350000000.0	375159000.0		4801041000.0	-2783465000.0	5195912000.0	61000.0	528013000.0		0.35	0.34	0.01	2.9412	
2009-02-28																																																																																																																																																																																						709037000.0	786390000.0	77353000.0	77353000.0	207916000.0	74051000.0	149917000.0	488851000.0				792000.0				68740000.0	203162000.0	46727000.0		0.0		203954000.0	272694000.0	156435000.0	5887596000.0	2868991000.0	1148925000.0	1148925000.0		300048000.0	3018605000.0	300376000.0		358612000.0	358612000.0	2132375000.0			1234769000.0	185249000.0		1276436000.0	636865000.0	41416000.0			364029000.0	639571000.0		350000000.0			350000000.0	364029000.0		4611160000.0	-2836219000.0	5069840000.0	61000.0	527830000.0		0.45	0.44	0.01	2.2727	
2008-11-30																																																																																																																																																																																						828863000.0	915301000.0	86438000.0	86438000.0	273193000.0	337291000.0	153148000.0	555670000.0				10019000.0				69732000.0	276344000.0	30427000.0		0.0		302621000.0	372353000.0	245917000.0	5821598000.0	2735103000.0	886450000.0	886450000.0		467234000.0	3086495000.0	313037000.0		214960000.0	214960000.0	2134730000.0			1132752000.0	248667000.0		1411244000.0	762599000.0	55840000.0			435659000.0	648645000.0		350000000.0			350000000.0	435659000.0		4410354000.0	-2957154000.0	4913406000.0	61000.0	527830000.0		0.6	0.57	0.03	5.2632	
2008-08-31																																																																																																																																																																																						776406000.0	887257000.0	110851000.0	110851000.0	219469000.0	97156000.0	170124000.0	555743000.0				2390000.0				62679000.0	228514000.0	36906000.0		0.0		220663000.0	283342000.0	191608000.0	5638750000.0	2517120000.0	1134263000.0	1134263000.0		361657000.0	3121630000.0	317071000.0		246401000.0	246401000.0	2134032000.0			866641000.0	154559000.0		1267308000.0	661663000.0	56254000.0			363270000.0	605645000.0		350000000.0			350000000.0	363270000.0		4371442000.0	-2689236000.0	4667489000.0	61000.0	541311000.0		0.5	0.46	0.04	8.6957	
2008-05-31																																																																																																																																																																																						804020000.0	886886000.0	82866000.0	82866000.0	260178000.0	77078000.0	170300000.0	543842000.0				3828000.0				68656000.0	278006000.0	63096000.0		0.0		260178000.0	328834000.0	214910000.0	5460417000.0	2381469000.0	1162453000.0	1162453000.0		368130000.0	3078948000.0	300371000.0		313245000.0	313245000.0	2135167000.0			702283000.0	148603000.0		1419760000.0	672765000.0	60961000.0			383145000.0	746995000.0		350000000.0			350000000.0	383145000.0		4040657000.0	-2764639000.0	4475880000.0	61000.0	542376000.0		0.5	0.46	0.04	8.6957	
2008-02-29																																																																																																																																																																																						807970000.0	890445000.0	82475000.0	82475000.0	275431000.0	82929000.0	168485000.0	531108000.0				1809000.0				69202000.0	295644000.0	76265000.0		0.0		276862000.0	346064000.0	219379000.0	5340901000.0	2226272000.0	1032733000.0	1032733000.0		332105000.0	3114629000.0	297522000.0		357221000.0	357221000.0	2144368000.0			682511000.0	178923000.0		1526751000.0	669546000.0	62019000.0			374934000.0	857205000.0		450000000.0			450000000.0	374934000.0		3814150000.0	-2790678000.0	4260970000.0	61000.0	571259000.0		0.48	0.45	0.03	6.6667	
2007-11-30																																																																																																																																																																																						812615000.0	911211000.0	98596000.0	98596000.0	275832000.0	274982000.0	162847000.0	536783000.0				78000.0				78190000.0	290677000.0	68469000.0		0.0		275832000.0	354022000.0	222208000.0	5713679000.0	2572977000.0	946422000.0	946422000.0		362811000.0	3140702000.0	289758000.0		402619000.0	402619000.0	2148102000.0			1047432000.0	216312000.0		1063697000.0	852410000.0	66867000.0			387167000.0	211287000.0						387167000.0		4649982000.0	-1760588000.0	4041592000.0	61000.0	571259000.0		0.49	0.48	0.01	2.0833	
2007-08-31																																																																																																																																																																																						759065000.0	851686000.0	92621000.0	92621000.0	255025000.0	71132000.0	163217000.0	503485000.0				69000.0				81764000.0	276995000.0	71752000.0		0.0		255543000.0	337307000.0	205243000.0	5666461000.0	2505230000.0	559283000.0	559283000.0		321674000.0	3161231000.0	278722000.0		438260000.0	438260000.0	2153093000.0			1396431000.0	227842000.0		933461000.0	807744000.0	64374000.0			355112000.0	125717000.0						355112000.0		4733000000.0	-1532634000.0	3819384000.0	61000.0	597334000.0		0.45	0.41	0.04	9.7561	
2007-05-31																																																																																																																																																																																						654363000.0	745577000.0	91214000.0	91214000.0	180391000.0	68597000.0	150049000.0	473972000.0				22200000.0				87022000.0	205116000.0	52611000.0		0.0		180418000.0	267440000.0	152505000.0	6135949000.0	2952521000.0	901617000.0	901617000.0		371457000.0	3183428000.0	266395000.0		476978000.0	476978000.0	2147034000.0			1422208000.0	257239000.0		940237000.0	779081000.0	55038000.0			375822000.0	161156000.0						375822000.0		5195712000.0	-887885000.0	3614142000.0	61000.0	603417000.0		0.25	0.27	-0.02	-7.4074	
2007-02-28																																																																																																																																																																																						577144000.0	649407000.0	72263000.0	72263000.0	146337000.0	61275000.0	137129000.0	430807000.0				21900000.0				68488000.0	174402000.0	30551000.0		0.0		146347000.0	214835000.0	143851000.0	5904184000.0	2857000000.0	526030000.0	526030000.0		368259000.0	3047184000.0	258899000.0		464338000.0	464338000.0	2134058000.0			1756370000.0	206341000.0		796109000.0	655524000.0	46867000.0			278581000.0	140585000.0						278581000.0		5108075000.0	-789977000.0	3461637000.0	61000.0	604249000.0		0.3	0.29	0.01	3.4483	
2006-11-30																																																																																																																																																																																						602550000.0	682175000.0	79625000.0	79625000.0	163372000.0	235115000.0	138416000.0	439696000.0				19600000.0				91013000.0	247961000.0	64717000.0		0.0		162854000.0	253867000.0	183244000.0	5962548000.0	2884469000.0	772500000.0	772500000.0		408666000.0	3078079000.0	227197000.0		506405000.0	506405000.0	2149494000.0			1508379000.0	194924000.0		810672000.0	677347000.0	55031000.0			313638000.0	133325000.0						313638000.0		5151876000.0	-623924000.0	3317785000.0	61000.0	604249000.0		0.33	0.33	0.0	0.0	
2006-08-31																																																																																																																																																																																						532712000.0	602191000.0	69479000.0	69479000.0	110033000.0	57311000.0	130440000.0	422647000.0				18100000.0				58816000.0	123012000.0	28616000.0		0.0		110065000.0	168881000.0	94396000.0	5620785000.0	2496554000.0	644754000.0	644754000.0		330691000.0	3124231000.0	212875000.0		541542000.0	541542000.0	2147557000.0			1341698000.0	179411000.0		706966000.0	557697000.0	38624000.0			266007000.0	149269000.0						266007000.0		4913819000.0	-686824000.0	3161131000.0	56000.0	600882000.0		0.29	0.26	0.03	11.5385	
2006-05-31																																																																																																																																																																																						569849000.0	635456000.0	65607000.0	65607000.0	147908000.0	59716000.0	133285000.0	420706000.0				13900000.0				79643000.0	164497000.0	41400000.0		0.0		149143000.0	228786000.0	123097000.0	5501486000.0	2328456000.0	425393000.0	425393000.0		332187000.0	3173030000.0	210181000.0		593570000.0	593570000.0	2143625000.0			1400693000.0	170183000.0		732879000.0	574281000.0	49481000.0			297917000.0	158598000.0						297917000.0		4768607000.0	-713347000.0	3066734000.0	30000.0	613804000.0		0.2	0.21	-0.01	-4.7619	
2006-02-28																																																																																																																																																																																						577732000.0	655478000.0	77746000.0	77746000.0	129980000.0	60297000.0	137543000.0	428768000.0				15500000.0				78350000.0	144257000.0	39185000.0		0.0		148964000.0	227314000.0	105072000.0	5801733000.0	2595532000.0	635186000.0	635186000.0		331853000.0	3206201000.0	208159000.0		2768067000.0	2768067000.0	2126173000.0			1469419000.0	159074000.0		725121000.0	571297000.0	51218000.0			310252000.0	153824000.0						310252000.0		5076612000.0	-299585000.0	2943638000.0	29908000.0	621839000.0		0.17	0.15	0.02	13.3333	
2005-11-30																																																																																																																																																																																						479676000.0	510371000.0	30695000.0	30695000.0	191930000.0	166658000.0	94647000.0	287746000.0				10300000.0				16455000.0	207219000.0	50968000.0		0.0		191930000.0	208385000.0	156251000.0	2440315000.0	2008578000.0	420818000.0	420818000.0		204749000.0	431737000.0	103549000.0		135160000.0	135160000.0	118683000.0			1280016000.0	102995000.0		575989000.0	480395000.0	41042000.0			226985000.0	95594000.0						226985000.0		1864326000.0	-2324072000.0	2838560000.0	60000.0	621839000.0		0.3	0.28	0.02	7.1429	
2005-08-31																																																																																																																																																																																																																																																			0.29	0.27	0.02	7.4074	
2005-05-31																																																																																																																																																																																																																																																			0.28	0.27	0.01	3.7037	
2005-02-28																																																																																																																																																																																																																																																			0.27	0.25	0.02	8.0	
2004-11-30																																																																																																																																																																																																																																																			0.22	0.21	0.01	4.7619	
2004-08-31																																																																																																																																																																																																																																																			0.22	0.19	0.03	15.7895	
2004-05-31																																																																																																																																																																																																																																																			0.22	0.21	0.01	4.7619	
2004-02-29																																																																																																																																																																																																																																																			0.25	0.2	0.05	25.0	
2003-11-30																																																																																																																																																																																																																																																			0.17	0.16	0.01	6.25	
2003-08-31																																																																																																																																																																																																																																																			0.14	0.12	0.02	16.6667	
2003-05-31																																																																																																																																																																																																																																																			0.14	0.13	0.01	7.6923	
2003-02-28																																																																																																																																																																																																																																																			0.13	0.11	0.02	18.1818	
2002-11-30																																																																																																																																																																																																																																																			0.13	0.11	0.02	18.1818	
2002-08-31																																																																																																																																																																																																																																																			0.11	0.1	0.01	10.0	
2002-05-31																																																																																																																																																																																																																																																			0.14	0.13	0.01	7.6923	
2002-02-28																																																																																																																																																																																																																																																			0.11	0.1	0.01	10.0	
2001-11-30																																																																																																																																																																																																																																																			0.1	0.11	-0.01	-9.0909	
2001-08-31																																																																																																																																																																																																																																																			0.14	0.14	0.0	0.0	
2001-05-31																																																																																																																																																																																																																																																			0.17	0.14	0.03	21.4286	
2001-02-28																																																																																																																																																																																																																																																			0.17	0.14	0.03	21.4286	
2000-11-30																																																																																																																																																																																																																																																			0.17	0.14	0.03	21.4286	
2000-08-31																																																																																																																																																																																																																																																			0.14	0.13	0.01	7.6923	
2000-05-31																																																																																																																																																																																																																																																			0.13	0.12	0.01	8.3333	
2000-02-29																																																																																																																																																																																																																																																			0.12	0.11	0.01	9.0909	
1999-11-30																																																																																																																																																																																																																																																			0.12	0.1	0.02	20.0	
1999-08-31																																																																																																																																																																																																																																																			0.1	0.09	0.01	11.1111	
1999-05-31																																																																																																																																																																																																																																																			0.09	0.08	0.01	12.5	
1999-02-28																																																																																																																																																																																																																																																			0.08	0.06	0.02	33.3333	
1998-11-30																																																																																																																																																																																																																																																			0.1	0.08	0.02	25.0	
1998-08-31																																																																																																																																																																																																																																																			0.05	0.04	0.01	25.0	
1998-05-31																																																																																																																																																																																																																																																			0.05	0.05	0.0	0.0	
1998-02-28																																																																																																																																																																																																																																																			0.04	0.06	-0.02	-33.3333	
1997-11-30																																																																																																																																																																																																																																																			0.07	0.07	0.0	0.0	
1997-08-31																																																																																																																																																																																																																																																			0.07	0.06	0.01	16.6667	
1997-05-31																																																																																																																																																																																																																																																			0.07	0.07	0.0	0.0	
1997-02-28																																																																																																																																																																																																																																																			0.08	0.06	0.02	33.3333	
1996-11-30																																																																																																																																																																																																																																																			0.06	0.06	0.0	0.0	
1996-08-31																																																																																																																																																																																																																																																			0.04	0.04	0.0	0.0	
