	Tax Effect Of Unusual Items	Tax Rate For Calcs	Normalized EBITDA	Total Unusual Items	Total Unusual Items Excluding Goodwill	Net Income From Continuing Operation Net Minority Interest	Reconciled Depreciation	Reconciled Cost Of Revenue	EBITDA	EBIT	Net Interest Income	Interest Expense	Interest Income	Normalized Income	Net Income From Continuing And Discontinued Operation	Total Expenses	Total Operating Income As Reported	Diluted Average Shares	Basic Average Shares	Diluted EPS	Basic EPS	Diluted NI Availto Com Stockholders	Net Income Common Stockholders	Net Income	Net Income Including Noncontrolling Interests	Net Income Continuous Operations	Tax Provision	Pretax Income	Other Income Expense	Other Non Operating Income Expenses	Gain On Sale Of Security	Net Non Operating Interest Income Expense	Interest Expense Non Operating	Interest Income Non Operating	Operating Income	Operating Expense	Research And Development	Selling General And Administration	Gross Profit	Cost Of Revenue	Total Revenue	Operating Revenue	Treasury Shares Number	Ordinary Shares Number	Share Issued	Net Debt	Total Debt	Tangible Book Value	Invested Capital	Working Capital	Net Tangible Assets	Capital Lease Obligations	Common Stock Equity	Total Capitalization	Total Equity Gross Minority Interest	Stockholders Equity	Gains Losses Not Affecting Retained Earnings	Other Equity Adjustments	Treasury Stock	Retained Earnings	Additional Paid In Capital	Capital Stock	Common Stock	Preferred Stock	Total Liabilities Net Minority Interest	Total Non Current Liabilities Net Minority Interest	Other Non Current Liabilities	Non Current Deferred Liabilities	Non Current Deferred Revenue	Long Term Debt And Capital Lease Obligation	Long Term Capital Lease Obligation	Long Term Debt	Current Liabilities	Other Current Liabilities	Current Deferred Liabilities	Current Deferred Revenue	Current Debt And Capital Lease Obligation	Current Debt	Other Current Borrowings	Pensionand Other Post Retirement Benefit Plans Current	Payables And Accrued Expenses	Current Accrued Expenses	Interest Payable	Payables	Total Tax Payable	Accounts Payable	Total Assets	Total Non Current Assets	Other Non Current Assets	Non Current Prepaid Assets	Non Current Deferred Assets	Non Current Deferred Taxes Assets	Non Current Note Receivables	Non Current Accounts Receivable	Investments And Advances	Other Investments	Investmentin Financial Assets	Held To Maturity Securities	Available For Sale Securities	Goodwill And Other Intangible Assets	Other Intangible Assets	Goodwill	Net PPE	Accumulated Depreciation	Gross PPE	Construction In Progress	Other Properties	Machinery Furniture Equipment	Buildings And Improvements	Land And Improvements	Properties	Current Assets	Other Current Assets	Inventory	Finished Goods	Work In Process	Raw Materials	Receivables	Other Receivables	Accounts Receivable	Allowance For Doubtful Accounts Receivable	Gross Accounts Receivable	Cash Cash Equivalents And Short Term Investments	Other Short Term Investments	Cash And Cash Equivalents	Cash Equivalents	Cash Financial	Free Cash Flow	Repayment Of Debt	Issuance Of Debt	Issuance Of Capital Stock	Capital Expenditure	Interest Paid Supplemental Data	Income Tax Paid Supplemental Data	End Cash Position	Beginning Cash Position	Effect Of Exchange Rate Changes	Changes In Cash	Financing Cash Flow	Cash Flow From Continuing Financing Activities	Net Other Financing Charges	Proceeds From Stock Option Exercised	Net Common Stock Issuance	Common Stock Issuance	Net Issuance Payments Of Debt	Net Long Term Debt Issuance	Long Term Debt Payments	Long Term Debt Issuance	Investing Cash Flow	Cash Flow From Continuing Investing Activities	Net Other Investing Changes	Net Investment Purchase And Sale	Sale Of Investment	Purchase Of Investment	Net Business Purchase And Sale	Net Intangibles Purchase And Sale	Purchase Of Intangibles	Net PPE Purchase And Sale	Sale Of PPE	Purchase Of PPE	Operating Cash Flow	Cash Flow From Continuing Operating Activities	Change In Working Capital	Change In Other Working Capital	Change In Payables And Accrued Expense	Change In Payable	Change In Account Payable	Change In Prepaid Assets	Change In Inventory	Change In Receivables	Other Non Cash Items	Stock Based Compensation	Unrealized Gain Loss On Investment Securities	Provisionand Write Offof Assets	Deferred Tax	Deferred Income Tax	Depreciation Amortization Depletion	Depreciation And Amortization	Operating Gains Losses	Gain Loss On Investment Securities	Net Income From Continuing Operations	reportedCurrency	totalAssets	totalCurrentAssets	cashAndCashEquivalentsAtCarryingValue	cashAndShortTermInvestments	inventory	currentNetReceivables	totalNonCurrentAssets	propertyPlantEquipment	accumulatedDepreciationAmortizationPPE	intangibleAssets	intangibleAssetsExcludingGoodwill	goodwill	investments	longTermInvestments	shortTermInvestments	otherCurrentAssets	otherNonCurrentAssets	totalLiabilities	totalCurrentLiabilities	currentAccountsPayable	deferredRevenue	currentDebt	shortTermDebt	totalNonCurrentLiabilities	capitalLeaseObligations	longTermDebt	currentLongTermDebt	longTermDebtNoncurrent	shortLongTermDebtTotal	otherCurrentLiabilities	otherNonCurrentLiabilities	totalShareholderEquity	treasuryStock	retainedEarnings	commonStock	commonStockSharesOutstanding	operatingCashflow	paymentsForOperatingActivities	proceedsFromOperatingActivities	changeInOperatingLiabilities	changeInOperatingAssets	depreciationDepletionAndAmortization	capitalExpenditures	changeInReceivables	changeInInventory	profitLoss	cashflowFromInvestment	cashflowFromFinancing	proceedsFromRepaymentsOfShortTermDebt	paymentsForRepurchaseOfCommonStock	paymentsForRepurchaseOfEquity	paymentsForRepurchaseOfPreferredStock	dividendPayout	dividendPayoutCommonStock	dividendPayoutPreferredStock	proceedsFromIssuanceOfCommonStock	proceedsFromIssuanceOfLongTermDebtAndCapitalSecuritiesNet	proceedsFromIssuanceOfPreferredStock	proceedsFromRepurchaseOfEquity	proceedsFromSaleOfTreasuryStock	changeInCashAndCashEquivalents	changeInExchangeRate	netIncome	reportedDate	reportedEPS	estimatedEPS	surprise	surprisePercentage	reportTime
2025-12-31	1101240.0	0.21	-15717000.0	5244000.0	5244000.0	2745000.0	26945000.0	335429000.0	-10473000.0	-37418000.0	-11186000.0	28819000.0	17633000.0	-1397760.0	2745000.0	846842000.0	-50118000.0	82818000.0	78994000.0	0.03	0.03	2745000.0	2745000.0	2745000.0	2745000.0	2745000.0	-68982000.0	-66237000.0	-4933000.0	-10177000.0	5244000.0	-11186000.0	28819000.0	17633000.0	-50118000.0	511413000.0	194044000.0	317369000.0	461295000.0	335429000.0	796724000.0	796724000.0	20233434.0	80211537.0	100444971.0	609575000.0	1909664000.0	1675497000.0	5053380000.0	2242905000.0	1675497000.0	98942000.0	3242658000.0	4972828000.0	3242658000.0	3242658000.0	-11806000.0	-11806000.0	157242000.0	936670000.0	2475035000.0	1000.0	1000.0	0.0	3757655000.0	2287508000.0	74819000.0	383577000.0	359902000.0	1829112000.0	98942000.0	1730170000.0	1470147000.0	9107000.0	730864000.0	730864000.0	80552000.0	80552000.0	80552000.0	78403000.0	571221000.0	404796000.0		166425000.0	27339000.0	139086000.0	7000313000.0	3287261000.0	25606000.0	28066000.0	634788000.0	359803000.0	6066000.0	178249000.0	416833000.0	416833000.0				1567161000.0	196972000.0	1370189000.0	430492000.0	-181241000.0	611733000.0	97574000.0	328390000.0	71784000.0	62373000.0	51612000.0	0.0	3713052000.0	277348000.0	341811000.0	180265000.0	8866000.0	152680000.0	1360116000.0	582630000.0	777486000.0	-4198000.0	781684000.0	1733777000.0	532630000.0	1201147000.0	1032853000.0	168294000.0	155427000.0		0.0	127313000.0	-61808000.0	705000.0	-487000.0	1213393000.0	1436142000.0	2015000.0	-224764000.0	-215559000.0	-215559000.0	239130000.0	-608890000.0	127313000.0	127313000.0	26888000.0	26888000.0		0.0	-226440000.0	-226440000.0	0.0	459434000.0	490000000.0	-30566000.0	-624066000.0			-61808000.0		-61808000.0	217235000.0	217235000.0	-7087000.0	61920000.0	242155000.0	242155000.0	242155000.0	-147881000.0	-23774000.0	-139507000.0	17821000.0	208596000.0		2520000.0	-28983000.0	-28983000.0	26945000.0	26945000.0	-5322000.0	-5322000.0	2745000.0		7000313000.0	3713052000.0	1201147000.0	1201147000.0	341811000.0	955735000.0	3287261000.0			196972000.0	196972000.0	1370189000.0		416833000.0	505417000.0	708942000.0		3757655000.0	1470147000.0	139086000.0			80552000.0	2287508000.0	98942000.0	1730170000.0	80552000.0		1909664000.0	535801000.0	74819000.0	3242658000.0		936670000.0	1000.0	100000000.0	217235000.0					26945000.0	61808000.0		-23774000.0		-226440000.0	-215559000.0															2745000.0		2.15	1.6	0.55	34.375	
2025-09-30	4773930.0	0.21	41488000.0	22733000.0	22733000.0	-2186000.0	19606000.0	283293000.0	64221000.0	44615000.0	-4971000.0	28912000.0	23941000.0	-20145070.0	-2186000.0	712770000.0	-2129000.0	78416000.0	78416000.0	-0.03	-0.03	-2186000.0	-2186000.0	-2186000.0	-2186000.0	-2186000.0	17889000.0	15703000.0	22803000.0	70000.0	22733000.0	-4971000.0	28912000.0	23941000.0	-2129000.0	429477000.0	176674000.0	252803000.0	427348000.0	283293000.0	710641000.0	710641000.0	20220282.0	78891165.0	99111447.0	585055000.0	2099135000.0	2095316000.0	5036676000.0	2867006000.0	2095316000.0	90209000.0	3027750000.0	4757116000.0	3027750000.0	3027750000.0	-12530000.0	-12530000.0	155952000.0	933925000.0	2262306000.0	1000.0	1000.0	0.0	3629615000.0	2279885000.0	73116000.0	387194000.0	364519000.0	1819575000.0	90209000.0	1729366000.0	1349730000.0	7699000.0	654132000.0	654132000.0	279560000.0	279560000.0	279560000.0	56183000.0	352156000.0	215350000.0	5222000.0	136806000.0	21811000.0	114995000.0	6657365000.0	2440629000.0	326388000.0		344803000.0	344803000.0	2893000.0	163956000.0	386947000.0		386947000.0	546000.0	386401000.0	932434000.0	159048000.0	773386000.0	283208000.0		283208000.0		283208000.0					4216736000.0	216447000.0	317513000.0	179949000.0	7861000.0	129703000.0	1237940000.0	537198000.0	700742000.0	-3237000.0	703979000.0	2444836000.0	1020965000.0	1423871000.0	544950000.0	878921000.0	33379000.0	405300000.0	0.0	178281000.0	-26635000.0		1992000.0	1436142000.0	627462000.0	-756000.0	809436000.0	159163000.0	159163000.0	-424418000.0		178281000.0	178281000.0	405300000.0	405300000.0	405300000.0	0.0	590259000.0	590259000.0	-132000.0	636026000.0	887902000.0	-251876000.0	-19000000.0			-26635000.0		-26635000.0	60014000.0	60014000.0	-96178000.0	72699000.0	23555000.0	23555000.0	23555000.0	-29133000.0	-10079000.0	-153220000.0	-3430000.0	146152000.0		2574000.0	16369000.0	16369000.0	19606000.0	19606000.0	-22893000.0	-22893000.0	-2186000.0		6657365000.0	4216736000.0	1423871000.0	1423871000.0	317513000.0	700742000.0	2440629000.0			159048000.0	159048000.0	773386000.0		386947000.0	952786000.0	821824000.0		3629615000.0	1349730000.0	114995000.0			279560000.0	2279885000.0	90209000.0	1729366000.0	279560000.0		2102028000.0	316088000.0	73116000.0	3027750000.0		933925000.0	1000.0	78416000.0	60014000.0					19606000.0	26635000.0		-10079000.0		590259000.0	159163000.0															-2186000.0		1.17	1.52	-0.35	-23.0263	
2025-06-30	-6841800.0	0.21	39540000.0	-32580000.0	-32580000.0	36117000.0	17157000.0	264795000.0	6960000.0	-10197000.0	-5433000.0	28686000.0	23253000.0	61855200.0	36117000.0	669574000.0	-1036000.0	82062000.0	77999000.0	0.44	0.46	36117000.0	36117000.0	36117000.0	36117000.0	36117000.0	-75000000.0	-38883000.0	-32414000.0	166000.0	-32580000.0	-5433000.0	28686000.0	23253000.0	-1036000.0	404779000.0	162567000.0	242212000.0	403743000.0	264795000.0	668538000.0	668538000.0	20220227.0	78503041.0	98723268.0	1392326000.0	2051460000.0	1807567000.0	4740222000.0	2531291000.0	1807567000.0	43638000.0	2732400000.0	4460975000.0	2732400000.0	2732400000.0	-12718000.0	-12718000.0	155947000.0	936111000.0	1964953000.0	1000.0	1000.0	0.0	3482856000.0	2185785000.0	64015000.0	349557000.0	329045000.0	1772213000.0	43638000.0	1728575000.0	1297071000.0	11053000.0	622829000.0	622829000.0	279247000.0	279247000.0	279247000.0	80875000.0	303067000.0	172255000.0	33101000.0	130812000.0	12702000.0	118110000.0	6215256000.0	2386894000.0	266368000.0		357417000.0	357417000.0	1631000.0	161905000.0	403500000.0	403500000.0				924833000.0	162588000.0	762245000.0	271240000.0		271240000.0		271240000.0					3828362000.0	197738000.0	308492000.0	184626000.0	8933000.0	114933000.0	1091332000.0	463371000.0	627961000.0	-3479000.0	631440000.0	2230800000.0	1615304000.0	615496000.0	503086000.0	112410000.0	-114657000.0	-525000.0	0.0		-22953000.0		49562000.0	627462000.0	1104758000.0	5305000.0	-482601000.0	-4365000.0	-4365000.0	-187800000.0				-525000.0	-525000.0	-525000.0	0.0	-386532000.0	-386532000.0	80000.0	-359850000.0	354843000.0	-714693000.0	-3809000.0			-22953000.0		-22953000.0	-91704000.0	-91704000.0	-307309000.0	-84648000.0	12564000.0	12564000.0	12564000.0	-64845000.0	-31112000.0	-139268000.0	9763000.0	139244000.0		2454000.0	-21297000.0	-21297000.0	17157000.0	17157000.0			36117000.0		6215256000.0	3828362000.0	615496000.0	615496000.0	308492000.0	1091332000.0	2386894000.0			162588000.0	162588000.0	762245000.0		403500000.0	1615304000.0	197738000.0		3482856000.0	1297071000.0	118110000.0			279247000.0	2185785000.0	43638000.0	1728575000.0	279247000.0		2051460000.0	276885000.0	64015000.0	2732400000.0		936111000.0	1000.0	82062000.0	-91704000.0					17157000.0	22953000.0		-31112000.0		-386532000.0	-4365000.0															36117000.0		2.12	1.46	0.66	45.2055	
2025-03-31	26906184.0	0.188	-7453000.0	143118000.0	143118000.0	87980000.0	19453000.0	237894000.0	135665000.0	116212000.0	2783000.0	7821000.0	10604000.0	-28231816.0	87980000.0	612426000.0	-8793000.0	81484000.0	76890000.0	1.08	1.14	87980000.0	87980000.0	87980000.0	87980000.0	87980000.0	20411000.0	108391000.0	114401000.0	-28717000.0	143118000.0	2783000.0	7821000.0	10604000.0	-8793000.0	374532000.0	151023000.0	223509000.0	365739000.0	237894000.0	603633000.0	603633000.0	20220227.0	77848148.0	98068375.0	913774000.0	2046728000.0	1631137000.0	4562565000.0	2439967000.0	1631137000.0	40016000.0	2555853000.0	4283650000.0	2555853000.0	2555853000.0	-17950000.0	-17950000.0	155947000.0	899994000.0	1829755000.0	1000.0	1000.0	0.0	3527306000.0	2190684000.0	55566000.0	367305000.0	348614000.0	1767813000.0	40016000.0	1727797000.0	1336622000.0	10672000.0	682761000.0	682761000.0	278915000.0	278915000.0	278915000.0	40115000.0	324159000.0	128108000.0		196051000.0	98381000.0	97670000.0	6083159000.0	2306570000.0	235681000.0		335742000.0	335742000.0	3318000.0	133551000.0	413693000.0	413693000.0				924716000.0	168834000.0	755882000.0	259869000.0		259869000.0		259869000.0					3776589000.0	155804000.0	279669000.0	163195000.0	8387000.0	108087000.0	974078000.0	373707000.0	600371000.0	-3204000.0	603575000.0	2367038000.0	1274100000.0	1092938000.0	997052000.0	95886000.0	932000.0	-431663000.0	1750000000.0		-24862000.0	498000.0	54000.0	1104758000.0	466763000.0	1192000.0	636803000.0	1313226000.0	1313226000.0	-5111000.0				1318337000.0	1318337000.0	-431663000.0	1750000000.0	-702217000.0	-702217000.0	3000.0	-677358000.0	401811000.0	-1079169000.0	0.0			-24862000.0		-24862000.0	25794000.0	25794000.0	-71170000.0	33505000.0	8611000.0	8611000.0	8611000.0	-22735000.0	-16986000.0	-73565000.0	38181000.0	140239000.0	-143921000.0	3800000.0	-48768000.0	-48768000.0	19453000.0	19453000.0			87980000.0		6083159000.0	3776589000.0	1092938000.0	1092938000.0	279669000.0	974078000.0	2306570000.0			168834000.0	168834000.0	755882000.0		413693000.0	1274100000.0	155804000.0		3527306000.0	1336622000.0	97670000.0			278915000.0	2190684000.0	40016000.0	1727797000.0	278915000.0		2046728000.0	178895000.0	55566000.0	2555853000.0		899994000.0	1000.0	81484000.0	25794000.0					19453000.0	24862000.0		-16986000.0		-702217000.0	1313226000.0															87980000.0		1.41	1.2421	0.1679	13.5174	
2024-12-31	19887420.0	0.21	9368000.0	94702000.0	94702000.0	135184000.0	17680000.0	229296000.0	104070000.0	86390000.0	5461000.0	1825000.0	7286000.0	60369420.0	135184000.0	590900000.0	-15755000.0	81091000.0	76360000.0	1.67	1.77	135184000.0	135184000.0	135184000.0	135184000.0	135184000.0	-50619000.0	84565000.0	94859000.0	157000.0	94702000.0	5461000.0	1825000.0	7286000.0	-15755000.0	361604000.0	134585000.0	227019000.0	345849000.0	229296000.0	575145000.0	575145000.0	20220227.0	76619331.0	96839558.0	225445000.0	721672000.0	1395670000.0	3007954000.0	619606000.0	1395670000.0	41383000.0	2327665000.0	2327665000.0	2327665000.0	2327665000.0	-18184000.0	-18184000.0	155947000.0	812014000.0	1689781000.0	1000.0	1000.0	0.0	2146923000.0	469048000.0	51103000.0	376562000.0	360685000.0	41383000.0	41383000.0	680289000.0	1677875000.0	12857000.0	633581000.0	633581000.0	680289000.0	680289000.0	680289000.0	148017000.0	203131000.0	103313000.0		99818000.0	27863000.0	71955000.0	4474588000.0	2177107000.0	17092000.0	6944000.0	473299000.0	304282000.0	3460000.0	119876000.0	332550000.0	332550000.0				931995000.0	175157000.0	756838000.0	291891000.0	-135985000.0	427876000.0	62178000.0	193489000.0	68532000.0	52065000.0	51612000.0	0.0	2297481000.0	130315000.0	265316000.0	172246000.0	6230000.0	86840000.0	915501000.0	367929000.0	547572000.0	-3322000.0	550894000.0	986349000.0	531505000.0	454844000.0	359925000.0	94919000.0	225365000.0			0.0	-24801000.0		7175000.0	466763000.0	697449000.0	-6284000.0	-224402000.0	-32829000.0	-32829000.0	-37688000.0	4859000.0	0.0	0.0					-441739000.0	-441739000.0	20000.0	-32937000.0	145068000.0	-178005000.0	-384021000.0			-24801000.0		-24801000.0	250166000.0	250166000.0	101265000.0	101449000.0	44276000.0	44276000.0	44276000.0		12236000.0	-19083000.0	7994000.0	130888000.0		6249000.0	-58035000.0	-58035000.0	17680000.0	17680000.0	-91059000.0	-91059000.0	135184000.0		4474588000.0	2297481000.0	454844000.0	454844000.0	265316000.0	915501000.0	2177107000.0			175157000.0	175157000.0	756838000.0		332550000.0	531505000.0	130315000.0		2146923000.0	1677875000.0	71955000.0			680289000.0	469048000.0	41383000.0	680289000.0	680289000.0		1401961000.0	264187000.0	51103000.0	2327665000.0		812014000.0	1000.0	81091000.0	250166000.0					17680000.0	24801000.0		12236000.0		-441739000.0	-32829000.0															135184000.0		2.08	1.4034	0.6766	48.2115	
2024-09-30																																																																																																387905000.0																																			0.0											9717000.0	0.0	0.0																																			-44459000.0	-44459000.0			4005658000.0	2433746000.0	695144000.0	695144000.0	272295000.0	885585000.0	1571912000.0			81748000.0	81748000.0	308472000.0		387905000.0	463130000.0	117592000.0		1905822000.0	823227000.0	75590000.0				1082595000.0	41223000.0	679483000.0			720706000.0	192484000.0	40870000.0	2099836000.0		676830000.0	1000.0	78080000.0	91321000.0					6181000.0	26472000.0		-3513000.0		43071000.0	-7713000.0											4895000.0				67835000.0		1.45	1.19	0.26	21.8487	
2024-06-30																																																																																																																																	0.0	0.0	0.0											0.0	0.0	0.0	0.0	0.0	0.0	0.0								0.0	0.0		0.0									-236000.0											-50280000.0	-50280000.0			3742370000.0	2205738000.0	566452000.0	566452000.0	277753000.0	729480000.0	1536632000.0			85571000.0	85571000.0	307758000.0		363134000.0	510020000.0	122033000.0		1813530000.0	766113000.0	104077000.0			12816001.0	1047417000.0	41705000.0	678678000.0			720383000.0	140302000.0	21560000.0	1928840000.0		605264000.0	1000.0	77550000.0	82763000.0					10386000.0	11318000.0		-14885000.0		82139000.0	-2185000.0											-2185000.0				41473000.0		1.2	1.02	0.18	17.6471	
2024-03-31																																																																																																																																																																																							3616196000.0	2201707000.0	403870000.0	403870000.0	271318000.0	742936000.0	1414489000.0			89419000.0	89419000.0	308470000.0		280108000.0	659906000.0	123677000.0		1798181000.0	757474000.0	82075000.0			9601000.0	1040707000.0	32546000.0	677895000.0			710441000.0	114624000.0	21688000.0	1818015000.0		564467000.0	1000.0	77132000.0	-15938000.0					7356000.0	16194000.0		-2074000.0		-174044000.0	-2710000.0											-2710000.0				133352000.0		1.15	0.94	0.21	22.3404	
2023-12-31																																																																																																																																																																																							3409174000.0	2393642000.0	598545000.0	598545000.0	269855000.0	700193000.0	1015532000.0			19539000.0	19539000.0	57945000.0		231730000.0	721994000.0	112786000.0		1793409000.0	761539000.0	65852000.0			5784000.0	1031870000.0	33550000.0	677113000.0			710663000.0	197553000.0	20985000.0	1612034000.0		434980000.0	1000.0	76178000.0	140038000.0					10051000.0	24067000.0		-12332000.0		53173000.0	-3818000.0											-3818000.0				57271000.0		1.12	0.85	0.27	31.7647	
2023-09-30																																																																																																																																																																																							3254183000.0	2257841000.0	406042000.0	406042000.0	260119000.0	703353000.0	996342000.0	186957000.0		20324000.0	20324000.0	57344000.0		240299000.0	784538000.0	103789000.0		1733066000.0	717827000.0	90035000.0			9492000.0	1015239000.0	35329000.0	676315000.0			711644000.0	153074000.0	21898000.0	1521117000.0		373978000.0	1000.0	75952000.0	62892000.0					8418000.0	14366000.0		-15979000.0		-121953000.0	-7122000.0											-101000.0				59397000.0		1.02	0.76	0.26	34.2105	
2023-06-30																																																																																																																																																																																							3077404000.0	2112650000.0	474203000.0	474203000.0	249767000.0	627366000.0	964754000.0	179096000.0		21837000.0	21837000.0	57741000.0		20759000.0	659742000.0	101572000.0		1632406000.0	625239000.0	72989000.0			118162000.0	1007167000.0	33987000.0	675518000.0			793680000.0	7359000.0	320100000.0	1444998000.0	-155947000.0	314581000.0	1000.0	75780000.0	42656000.0					7480000.0	13199000.0	-51774000.0	-27774000.0		153930000.0	14264000.0											-62214000.0		210850000.0		12420000.0		1.11	0.62	0.49	79.0323	
2023-03-31																																																																																																																																																																																							3007949000.0	2052696000.0	263414000.0	263414000.0	220268000.0	596756000.0	955253000.0	172674000.0		11270000.0	11270000.0	44982000.0		35583000.0	829939000.0	142319000.0		1604954000.0	616127000.0	65988000.0			7510000.0	988827000.0	35045000.0	674724000.0			709769000.0	120631000.0	306120000.0	1402995000.0	-155947000.0	302161000.0	1000.0	73880000.0	-56323000.0					6689000.0	8638000.0	-50431000.0	-15811000.0		-72674000.0	37990000.0											-34841000.0		-91007000.0		45139000.0		0.88	0.54	0.34	62.963	
2022-12-31																																																																																																																																																																																							2851894000.0	1805278000.0	353684000.0	353684000.0	202471000.0	555092000.0	1046616000.0	208213000.0		12158000.0	12158000.0	44983000.0		452770000.0	621009000.0	73022000.0		1583403000.0	602646000.0	59918000.0			6358000.0	980757000.0	37143000.0	673967000.0			711110000.0	148733000.0	15358000.0	1268491000.0		257022000.0	1000.0	72976000.0	131120000.0					6210000.0	11698000.0		-29720000.0		-528966000.0	600565000.0					603044000.0	603044000.0					-2479000.0				29175000.0		0.7	0.51	0.19	37.2549	
2022-09-30																																																																																																																																																																																							2010430000.0	1205699000.0	147711000.0	147711000.0	173046000.0	586981000.0	804731000.0	164160000.0		13039000.0	13039000.0	44819000.0		36998000.0	229907000.0	68054000.0		779117000.0	431523000.0	50193000.0				347594000.0	16311000.0				16311000.0	115696000.0	342224000.0	1231313000.0	-155947000.0	227847000.0	1000.0	72525000.0	40901000.0					6206000.0	14460000.0	-34799000.0	-19158000.0		-103215000.0	-72000.0											-72000.0		-62386000.0		12131000.0		0.6	0.49	0.11	22.449	
2022-06-30																																																																																																																																																																																							1932023000.0	1169791000.0	212815000.0	212815000.0	154297000.0	576426000.0	762232000.0	157916000.0		13934000.0	13934000.0	45004000.0		33917000.0	164414000.0	61839000.0		738372000.0	432971000.0	60689000.0			100980000.0	305401000.0	18210000.0				18210000.0	101347000.0	299883000.0	1193651000.0	-155947000.0	215716000.0	1000.0	72283000.0	19376000.0					6210000.0	12816000.0	-87742000.0	-32849000.0		-188438000.0	-934000.0											-3000.0		-169996000.0		50962000.0		0.44	0.39	0.05	12.8205	
2022-03-31																																																																																																																																																																																							1772454000.0	1146117000.0	386367000.0	386367000.0	122150000.0	492768000.0	626337000.0	149505000.0		14399000.0	14399000.0	43607000.0		27915000.0	77624000.0	67208000.0		647665000.0	470679000.0	49348000.0				176986000.0	20112000.0				20112000.0	72678000.0	170805000.0	1124789000.0	-155947000.0	164754000.0	1000.0	72349000.0	43964000.0					5755000.0	17135000.0	7495000.0	-14260000.0		-10348000.0	-1459000.0											-71000.0		32157000.0		54871000.0		0.45	0.3	0.15	50.0	
2021-12-31																																																																																																																																																																																							1688210000.0	1109490000.0	356332000.0	356332000.0	108688000.0	501240000.0	578720000.0	138457000.0		15470000.0	15470000.0	43592000.0		42488000.0	86690000.0	56540000.0		640361000.0	418521000.0	32220000.0			103707000.0	221840000.0					20440000.0	106511000.0	215350000.0	1047849000.0	-155947000.0	109883000.0	1000.0	69310000.0	12930000.0					5274000.0	13620000.0	-87675000.0	-15118000.0		159144000.0	-97279000.0											-148792000.0		74795000.0		-13508000.0		0.46	0.17	0.29	170.5882	
2021-09-30																																																																																																																																																																																							1645387000.0	1123820000.0	281691000.0	281691000.0	93279000.0	396243000.0	521567000.0	128808000.0		7426000.0	7426000.0	25571000.0		62052000.0	299897000.0	52710000.0		531484000.0	379890000.0	27418000.0			6809000.0	151594000.0					6809000.0	95703000.0	146314000.0	1113903000.0	-155947000.0	123391000.0	1000.0	72441000.0	16449000.0					4838000.0	12484000.0	-114106000.0	-1306000.0		66966000.0	-66590000.0											-172205000.0		16825000.0		48524000.0		1.17	0.26	0.91	350.0	
2021-06-30																																																																																																																																																																																							1526888000.0	1080930000.0	266372000.0	266372000.0	91739000.0	288468000.0	445958000.0	146818000.0		7870000.0	7870000.0	25178000.0		107189000.0	388895000.0	45456000.0		429189000.0	272871000.0	7778000.0			6404000.0	156318000.0					6404000.0	73312000.0	36910000.0	1097699000.0	-155947000.0	74867000.0	1000.0	65166000.0	34176000.0					4291000.0	13612000.0	-35286000.0	-2368000.0		80569000.0	-3267000.0											-3267000.0		111478000.0		-47117000.0		0.38	0.23	0.15	65.2174	
2021-03-31																																																																																																																																																																																							1404858000.0	986229000.0	154822000.0	154822000.0	89657000.0	257845000.0	418629000.0	112119000.0		8642000.0	8642000.0	25194000.0		97010000.0	440842000.0	43063000.0		393954000.0	239775000.0	19791000.0			5667000.0	154179000.0					5667000.0	46764000.0	148670000.0	1010904000.0	-155947000.0	121984000.0	1000.0	64036000.0	60939000.0					4291000.0	10562000.0	31298000.0	520000.0		-54123000.0	-7045000.0											-7045000.0		-229000.0		-47917000.0		0.31	0.21	0.1	47.619	
2020-12-31																																																																																																																																																																																							1381023000.0	981952000.0	155440000.0	155440000.0	89958000.0	293146000.0	399071000.0	105494000.0		9448000.0	9448000.0	25205000.0		113138000.0	406525000.0	36883000.0		404768000.0	256331000.0	24142000.0			59843000.0	148437000.0					18952000.0	61426000.0	143056000.0	976255000.0	-155947000.0	169901000.0	1000.0	65362000.0	34318000.0					3531000.0	6670000.0	-59211000.0	7215000.0		-56232000.0	-923000.0											-923000.0		-22837000.0		25834000.0		1.0	0.36	0.64	177.7778	
2020-09-30																																																																																																																																																																																							1279149000.0	875853000.0	176000000.0	176000000.0	97610000.0	235908000.0	403296000.0	102718000.0		10260000.0	10260000.0	25012000.0		143226000.0	330914000.0	35421000.0		383996000.0	258555000.0	22441000.0			5137000.0	125441000.0					5137000.0	79251000.0	120731000.0	895153000.0	-155947000.0	144067000.0	1000.0	63496000.0	11140000.0					3133000.0	58538000.0	-39176000.0	-16100000.0		-154083000.0	-1119000.0											-1119000.0		-144062000.0		-873000.0		0.4	0.2	0.2	100.0	
2020-06-30																																																																																																																																																																																							1232912000.0	885724000.0	319253000.0	319253000.0	81010000.0	205052000.0	347188000.0	45386000.0		11146000.0	11146000.0	24905000.0		155695000.0	237980000.0	42429000.0		363099000.0	242830000.0	40105000.0			4882000.0	120269000.0					4882000.0	69349000.0	115832000.0	869813000.0	-155947000.0	144940000.0	1000.0	60346000.0	-20392000.0					2930000.0	5408000.0	325000.0	-34641000.0		-124138000.0	306469000.0											-577000.0		161939000.0		-30759000.0		-0.01	0.16	-0.17	-106.25	
2020-03-31																																																																																																																																																																																							877451000.0	618741000.0	156540000.0	156540000.0	46922000.0	191904000.0	258710000.0	43065000.0		11929000.0	11929000.0	24752000.0		77781000.0	188673000.0	34702000.0		317861000.0	195015000.0	31568000.0			3891000.0	122846000.0					3891000.0	40295000.0	119074000.0	559590000.0	-155947000.0	175699000.0	1000.0	60394000.0	13415000.0					2881000.0	2254000.0	-9700000.0	-8630000.0		-22073000.0	-5162000.0											-5190000.0		-13820000.0		4074000.0		0.4	0.18	0.22	122.2222	
2019-12-31																																																																																																																																																																																							845639000.0	619091000.0	172250000.0	172250000.0	38845000.0	184980000.0	226548000.0	43770000.0		12771000.0	12771000.0	25013000.0		77097000.0	178534000.0	44482000.0		302144000.0	195566000.0	25874000.0			45001000.0	106578000.0					6792000.0	45492000.0	98456000.0	543495000.0	-155947000.0	172265000.0	1000.0	60257000.0	45809000.0					3165000.0	3904000.0	-8333000.0	1399000.0		-77812000.0	-775000.0											-783000.0		-32778000.0		-12379000.0		0.41	0.38	0.03	7.8947	
2019-09-30																																																																																																																																																																																							792304000.0	576022000.0	202551000.0	202551000.0	40666000.0	182615000.0	216282000.0	42592000.0		13528000.0	13528000.0	24876000.0		74854000.0	108913000.0	41277000.0		284657000.0	183834000.0	14638000.0			35745000.0	100823000.0	11537000.0				7687000.0	34599000.0	82149000.0	507647000.0	-155947000.0	184644000.0	1000.0	60059000.0	22440000.0					2709000.0	4250000.0	-19491000.0	1213000.0		-38047000.0	-1134000.0											-1136000.0		-16741000.0		6104000.0		0.28	0.27	0.01	3.7037	
2019-06-30																																																																																																																																																																																							746370000.0	575055000.0	219720000.0	219720000.0	40999000.0	161278000.0	171315000.0	40500000.0		14424000.0	14424000.0	24969000.0		35170000.0	116629000.0	36429000.0		257443000.0	163673000.0	9064000.0			34011000.0	93770000.0	11967000.0				8013000.0	34415000.0	74586000.0	488927000.0	-155947000.0	178540000.0	1000.0	60000000.0	11394000.0					2687000.0	2772000.0	10988000.0	-3579000.0		-14123000.0	-869000.0											-873000.0		-3598000.0		738000.0		0.14	0.16	-0.02	-12.5	
2019-03-31																																																																																																																																																																																							739195000.0	566922000.0	223642000.0	223642000.0	37587000.0	167041000.0	172273000.0	41347000.0		15067000.0	15067000.0	25017000.0		36316000.0	105312000.0	33340000.0		258656000.0	163794000.0	9865000.0			36348000.0	94862000.0	13247000.0	8897000.0	3877000.0		8897000.0	35870000.0	74784000.0	480539000.0	-155947000.0	177802000.0	1000.0	59751000.0	-13970000.0					2800000.0	5433000.0	-21994000.0	-3936000.0		-110755000.0	-1159000.0											-1259000.0		-125884000.0		6419000.0		0.21	0.16	0.05	31.25	
2018-12-31																																																																																																																																																																																							719540000.0	558155000.0	349462000.0	349462000.0	33763000.0	144539000.0	161385000.0	37893000.0		15935000.0	15935000.0	24981000.0		40230000.0		30391000.0		252216000.0	166011000.0	15164000.0			37000.0	86205000.0					37000.0	41129000.0	80121000.0	467324000.0	-155947000.0	171383000.0	1000.0	59665000.0	31239000.0					2389000.0	4357000.0	-16471000.0	5771000.0		-3857000.0	-2810000.0											-2154000.0		23798000.0	-774000.0	2083000.0		0.08	0.11	-0.03	-27.2727	
2018-09-30																																																																																																																																																																																							681695000.0	524387000.0	324371000.0	324371000.0	39221000.0	129781000.0	157308000.0	35613000.0		16956000.0	16956000.0	25043000.0		38220000.0	500000.0	30514000.0		222033000.0	141505000.0	8998000.0			36908000.0	80528000.0	5751000.0	0.0				33846000.0	69382000.0	459662000.0	-155947000.0	169301000.0	1000.0	59805000.0	16530000.0					3065000.0	2421000.0	-26381000.0	4525000.0		1223000.0	-1039000.0					0.0	0.0					-1166000.0		16714000.0		5711000.0		0.2	0.13	0.07	53.8462	
2018-06-30																																																																																																																																																																																							642397000.0	486966000.0	307507000.0	307507000.0	43967000.0	104764000.0	155431000.0	34503000.0		20442000.0	20442000.0	24684000.0		37158000.0	4124000.0	26604000.0		193555000.0	120898000.0	9213000.0			29995000.0	72657000.0	5520000.0	0.0				29238000.0	61659000.0	448842000.0	-155947000.0	163590000.0	1000.0	57054000.0	-1947000.0					2750000.0	3822000.0	-7731000.0	2100000.0		-8494000.0	226627000.0					0.0	0.0					-7030000.0		216186000.0		8485000.0		0.11	0.04	0.07	175.0	
2018-03-31																																																																																																																																																																																							392985000.0	258970000.0	92330000.0	92330000.0	43104000.0	97127000.0	134015000.0	31175000.0		17496000.0	17496000.0	14947000.0		34624000.0	4475000.0	21934000.0		193656000.0	128710000.0	11692000.0			34869000.0	64946000.0	934000.0	0.0				28777000.0	201000.0	199329000.0	-155947000.0	155105000.0	1000.0	54532000.0	18053000.0					2411000.0	1097000.0	-17060000.0	2408000.0		1268000.0	-3430000.0					0.0	0.0					-3777000.0		15891000.0		12926000.0		0.24	0.05	0.19	380.0	
2017-12-31																																																																																																																																																																																							338112000.0	205192000.0	75105000.0	75105000.0	45465000.0	56064000.0	132920000.0	31172000.0		18823000.0	18823000.0	14927000.0		36877000.0	6862000.0	21696000.0		170668000.0	107950000.0	8592000.0			23502000.0	62718000.0		76000.0	41000.0		41000.0	22726000.0	2272000.0	167444000.0	-155947000.0	123185000.0	1000.0	52913000.0	24325000.0					2364000.0	1940000.0	-9278000.0	7328000.0		9531000.0	-2254000.0					0.0	0.0					-623000.0		31634000.0	32000.0	-2071000.0		0.13	-0.03	0.16	533.3333	
2017-09-30																																																																																																																																																																																							327607000.0	188741000.0	43471000.0	43471000.0	52692000.0	51204000.0	138866000.0	31263000.0		20758000.0	20758000.0	14923000.0		32543000.0	18372000.0	23002000.0		161527000.0	100091000.0	12354000.0			22431000.0	61436000.0	1851000.0	0.0				19554000.0	2715000.0	166080000.0	-155947000.0	125256000.0	1000.0	53843000.0	6611000.0					2277000.0	3592000.0	-21527000.0	6694000.0		7514000.0	-253000.0					0.0	0.0					-258000.0		15433000.0	1561000.0	422000.0		0.04	0.04	0.0	0.0	
2017-06-30																																																																																																																																																																																							316311000.0	190954000.0	28038000.0	28038000.0	60743000.0	45428000.0	125357000.0	29603000.0		19334000.0	19334000.0	13183000.0		27791000.0	33796000.0	22949000.0		152850000.0	94844000.0	17993000.0			19879000.0	58006000.0	1875000.0	0.0				18312000.0	2689000.0	163461000.0	-155947000.0	124834000.0	1000.0	53770000.0	-5837000.0					1796000.0	3473000.0	-962000.0	-12082000.0		-7847000.0	530000.0					0.0	0.0					-407000.0		-13936000.0	-782000.0	2276000.0		0.04	0.04	0.0	0.0	
2017-03-31																																																																																																																																																																																							299518000.0	180338000.0	41974000.0	41974000.0	48699000.0	44328000.0	119180000.0	26399000.0		20256000.0	20256000.0	13001000.0		24688000.0	29630000.0	15707000.0		142128000.0	90488000.0	15632000.0			20330000.0	51640000.0	1895000.0	0.0				15087000.0	2664000.0	157390000.0	-155947000.0	122558000.0	1000.0	53677000.0	-6609000.0					1604000.0	2438000.0	-3538000.0	-13686000.0		9884000.0	-1877000.0					0.0	0.0					-2165000.0		1323000.0	-75000.0	4580000.0		0.07	0.03	0.04	133.3333	
2016-12-31																																																																																																																																																																																							278163000.0	177231000.0	40651000.0	40651000.0	34841000.0	39466000.0	100932000.0	24004000.0		15218000.0	15218000.0	10442000.0		17836000.0	48415000.0	13858000.0		127275000.0	78039000.0	10736000.0			18248000.0	49236000.0		118000.0	118000.0		118000.0	15437000.0	3924000.0	150888000.0	-155947000.0	118275000.0	1000.0	53173000.0	-4034000.0					914000.0	4778000.0	-8020000.0	-7864000.0		-5330000.0	-860000.0					0.0	0.0					-473000.0		-9949000.0	275000.0	6341000.0		0.12	0.11	0.01	9.0909	
2016-09-30																																																																																																																																																																																							252200000.0	168448000.0	50600000.0	50600000.0	25503000.0	32858000.0	83752000.0	22976000.0		7116000.0	7116000.0	8885000.0		6260000.0	45620000.0	13867000.0		110872000.0	67770000.0	8982000.0			51000.0	43102000.0	2691000.0	0.0	51000.0		2742000.0	16086000.0		141328000.0	-155947000.0	111934000.0	1000.0	53141000.0	11623000.0					901000.0	1525000.0	-2066000.0	-4056000.0		639000.0	719000.0					0.0	0.0					-263000.0		13294000.0	313000.0	3843000.0		0.07	0.06	0.01	16.6667	
2016-06-30																																																																																																																																																																																							228695000.0	153775000.0	37306000.0	37306000.0	21936000.0	30499000.0	74920000.0	22249000.0		7228000.0	7228000.0	9100000.0		4594000.0	49711000.0	14323000.0		94264000.0	52193000.0	8083000.0			62000.0	42071000.0	2707000.0	0.0	62000.0		2769000.0	10382000.0		134431000.0	-155947000.0	108092000.0	1000.0	53289000.0	3243000.0					942000.0	771000.0	-1016000.0	-2421000.0		5283000.0	-24798000.0					0.0	0.0					-24784000.0		-16059000.0	213000.0	3650000.0		0.07	0.04	0.03	75.0	
2016-03-31																																																																																																																																																																																							237108000.0	164416000.0	53365000.0	53365000.0	20214000.0	29810000.0	72692000.0	22177000.0		7431000.0	7431000.0	9179000.0		10009000.0	50689000.0	10338000.0		83882000.0	48403000.0	9486000.0			150000.0	35479000.0	64000.0	64000.0	75000.0		278000.0	11540000.0		153226000.0	-131163000.0	104441000.0	1000.0	54498000.0	7093000.0					901000.0	1378000.0	-2195000.0	-4327000.0		-3637000.0	-9722000.0					0.0	0.0					-8962000.0		-6161000.0	105000.0	3463000.0		0.06	0.03	0.03	100.0	
2015-12-31																																																																																																																																																																																							229881000.0	161409000.0	59526000.0	59526000.0	15763000.0	27701000.0	68472000.0	21848000.0		7588000.0	7588000.0	9596000.0		8525000.0	50254000.0	8165000.0		72877000.0	38140000.0	7333000.0			174000.0	34737000.0		81000.0	81000.0		255000.0	7341000.0	952000.0	157004000.0	-122201000.0	100978000.0	1000.0	54523000.0	16131000.0					981000.0	2263000.0	-3474000.0	3177000.0		-2716000.0	174000.0					0.0	0.0					-522000.0		13639000.0	50000.0	5104000.0		0.09	0.04	0.05	125.0	
2015-09-30																																																																																																																																																																																							213477000.0	150155000.0	45887000.0	45887000.0	18892000.0	24328000.0	63322000.0	19855000.0		7812000.0	7812000.0	9313000.0		9171000.0	49526000.0	11522000.0		63991000.0	33006000.0	6040000.0			196000.0	30985000.0	98000.0	98000.0			392000.0	5858000.0	952000.0	149486000.0	-122201000.0	95874000.0	1000.0	54691000.0	19345000.0					948000.0	2270000.0	2105000.0	5207000.0		-6097000.0	-7704000.0					0.0	0.0					-7556000.0		5533000.0	-11000.0	1521000.0		0.03	0.08	-0.05	-62.5	
2015-06-30																																																																																																																																																																																							212153000.0	151300000.0	40354000.0	40354000.0	23687000.0	25753000.0	60853000.0	18231000.0		7085000.0	7085000.0	7786000.0		12377000.0	46252000.0	15254000.0		58268000.0	31693000.0	7477000.0			40000.0	26575000.0	9000.0	9000.0			49000.0	5942000.0	950000.0	153885000.0	-114645000.0	94353000.0	1000.0	54800000.0	-2039000.0					745000.0	1497000.0	-4056000.0	-760000.0		-10488000.0	6052000.0					0.0	0.0					-453000.0		-6494000.0	-19000.0	6103000.0		0.11	0.09	0.02	22.2222	
2015-03-31																																																																																																																																																																																							195811000.0	143170000.0	46848000.0	46848000.0	22626000.0	21022000.0	52641000.0	17213000.0		2965000.0	2965000.0	2206000.0		14713000.0	43212000.0	9462000.0		55777000.0	30121000.0	7808000.0			39000.0	25656000.0	19000.0	19000.0			58000.0	5106000.0		140034000.0	-114645000.0	88250000.0	1000.0	54513000.0	13008000.0					617000.0	474000.0	9669000.0	-4484000.0		-16708000.0	2081000.0					0.0	0.0					-194000.0		-1519000.0	100000.0	7205000.0		0.13	0.06	0.07	116.6667	
2014-12-31																																																																																																																																																																																							185368000.0	140027000.0	48367000.0	48367000.0	18323000.0	30735000.0	45341000.0	17523000.0		3115000.0	3115000.0	2206000.0		9296000.0	32774000.0	9629000.0		56262000.0	31973000.0	7682000.0			38000.0	24289000.0	29000.0	29000.0	38000.0		96000.0	8706000.0		129106000.0	-114645000.0	81045000.0	1000.0	54213000.0	12794000.0					949000.0	497000.0	-3635000.0	-4332000.0		-7455000.0	4444000.0					0.0	0.0					-85000.0		9752000.0	-31000.0	5086000.0		0.09	0.11	-0.02	-18.1818	
2014-09-30																																																																																																																																																																																							164140000.0	123199000.0	38615000.0	38615000.0	16128000.0	27099000.0	40941000.0	17848000.0		3107000.0	3107000.0	2206000.0		6411000.0	28983000.0	12374000.0		46098000.0	23776000.0	6483000.0			38000.0	22322000.0	39000.0	39000.0			77000.0	6504000.0	2317000.0	118042000.0	-114645000.0	75959000.0	1000.0	53821000.0	16676000.0					1101000.0	860000.0	-4091000.0	-1022000.0		-2683000.0	-1412000.0					0.0	0.0					-2890000.0		12672000.0	91000.0	7558000.0		0.14	0.09	0.05	55.5556	
2014-06-30																																																																																																																																																																																							149357000.0	102433000.0	25943000.0	25943000.0	15111000.0	23067000.0	46924000.0	17958000.0		3219000.0	3219000.0	2235000.0		10918000.0	22890000.0	15422000.0		38890000.0	20309000.0	5404000.0			37000.0	18581000.0	48000.0	48000.0			85000.0	5991000.0	2625000.0	110467000.0	-111755000.0	68402000.0	1000.0	54755000.0	1652000.0					1105000.0	465000.0	-2649000.0	-1867000.0		-2135000.0	-18724000.0					0.0	0.0					-19552000.0		-19190000.0	17000.0	3884000.0		0.07	0.06	0.01	16.6667	
2014-03-31																																																																																																																																																																																							164762000.0	113085000.0	45133000.0	45133000.0	13252000.0	20501000.0	51677000.0	18398000.0		3264000.0	3264000.0	2235000.0		14674000.0	17700000.0	16499000.0		40976000.0	24414000.0	7013000.0			37000.0	16562000.0	58000.0	58000.0			95000.0	9267000.0	2392000.0	123786000.0	-92203000.0	64519000.0	1000.0	55124000.0	4310000.0					1162000.0	866000.0	1986000.0	-2150000.0		-12308000.0	10852000.0					0.0	0.0					-1138000.0		2862000.0	8000.0	3391000.0		0.06	0.04	0.02	50.0	
2013-12-31																																																																																																																																																																																							147379000.0	96464000.0	42271000.0	42271000.0	11109000.0	22488000.0	50915000.0	19043000.0		3317000.0	3317000.0	2235000.0		12023000.0	9101000.0	12498000.0		37485000.0	20579000.0	6221000.0			36000.0	16906000.0	67000.0	67000.0			170000.0	8607000.0	3122000.0	109894000.0	-92203000.0	62674000.0	1000.0	54589000.0	9339000.0					1095000.0	660436.0	-2417234.0	864335.0		-9826000.0	7780000.0					0.0	0.0					-233.0		7265297.0	-28533.0	6922000.0		0.13	0.06	0.07	116.6667	
2013-09-30																																																																																																																																																																																							128492252.0	90449712.0	35005494.0	35005494.0	12289360.0	20093295.0	38042540.0	19347416.0		3360355.0	3360355.0	0.0		4580049.0	8751409.0	14310154.0		36347411.0	20724915.0	5112997.0			35545.0	15622496.0	76423.0	76000.0			111968.0	8065020.0	3243563.0	92144841.0	-92202810.0	55752014.0	683.0	53320918.0	10863245.0					1088071.0	404376.0	-3204742.0	800865.0		-1232151.0	6302552.0					0.0	0.0					-36000.0		15926153.0	-7493.0	5113592.0		0.1	0.08	0.02	25.0	
2013-06-30																																																																																																																																																																																							113008186.0	75878540.0	19079341.0	19079341.0	13200436.0	16889785.0	37129646.0	20032085.0		3332521.0	3332521.0	0.0		1875723.0	10733249.0	15975729.0		33343340.0	19965160.0	5897846.0			35004.0	13378180.0	85515.0	86000.0			206034.0	7321086.0	3072863.0	79664846.0	-92202810.0	50638422.0	672.0	52853166.0	7703685.0					1529507.0	554586.0	-83746.0	-1482542.0		-13231366.0	-13951585.0					0.0	0.0					-19649000.0		-19501043.0	-21777.0	4457534.0		0.08	0.07	0.01	14.2857	
2013-03-31																																																																																																																																																																																							117068110.0	80536626.0	38580384.0	38580384.0	11840390.0	16806968.0	36531484.0	21202659.0		3287628.0	3287628.0	0.0			0.0	13308884.0		28891747.0	16819316.0	4836520.0			34470.0	12072431.0	94468.0	94000.0			223406.0	6570139.0	2960396.0	88176363.0	-72553558.0	46180888.0	665.0	54599980.0	4519584.0					1418759.0	486602.0	1294722.0	-893658.0		1227107.0	-3319901.0					0.0	0.0					-5351000.0		2453593.0	26803.0	3297821.0		0.06	0.05	0.01	20.0	
2012-12-31																																																																																																																																																																																							116236251.0	79052516.0	36126791.0	36126791.0	10993209.0	18101000.0	37183735.0	21952201.0		3317169.0	3317169.0	0.0			1680958.0	12151000.0		28951205.0	18109259.0	6223000.0			34000.0	10841946.0	103283.0	103000.0			137000.0	6769405.0	2902896.0	87285046.0	-67203043.0	42883067.0	661.0	54722785.0	3259050.0					1405261.0	537497.0	-3432254.0	-879259.0		1004365.0	5902061.0					0.0	0.0					-50.0		10161080.0	-4396.0	15485779.0		0.07	0.07	0.0	0.0	
2012-09-30																																																																																																																																																																																							102586737.0	63477555.0	25965711.0	25965711.0	10430832.0	14551275.0	39109182.0	22650797.0		3332276.0	3332276.0	0.0			3178050.0	9351687.0		26271358.0	17415288.0	4259347.0				8856070.0		0.0				6469293.0	2206551.0	76315379.0	-67203043.0	39068261.0	657.0	53106325.0	9873657.0					1774780.0	371183.0	269798.0	-3325.0		1644865.0	-3523811.0					0.0	0.0					-3857399.0		7995692.0	981.0	-10479338.0		0.07	0.04	0.03	75.0	
2012-06-30																																																																																																																																																																																							97760319.0	57295845.0	17970019.0	17970019.0	10466858.0	14696073.0	40464474.0	24117667.0		3336419.0	3336419.0	0.0			5186263.0	8976632.0		22473251.0	14818829.0	3932328.0				7654422.0		0.0				5794484.0	2012366.0	75287068.0	-63345644.0	35391390.0	655.0	55166644.0	9785528.0					1672699.0	454481.0	-393281.0	593833.0		-387769.0	-15756295.0					0.0	0.0					-16138551.0		-6379564.0	-21028.0	3442246.0		0.06	0.02	0.04	200.0	
2012-03-31																																																																																																																																																																																							107868257.0	65930972.0	24349583.0	24349583.0	11118750.0	14303273.0	41937285.0	25632688.0		3239102.0	3239102.0	0.0			5333847.0	10825519.0		20836320.0	14162196.0	3807316.0				6674124.0		0.0				5829173.0	1994767.0	87031937.0	-47207093.0	31949143.0	652.0	56358066.0	3598978.0					1666510.0	399808.0	-2523138.0	226602.0		-580406.0	14629.0					0.0	0.0					14629.0		3048850.0	15649.0	3803818.0		0.07	0.01	0.06	600.0	
2011-12-31																																																																																																																																																																																							104962751.0	61732423.0	21300733.0	21300733.0	11484761.0	11780135.0	43230328.0	26845220.0		3224006.0	3224006.0	0.0			5108189.0	12058605.0		22507197.0	15887897.0	4513938.0			7215545.0	6619300.0		0.0				7501516.0	1982399.0	82455554.0	-47207093.0	28145325.0	652.0	59435624.0	2628381.0					1983931.0	785855.0		120839.0		215545.0	-6216339.0					0.0	0.0					-7610039.0				1622840.0		-0.01	0.02	-0.03	-150.0	
2011-09-30																																																																																																																																																																																							117158101.0	69579027.0	24574858.0	24574858.0	15469128.0	12525734.0	47579074.0	29821661.0		3183944.0	3183944.0	0.0			6175147.0	10834160.0		23071848.0	16213481.0	5147800.0				6858367.0		0.0				7231357.0	2639346.0	94086253.0	-39597054.0	34046376.0	647.0	60037328.0	5482291.0					1995033.0	608546.0		162282.0		3835073.0	-12349378.0					0.0	0.0					-12389000.0				1947760.0		0.02	0.02	0.0	0.0	
2011-06-30																																																																																																																																																																																							125552818.0	76101733.0	27719405.0	27719405.0	16049209.0	9978838.0	49451085.0	31768928.0		3145911.0	3145911.0	0.0			10775112.0	11579169.0		20897555.0	14898651.0	4995678.0			1.0	5998904.0		0.0				6603304.0	2279851.0	104655263.0	-27208053.0	32910091.0	647.0	60605140.0	4811533.0					2049488.0	459916.0		-220317.0		-1462837.0	-7438167.0					0.0	0.0					-7438167.0				-2294832.0		-0.04		0.0		
2011-03-31																																																																																																																																																																																							131068761.0	78760103.0	31811600.0	31811600.0	16280046.0	11597028.0	52308658.0	34346000.0		3135289.0	3135289.0				9785345.0	9286084.0		17559449.0	11247750.0	4069174.0			3579765.0	6311699.0						3579765.0		113509312.0	-19770000.0	35204923.0	635.0	63250334.0	4343560.0					2068092.0	413232.0		1264997.0		-10185423.0	-5057726.0											-5061649.0				19732.0		0.0003		0.0		
2010-12-31																																																																																																																																																																																							136186935.0	82326195.0	42684241.0	42684241.0	17815405.0	13542535.0	53860740.0	37006000.0		3090876.0	3090876.0					8284014.0		18622694.0	11947994.0	4550789.0			3759800.0	6674700.0						4131945.0		117564241.0	-14708000.0	35185191.0	647.0	62524446.0	3144668.0					2043690.0	625185.0		18921.0		-620233.0	-136793.0															-196963.0		-0.0032		0.0		
2010-09-30																																																																																																																																																																																							135357743.0	83304655.0	40281074.0	40281074.0	18025815.0	12956799.0	52053088.0	37321000.0		6925547.0	6925547.0					12040968.0		17944326.0	11080211.0	4001265.0			3544053.0	6864115.0						3775356.0		117413417.0	-14708000.0	35382154.0	647.0	62342775.0	-132284.0					2114897.0	503580.0		770171.0		-265495.0	105149.0															-2335478.0		-0.04	-0.01	-0.03	-300.0	
2010-06-30																																																																																																																																																																																							137540835.0	84016238.0	40599254.0	40599254.0	19076431.0	11031429.0	53524597.0	38826000.0		2863058.0	2863058.0					13309124.0		18874241.0	12237493.0	4636465.0			4174424.0	6636748.0						4424557.0		118666594.0	-14708000.0	37717632.0	647.0	62333929.0	4189052.0					1588170.0	1003650.0		-1913841.0		-1042785.0	3200.0															-1359389.0		-0.02	-0.03	0.01	33.3333	
2010-03-31																																																																																																																																																																																							135922817.0	82504449.0	37425946.0	37425946.0	17687918.0	15811319.0	53418368.0	39523000.0		2801583.0	2801583.0					11579266.0		16770634.0	9995367.0	2437903.0			4332895.0	6775267.0						4667783.0		119152183.0	-14708000.0	39077021.0	646.0	62332170.0	-6642841.0					1540158.0	2370259.0		-2883190.0		-2370258.0	957837.0															-492605.0		-0.01	-0.01	0.0	0.0	
2009-12-31																																																																																																																																																																																							138425917.0	85885246.0	45505049.0	45505049.0	15085750.0	15384993.0	52540671.0	38673000.0		2765701.0	2765701.0					9909454.0		20724721.0	13784853.0	6357195.0			4252577.0	6939868.0						4608503.0		117701196.0	-14708000.0	39569626.0	642.0	63272168.0	4657193.0					1226143.0	4646085.0		-2389993.0		-4646085.0	79372.0															4366073.0		0.07	0.02	0.05	250.0	
2009-09-30																																																																																																																																																																																							137119492.0	86162146.0	45414569.0	45414569.0	13227387.0	16318653.0	50957346.0	35632000.0		2624384.0	2624384.0					11201537.0		25070397.0	18113477.0	7704600.0			3847560.0	6956920.0						4141070.0		112049095.0	-14708000.0	35203553.0	641.0	61937769.0	-2720236.0					924382.0	4685875.0		-1788843.0		-4685875.0	46941.0															-3176016.0		-0.05	-0.03	-0.02	-66.6667	
2009-06-30																																																																																																																																																																																							133072987.0	89595772.0	52773739.0	52773739.0	11670349.0	13116452.0	43477215.0	31588000.0		2570868.0	2570868.0					12035233.0		18917678.0	12444307.0	5563328.0			3789887.0	6473371.0						4129599.0		114155309.0	-14708000.0	38379570.0	640.0	61907735.0	-2346377.0					769081.0	3154967.0		-1367190.0		-3154967.0	10621.0															-723404.0		-0.01	-0.04	0.03	75.0	
2009-03-31																																																																																																																																																																																							131777846.0	92270834.0	58264462.0	58264462.0	10327099.0	12307122.0	39507012.0	28022000.0		2497076.0	2497076.0					11372151.0		18294038.0	11464234.0	4447071.0			3963962.0	6829804.0						4308309.0		113483808.0	-14708000.0	39102973.0	639.0	61832808.0	10526706.0					714806.0	1692948.0		3105410.0		807052.0	50269.0															-467759.0		-0.01	-0.01	0.0	0.0	
2008-12-31																																																																																																																																																																																							130015506.0	91598715.0	46880435.0	46880435.0	13467117.0	16793553.0	38416791.0	27128000.0		2447011.0	2447011.0				2498998.0	11958612.0		17489244.0	10956199.0	3856961.0			4275907.0	6533045.0						4588593.0		112526262.0	-14708000.0	39570732.0	638.0	64070869.0	3506946.0					692247.0	1652457.0		3742933.0		851403.0	22797.0															3785813.0		0.06	0.01	0.05	500.0	
2008-09-30																																																																																																																																																																																							127146160.0	80464664.0	42499289.0	42499289.0	17475342.0	11600310.0	46681496.0	26454000.0		2253026.0	2253026.0					8889723.0		19456280.0	14427784.0	6766847.0			5200000.0	5028496.0						5492308.0		107689880.0	-14708000.0	35784919.0	638.0	63313702.0	4931562.0					646776.0	1019782.0		2752915.0		4481028.0	60564.0															650377.0		0.01		0.0		
2008-06-30																																																																																																																																																																																							125912360.0	73284274.0	33026135.0	33026135.0	20554202.0	10750184.0	52628086.0	26238000.0		2112752.0	2112752.0					8953753.0		19598677.0	14568400.0	3652440.0			8642390.0	5030277.0						8901743.0		106313683.0	-14708000.0	35134542.0	638.0	62642618.0	-979922.0					641871.0	2303232.0		-2632859.0		-1300814.0	-12411049.0															-2015736.0		-0.02	0.01	-0.03	-300.0	
2008-03-31																																																																																																																																																																																							137302942.0	95595638.0	47717920.0	47717920.0	17961874.0	9243876.0	41707304.0	24665000.0		2025081.0	2025081.0				2500301.0	18171667.0		14957908.0	10149986.0	4608396.0			3050953.0	4807922.0						3704922.0		122345034.0	-2209000.0	37150278.0	637.0	65784447.0	659421.0					656879.0	1914576.0		-4463957.0		4085809.0	171229.0															1216587.0		0.02	0.05	-0.03	-60.0	
2007-12-31																																																																																																																																																																																							137763401.0	96426782.0	48800287.0	48800287.0	13506804.0	11691553.0	41336619.0	23600000.0		1925139.0	1925139.0				2501152.0	19926986.0		17126651.0	12473616.0	7304112.0			19257.0	4653035.0		11000.0			30952.0	3455603.0		120636750.0	-2209000.0	35933691.0	635.0	65685667.0	7241285.0					677965.0	471653.0		-2699657.0		14010706.0	561891.0															4678676.0		0.07	0.07	0.0	0.0	
2007-09-30																																																																																																																																																																																							128703869.0	62082294.0	26986405.0	26986405.0	10956792.0	13005969.0	66621575.0	22760000.0		1816845.0	1816845.0					11133128.0		13699371.0	9892479.0	4184631.0			29330.0	3806892.0		13000.0			42485.0	4221009.0		115004498.0	-2209000.0	31255015.0	633.0	66186297.0	9599423.0					672170.0	2225683.0		-1009715.0		-4246594.0	1100380.0															6154038.0		0.09	0.05	0.04	80.0	
2007-06-30																																																																																																																																																																																							119308838.0	58910952.0	20533196.0	20533196.0	9947077.0	14896802.0	60397886.0	21288000.0		1735766.0	1735766.0				2980297.0	10553580.0		11986636.0	9334635.0	3788518.0			39334.0	2652000.0		15000.0			53856.0	4212997.0		107322202.0	-2209000.0	25100977.0	631.0	65214726.0	2565249.0					601778.0	586936.0		323747.0		927076.0	967392.0															3699208.0		0.06	0.04	0.02	50.0	
2007-03-31																																																																																																																																																																																							112299958.0	45921571.0	16073479.0	16073479.0	10311705.0	7493522.0	66378387.0	21345000.0		1698812.0	1698812.0					12042865.0		11734732.0	9643195.0	3785682.0			45774.0	2091537.0		19000.0			65088.0	4705868.0		100565226.0	-2209000.0	21401769.0	623.0	64692636.0	-5483124.0					569324.0	1237710.0		-1069768.0		2314048.0	468870.0															494554.0		0.01	0.02	-0.01	-50.0	
2006-12-31																																																																																																																																																																																							119837689.0	56116264.0	18773685.0	18773685.0	9257746.0	10068049.0	63721425.0	20843000.0		1532500.0	1532500.0				3557289.0	14459495.0		20509150.0	18302688.0	4554203.0			45214.0	2206462.0		31000.0			76188.0	12665830.0		99328539.0	-2209000.0	20907215.0	622.0	61984240.0	-2057613.0					548480.0	635964.0		-808067.0		4996752.0	726.0											-3.0				2317028.0		0.04	0.04	0.0	0.0	
2006-09-30																																																																																																																																																																																							128682324.0	55537326.0	15833820.0	15833820.0	8531385.0	14993307.0	73144998.0	20795000.0		1492672.0	1492672.0				5638637.0	10540177.0		31873010.0	30249927.0	6604931.0			44669.0	1623083.0		42000.0			87154.0	22670175.0		96809314.0	-2209000.0	18590187.0	619.0	64717904.0	3446168.0					505046.0	336963.0		1074082.0		-1281481.0	-1750699.0															2395898.0		0.04	0.03	0.01	33.3333	
2006-06-30																																																																																																																																																																																							126720944.0	51815942.0	15419832.0	15419832.0	9605618.0	12307840.0	74905002.0	21034000.0		1421697.0	1421697.0				5110858.0	9371794.0		30842360.0	29623727.0	6464541.0			44137.0	1218633.0		54000.0			97993.0	22392459.0		95878584.0		16194289.0	620.0	62035485.0	4130405.0					526329.0	553070.0		-609832.0		-3135462.0	157430.0															-9606584.0		0.02	0.03	-0.01	-33.3333	
2006-03-31																																																																																																																																																																																							112984988.0	41136406.0	14267459.0	14267459.0	8995786.0	7742244.0	71848582.0	21095000.0		1334392.0	1334392.0				1008596.0	9122321.0		7979612.0	6936830.0	5579528.0			43617.0	1042782.0		65000.0			108707.0	681034.0		105005376.0		25800873.0	620.0	64053031.0	1962862.0					516740.0	543193.0		1106078.0		-4135742.0	88430.0															805979.0		0.01	0.02	-0.01	-50.0	
2005-12-31																																																																																																																																																																																							112338194.0	42427856.0	16351909.0	16351909.0	10283390.0	6041481.0	69910338.0	21062000.0		1340783.0	1340783.0					9751076.0		8472492.0	7556321.0	6315654.0			43111.0	916171.0		76000.0			119299.0	666771.0		103865702.0		25122221.0	619.0	63556246.0	1431660.0					527364.0	431381.0		-1185257.0		-2461629.0	248173.0															108774.0		0.0017	0.01	-0.0083	-83.0	
2005-09-30																																																																																																																																																																																																																																																							0.0052	0.01	-0.0048	-48.0	
2005-06-30																																																																																																																																																																																																																																																							0.01	0.02	-0.01	-50.0	
2005-03-31																																																																																																																																																																																																																																																							0.0026	0.02	-0.0174	-87.0	
2004-12-31																																																																																																																																																																																																																																																							0.08	0.1	-0.02	-20.0	
2004-09-30																																																																																																																																																																																																																																																							0.1	0.08	0.02	25.0	
2004-06-30																																																																																																																																																																																																																																																							0.07	0.07	0.0	0.0	
2004-03-31																																																																																																																																																																																																																																																							0.06	0.05	0.01	20.0	
2003-12-31																																																																																																																																																																																																																																																							0.05	0.03	0.02	66.6667	
2003-09-30																																																																																																																																																																																																																																																							0.02	0.01	0.01	100.0	
2003-06-30																																																																																																																																																																																																																																																							0.01	0.01	0.0	0.0	
2003-03-31																																																																																																																																																																																																																																																							0.01		0.0		
2002-12-31																																																																																																																																																																																																																																																							0.0017		0.0		
2002-09-30																																																																																																																																																																																																																																																							-0.002		0.0		
2002-06-30																																																																																																																																																																																																																																																							0.0017		0.0		
2002-03-31																																																																																																																																																																																																																																																							0.0028		0.0		
2001-09-30																																																																																																																																																																																																																																																							-0.0022		0.0		
2001-06-30																																																																																																																																																																																																																																																							0.0041		0.0		
