	Tax Effect Of Unusual Items	Tax Rate For Calcs	Normalized EBITDA	Total Unusual Items	Total Unusual Items Excluding Goodwill	Net Income From Continuing Operation Net Minority Interest	Reconciled Depreciation	Reconciled Cost Of Revenue	EBITDA	EBIT	Net Interest Income	Interest Expense	Normalized Income	Net Income From Continuing And Discontinued Operation	Total Expenses	Total Operating Income As Reported	Diluted Average Shares	Basic Average Shares	Diluted EPS	Basic EPS	Diluted NI Availto Com Stockholders	Net Income Common Stockholders	Net Income	Minority Interests	Net Income Including Noncontrolling Interests	Net Income Continuous Operations	Tax Provision	Pretax Income	Other Income Expense	Other Non Operating Income Expenses	Special Income Charges	Restructuring And Mergern Acquisition	Net Non Operating Interest Income Expense	Interest Expense Non Operating	Operating Income	Operating Expense	Selling General And Administration	Gross Profit	Cost Of Revenue	Total Revenue	Operating Revenue	Treasury Shares Number	Ordinary Shares Number	Share Issued	Net Debt	Total Debt	Tangible Book Value	Invested Capital	Working Capital	Net Tangible Assets	Common Stock Equity	Total Capitalization	Total Equity Gross Minority Interest	Minority Interest	Stockholders Equity	Gains Losses Not Affecting Retained Earnings	Other Equity Adjustments	Treasury Stock	Retained Earnings	Additional Paid In Capital	Capital Stock	Common Stock	Total Liabilities Net Minority Interest	Total Non Current Liabilities Net Minority Interest	Other Non Current Liabilities	Employee Benefits	Non Current Pension And Other Postretirement Benefit Plans	Non Current Deferred Liabilities	Non Current Deferred Taxes Liabilities	Long Term Debt And Capital Lease Obligation	Long Term Debt	Current Liabilities	Current Debt And Capital Lease Obligation	Current Debt	Payables And Accrued Expenses	Current Accrued Expenses	Payables	Dividends Payable	Total Tax Payable	Income Tax Payable	Accounts Payable	Total Assets	Total Non Current Assets	Other Non Current Assets	Goodwill And Other Intangible Assets	Other Intangible Assets	Goodwill	Net PPE	Accumulated Depreciation	Gross PPE	Machinery Furniture Equipment	Buildings And Improvements	Land And Improvements	Properties	Current Assets	Other Current Assets	Inventory	Finished Goods	Work In Process	Raw Materials	Receivables	Accounts Receivable	Allowance For Doubtful Accounts Receivable	Gross Accounts Receivable	Cash Cash Equivalents And Short Term Investments	Other Short Term Investments	Cash And Cash Equivalents	Free Cash Flow	Repurchase Of Capital Stock	Repayment Of Debt	Issuance Of Debt	Capital Expenditure	Interest Paid Supplemental Data	Income Tax Paid Supplemental Data	End Cash Position	Beginning Cash Position	Effect Of Exchange Rate Changes	Changes In Cash	Financing Cash Flow	Cash Flow From Continuing Financing Activities	Net Other Financing Charges	Proceeds From Stock Option Exercised	Cash Dividends Paid	Common Stock Dividend Paid	Net Common Stock Issuance	Common Stock Payments	Net Issuance Payments Of Debt	Net Short Term Debt Issuance	Net Long Term Debt Issuance	Long Term Debt Payments	Long Term Debt Issuance	Investing Cash Flow	Cash Flow From Continuing Investing Activities	Net Other Investing Changes	Net Investment Purchase And Sale	Sale Of Investment	Purchase Of Investment	Net Business Purchase And Sale	Purchase Of Business	Net PPE Purchase And Sale	Sale Of PPE	Capital Expenditure Reported	Operating Cash Flow	Cash Flow From Continuing Operating Activities	Change In Working Capital	Change In Other Working Capital	Stock Based Compensation	Deferred Tax	Deferred Income Tax	Depreciation Amortization Depletion	Depreciation And Amortization	Net Income From Continuing Operations	reportedCurrency	totalAssets	totalCurrentAssets	cashAndCashEquivalentsAtCarryingValue	cashAndShortTermInvestments	inventory	currentNetReceivables	totalNonCurrentAssets	propertyPlantEquipment	accumulatedDepreciationAmortizationPPE	intangibleAssets	intangibleAssetsExcludingGoodwill	goodwill	investments	longTermInvestments	shortTermInvestments	otherCurrentAssets	otherNonCurrentAssets	totalLiabilities	totalCurrentLiabilities	currentAccountsPayable	deferredRevenue	currentDebt	shortTermDebt	totalNonCurrentLiabilities	capitalLeaseObligations	longTermDebt	currentLongTermDebt	longTermDebtNoncurrent	shortLongTermDebtTotal	otherCurrentLiabilities	otherNonCurrentLiabilities	totalShareholderEquity	treasuryStock	retainedEarnings	commonStock	commonStockSharesOutstanding	operatingCashflow	paymentsForOperatingActivities	proceedsFromOperatingActivities	changeInOperatingLiabilities	changeInOperatingAssets	depreciationDepletionAndAmortization	capitalExpenditures	changeInReceivables	changeInInventory	profitLoss	cashflowFromInvestment	cashflowFromFinancing	proceedsFromRepaymentsOfShortTermDebt	paymentsForRepurchaseOfCommonStock	paymentsForRepurchaseOfEquity	paymentsForRepurchaseOfPreferredStock	dividendPayout	dividendPayoutCommonStock	dividendPayoutPreferredStock	proceedsFromIssuanceOfCommonStock	proceedsFromIssuanceOfLongTermDebtAndCapitalSecuritiesNet	proceedsFromIssuanceOfPreferredStock	proceedsFromRepurchaseOfEquity	proceedsFromSaleOfTreasuryStock	changeInCashAndCashEquivalents	changeInExchangeRate	netIncome	reportedDate	reportedEPS	estimatedEPS	surprise	surprisePercentage	reportTime
2025-12-31	-12752692.86754	0.269044	2074900000.0	-47400000.0	-47400000.0	1195500000.0	249000000.0	3977900000.0	2027500000.0	1778500000.0	-129700000.0	129700000.0	1230147307.13246	1195500000.0	4668900000.0	1722700000.0	1288700000.0	1225600000.0	0.93	0.98	1195500000.0	1195500000.0	1195500000.0	-9700000.0	1205200000.0	1205200000.0	443600000.0	1648800000.0	8400000.0	55800000.0	-47400000.0	47400000.0	-129700000.0	129700000.0	1770100000.0	691000000.0	691000000.0	2461100000.0	3977900000.0	6439000000.0	6439000000.0	2400000.0	1226600000.0	1229000000.0	4371400000.0	15502000000.0	596300000.0	28915100000.0	13464400000.0	596300000.0	13413100000.0	27977900000.0	13509700000.0	96600000.0	13413100000.0	-479500000.0	-479500000.0	195800000.0	9854300000.0	4232900000.0	1200000.0	1200000.0	22727200000.0	15924400000.0	788500000.0	138200000.0	138200000.0	432900000.0	432900000.0	14564800000.0	14564800000.0	6802800000.0	937200000.0	937200000.0	5865600000.0	2414100000.0	3451500000.0	306700000.0	482900000.0	482900000.0	2661900000.0	36236900000.0	15969700000.0	847300000.0	12816800000.0	2241400000.0	10575400000.0	2305600000.0	-3096000000.0	5401600000.0	4626700000.0	702400000.0	72500000.0	0.0	20267200000.0	691000000.0	3424900000.0	1051600000.0	960300000.0	1413000000.0	4717100000.0	4717100000.0	-99300000.0	4816400000.0	11434200000.0	303600000.0	11130600000.0	1468500000.0	-259300000.0	-400000.0	7491700000.0	-253700000.0	99300000.0	256700000.0	11130600000.0	3799300000.0	35400000.0	7295900000.0	7077200000.0	7077200000.0	-60500000.0	107600000.0	-201900000.0	-201900000.0	-259300000.0	-259300000.0	7491300000.0		7491300000.0	-400000.0	7491700000.0	-1503500000.0	-1503500000.0		-210600000.0	11300000.0	-221900000.0	-1046400000.0	-1046400000.0	7200000.0	7200000.0	-253700000.0	1722200000.0	1722200000.0	252500000.0	284700000.0	40600000.0	-25100000.0	-25100000.0	249000000.0	249000000.0	1205200000.0		36236900000.0	20267200000.0	11130600000.0	11130600000.0	3424900000.0	4717100000.0	15969700000.0	2305600000.0		2241400000.0	2241400000.0	10575400000.0			303600000.0	691000000.0		22727200000.0	6802800000.0	2661900000.0			937200000.0	15924400000.0		14564800000.0	937200000.0		15502000000.0	2720800000.0	788500000.0	13413100000.0		9854300000.0	1200000.0	1288700000.0	1722200000.0					249000000.0	253700000.0				-1503500000.0	7077200000.0					201900000.0	201900000.0					-171300000.0				1205200000.0		0.97	0.7972	0.1728	21.6759	
2025-09-30	0.0	0.235115	1949300000.0	0.0	0.0	1245700000.0	227700000.0	3835100000.0	1949300000.0	1721600000.0	-80700000.0	80700000.0	1245700000.0	1245700000.0	4492100000.0	1702300000.0	1282800000.0	1221800000.0	0.97	1.02	1245700000.0	1245700000.0	1245700000.0	-9400000.0	1255100000.0	1255100000.0	385800000.0	1640900000.0	19300000.0	19300000.0	0.0	0.0	-80700000.0	80700000.0	1702300000.0	657000000.0	657000000.0	2359300000.0	3835100000.0	6194400000.0	6194400000.0	2700000.0	1223700000.0	1226400000.0	4267800000.0	8067100000.0	669400000.0	20587400000.0	6400000000.0	669400000.0	12520300000.0	19649800000.0	12606900000.0	86600000.0	12520300000.0	-507700000.0	-507700000.0	220900000.0	9155000000.0	4092700000.0	1200000.0	1200000.0	14536100000.0	8552200000.0	894900000.0	150200000.0	150200000.0	377600000.0	377600000.0	7129500000.0	7129500000.0	5983900000.0	937600000.0	937600000.0	5046300000.0	2129100000.0	2917200000.0	201900000.0	252900000.0	252900000.0	2462400000.0	27143000000.0	14759100000.0	766700000.0	11850900000.0	1982300000.0	9868600000.0	2141500000.0	-2947300000.0	5088800000.0					12383900000.0	651900000.0	3300100000.0	1044300000.0	907700000.0	1348100000.0	4543800000.0	4543800000.0	-101600000.0	4645400000.0	3888100000.0	88800000.0	3799300000.0	1213600000.0	-152900000.0	-400000.0	0.0	-257200000.0	49500000.0	325000000.0	3799300000.0	3207000000.0	2200000.0	590100000.0	-266300000.0	-266300000.0	-23400000.0	111600000.0	-201200000.0	-201200000.0	-152900000.0	-152900000.0	-400000.0		-400000.0	-400000.0	0.0	-614400000.0	-614400000.0		-70100000.0	4700000.0	-74800000.0	-289000000.0	-289000000.0	1900000.0	1900000.0	-257200000.0	1470800000.0	1470800000.0	-43800000.0	-43800000.0	36900000.0	-5100000.0	-5100000.0	227700000.0	227700000.0	1255100000.0		27143000000.0	12383900000.0	3799300000.0	3799300000.0	3300100000.0	4543800000.0	14759100000.0	2141500000.0		1982300000.0	1982300000.0	9868600000.0			88800000.0	651900000.0		14536100000.0	5983900000.0	2462400000.0			937600000.0	8552200000.0		7129500000.0	937600000.0		8067100000.0	2331000000.0	894900000.0	12520300000.0		9155000000.0	1200000.0	1282800000.0	1470800000.0					227700000.0	257200000.0				-614400000.0	-266300000.0					201200000.0	201200000.0					341000000.0				1255100000.0		0.93	0.8	0.13	16.25	
2025-06-30	-2201320.376827	0.183443	1650400000.0	-12000000.0	-12000000.0	1091300000.0	209400000.0	3597000000.0	1638400000.0	1429000000.0	-80900000.0	80900000.0	1101098679.623173	1091300000.0	4219500000.0	1418800000.0	1272200000.0	1215300000.0	0.86	0.9	1091300000.0	1091300000.0	1091300000.0	-9500000.0	1100800000.0	1100800000.0	247300000.0	1348100000.0	-1800000.0	10200000.0	-12000000.0	12000000.0	-80900000.0	80900000.0	1430800000.0	622500000.0	622500000.0	2053300000.0	3597000000.0	5650300000.0	5650300000.0	1900000.0	1220100000.0	1222000000.0	4855400000.0	8062400000.0	-121400000.0	19581700000.0	5694300000.0	-121400000.0	11519300000.0	18645100000.0	11599700000.0	80400000.0	11519300000.0	-469900000.0	-469900000.0	104900000.0	8135200000.0	3957700000.0	1200000.0	1200000.0	14068700000.0	8464500000.0	821500000.0	148600000.0	148600000.0	368600000.0	368600000.0	7125800000.0	7125800000.0	5604200000.0	936600000.0	936600000.0	4667600000.0	1900600000.0	2767000000.0	201200000.0	192800000.0	192800000.0	2373000000.0	25668400000.0	14369900000.0	675300000.0	11640700000.0	1989400000.0	9651300000.0	2053900000.0	-2789700000.0	4843600000.0					11298500000.0	664100000.0	3137100000.0	983000000.0	853900000.0	1300200000.0	4270900000.0	4270900000.0	-98800000.0	4369700000.0	3226400000.0	19400000.0	3207000000.0	1119700000.0	-160100000.0	-400000.0	790200000.0	-297100000.0	87600000.0	334500000.0	3207000000.0	1657200000.0	43700000.0	1506100000.0	700900000.0	700900000.0	-9800000.0	280600000.0	-199600000.0	-199600000.0	-160100000.0	-160100000.0	789800000.0		789800000.0	-400000.0	790200000.0	-611600000.0	-611600000.0		-5100000.0	4400000.0	-9500000.0	-311000000.0	-311000000.0	1600000.0	1600000.0	-297100000.0	1416800000.0	1416800000.0	96800000.0	96800000.0	31300000.0	-21500000.0	-21500000.0	209400000.0	209400000.0	1100800000.0		25668400000.0	11298500000.0	3207000000.0	3207000000.0	3137100000.0	4270899999.0	14369900000.0	2053900000.0		1989400000.0	1989400000.0	9651300000.0			19400000.0	664100000.0		14068700000.0	5604200000.0	2373000000.0			936600000.0	8464500000.0		7125800000.0	936600000.0		8062400000.0	2101800000.0	821500000.0	11519300000.0		8135200000.0	1200000.0	1269200000.0	1416800000.0					209400000.0	297100000.0				-611600000.0	700900000.0					199600000.0	199600000.0					-160100000.0				1100800000.0		0.81	0.67	0.14	20.8955	
2025-03-31	-9988000.0	0.227	1319700000.0	-44000000.0	-44000000.0	737800000.0	236300000.0	3167000000.0	1275700000.0	1039400000.0	-76500000.0	76500000.0	771812000.0	737800000.0	3742200000.0	1024800000.0	1266200000.0	1209800000.0	0.58	0.61	737800000.0	737800000.0	737800000.0	-6400000.0	744200000.0	744200000.0	218700000.0	962900000.0	-29400000.0	14600000.0	-44000000.0	44000000.0	-76500000.0	76500000.0	1068800000.0	575200000.0	575200000.0	1644000000.0	3167000000.0	4811000000.0	4811000000.0	3100000.0	1209300000.0	1212400000.0	5509700000.0	7166900000.0	-974600000.0	17468100000.0	4542200000.0	-974600000.0	10301200000.0	17117300000.0	10372400000.0	71200000.0	10301200000.0	-644100000.0	-644100000.0	174000000.0	7445900000.0	3672200000.0	1200000.0	1200000.0	12529700000.0	7938700000.0	602100000.0	133700000.0	133700000.0	386800000.0	386800000.0	6816100000.0	6816100000.0	4591000000.0	350800000.0	350800000.0	4240200000.0	1638100000.0	2602100000.0	199600000.0	260100000.0	260100000.0	2142400000.0	22902100000.0	13768900000.0	638200000.0	11275800000.0	2001500000.0	9274300000.0	1854900000.0	-2589000000.0	4443900000.0					9133200000.0	634800000.0	2906400000.0	855600000.0	839600000.0	1211200000.0	3920300000.0	3920300000.0	-90300000.0	4010600000.0	1671700000.0	14500000.0	1657200000.0	576300000.0	-180900000.0	-400500000.0	639800000.0	-188600000.0	51700000.0	167900000.0	1657200000.0	3317000000.0	16500000.0	-1676300000.0	-88600000.0	-88600000.0	-700000.0	53200000.0	-199500000.0	-199500000.0	-180900000.0	-180900000.0	239300000.0		239300000.0	-400500000.0	639800000.0	-2352600000.0	-2352600000.0		4100000.0	7200000.0	-3100000.0	-2172200000.0	-2172200000.0	4100000.0	4100000.0	-188600000.0	764900000.0	764900000.0	-228300000.0	-228300000.0	26600000.0	-13900000.0	-13900000.0	236300000.0	236300000.0	744200000.0		22902100000.0	9133200000.0	1657200000.0	1657200000.0	2906400000.0	3920300000.0	13768899999.0	1854900000.0		2001500000.0	2001500000.0	9274300000.0			14500000.0	634800000.0		12529700000.0	4591000000.0	2142400000.0			350800000.0	7938700000.0		6816100000.0	350800000.0		7166900000.0	1837700000.0	602100000.0	10301200000.0		7445900000.0	1200000.0	1266200000.0	764900000.0					236300000.0	188600000.0				-2352600000.0	-88600000.0					199500000.0	199500000.0					-180900000.0				744200000.0		0.63	0.52	0.11	21.1538	
2024-12-31	-2086784.576513	0.173899	1133000000.0	-12000000.0	-12000000.0	746200000.0	143800000.0	2837100000.0	1121000000.0	977200000.0	-66900000.0	66900000.0	756113215.423487	746200000.0	3352100000.0	953700000.0	1268100000.0	1207800000.0	0.59	0.62	746200000.0	746200000.0	746200000.0	-5800000.0	752000000.0	752000000.0	158300000.0	910300000.0	11500000.0	23500000.0	-12000000.0	12000000.0	-66900000.0	66900000.0	965700000.0	515000000.0	515000000.0	1480700000.0	2837100000.0	4317800000.0	4317800000.0	3600000.0	1209300000.0	1212900000.0	3569100000.0	6886100000.0	330700000.0	16678100000.0	5602200000.0	330700000.0	9792000000.0	16276400000.0	9856100000.0	64100000.0	9792000000.0	-716300000.0	-716300000.0	199700000.0	7105000000.0	3601800000.0	1200000.0	1200000.0	11584100000.0	7500300000.0	509400000.0	129800000.0	129800000.0	376700000.0	376700000.0	6484400000.0	6484400000.0	4083800000.0	401700000.0	401700000.0	3682100000.0	1464200000.0	2217900000.0	199500000.0	199000000.0	199000000.0	1819400000.0	21440200000.0	11754200000.0	581100000.0	9461300000.0	1225100000.0	8236200000.0	1711800000.0	-2464300000.0	4176100000.0	3585400000.0	543000000.0	47700000.0	0.0	9686000000.0	517000000.0	2545700000.0	739700000.0	703500000.0	1102500000.0	3287900000.0	3287900000.0	-66500000.0	3354400000.0	3335400000.0	18400000.0	3317000000.0	647300000.0	-168900000.0	-10700000.0	1491200000.0	-199800000.0	66900000.0	134000000.0	3317000000.0	1563000000.0	-56800000.0	1810800000.0	1214100000.0	1214100000.0	-25700000.0	127100000.0	-198900000.0	-198900000.0	-168900000.0	-168900000.0	1480500000.0		1480500000.0	-10700000.0	1491200000.0	-250400000.0	-250400000.0	2800000.0	2500000.0	8000000.0	-5500000.0	-56600000.0	-56600000.0	700000.0	700000.0	-199800000.0	847100000.0	847100000.0	-29100000.0	183800000.0	29600000.0	-49200000.0	-49200000.0	143800000.0	143800000.0	752000000.0		21440200000.0	9686000000.0	3317000000.0	3317000000.0	2545700000.0	3287900000.0	11754200000.0	1711800000.0		1225100000.0	1225100000.0	8236200000.0			18400000.0	517000000.0		11584100000.0	4083800000.0	1819400000.0			510200000.0	7500300000.0		6484400000.0	401700000.0		7280200000.0	1555200000.0	509400000.0	9792000000.0		7105000000.0	1200000.0	1268100000.0	847100000.0					143800000.0	199800000.0				-250400000.0	1214100000.0					198900000.0	198900000.0					-168900000.0				746200000.0		0.55	0.5	0.05	10.0	
2024-09-30																																																																																																																																						-2800000.0																				19585600000.0	7772800000.0	1563000000.0	1563000000.0	2578800000.0	3130300000.0	11812800000.0	1670900000.0		1247000000.0	1247000000.0	8352100000.0			20300000.0	480400000.0		10058800000.0	3901700000.0	1763000000.0			403100000.0	6157099999.0		5081000000.0	403100000.0		5484100000.0	1611200000.0	489000000.0	9452500000.0		6750500000.0	1200000.0	1265500000.0	704000000.0					201300000.0	230000000.0		-23500000.0		-202500000.0	-227600000.0					132400000.0	132400000.0					-176200000.0				616100000.0		0.5	0.45	0.05	11.1111	
2024-06-30																																																																																																																																0.0						800000.0																				18586800000.0	6971800000.0	1252500000.0	1252500000.0	2398800000.0	2855500000.0	11615000000.0			1308700000.0	1308700000.0	8261800000.0			49700000.0	415300000.0		9536300000.0	3455800000.0	1521400000.0			404100000.0	6080499999.0		5035300000.0	404100000.0		5439400000.0	1426000000.0	458100000.0	8980100000.0		6352000000.0	1200000.0	1264900000.0	667000000.0					123600000.0	141300000.0		38600000.0		-2178700000.0	916700000.0					132100000.0	132100000.0					-190400000.0				524800000.0		0.44	0.41	0.03	7.3171	
2024-03-31																																																																																																																																																										16722500000.0	7041700000.0	1857100000.0	1857100000.0	2152900000.0	2501400000.0	9680800000.0			785400000.0	785400000.0	7100500000.0			106400000.0	423900000.0		7957900000.0	3423100000.0	1264700000.0			752500000.0	4534799999.0		3556900000.0	752500000.0		4309400000.0	1255000000.0	464800000.0	8681500000.0		6163500000.0	600000.0	1255800000.0	596600000.0					103800000.0	94300000.0		-15100000.0		-17000000.0	-173300000.0					131700000.0	131700000.0					-153800000.0				548700000.0		0.8	0.73	0.07	9.589	
2023-12-31																																																																																																																																																										16526400000.0	6835300000.0	1475000000.0	1475000000.0	2167100000.0	2618400000.0	9691100000.0			834800000.0	834800000.0	7092400000.0			185200000.0	389600000.0		8099900000.0	3152700000.0	1350900000.0			353800000.0	4947200000.0		3983500000.0	353800000.0		4337300000.0	1282000000.0	453700000.0	8346500000.0		5921100000.0	600000.0	1244600000.0	841800000.0					115000000.0	105000000.0		40800000.0		-689300000.0	-190000000.0					125600000.0	125600000.0					-115300000.0				514400000.0		0.82	0.77	0.05	6.4935	
2023-09-30																																																																																																																																																										15759000000.0	6773300000.0	1481500000.0	1481500000.0	2099100000.0	2571200000.0	8985700000.0	1246600000.0		744200000.0	744200000.0	6574500000.0			252500000.0	369000000.0		7820700000.0	2908800000.0	1248900000.0			355600000.0	4911900000.0		3936400000.0	355600000.0		4292000000.0	1190700000.0	433400000.0	7856800000.0		5669700000.0	600000.0	1244000000.0	618000000.0					101000000.0	74700000.0		-90900000.0		-704400000.0	-118300000.0					125100000.0	125100000.0					-149300000.0				518300000.0		0.78	0.74	0.04	5.4054	
2023-06-30																																																																																																																																																										15237900000.0	6321300000.0	1325100000.0	1325100000.0	1997800000.0	2443500000.0	8916600000.0	1258900000.0		723500000.0	723500000.0	6518600000.0			177900000.0	377000000.0		7645600000.0	2709700000.0	1116800000.0			351800000.0	4935900000.0		3967400000.0	351800000.0		4319200000.0	1141000000.0	428300000.0	7513700000.0		5294800000.0	600000.0	1236400000.0	536400000.0					94100000.0	95400000.0		-90900000.0		-375100000.0	-438600000.0					125000000.0	125000000.0					-153600000.0		-20700000.0		465300000.0		0.72	0.68	0.04	5.8824	
2023-03-31																																																																																																																																																										15381500000.0	6394000000.0	1391100000.0	1391100000.0	2105100000.0	2411900000.0	8987500000.0	1243500000.0		743200000.0	743200000.0	6539600000.0			107600000.0	378300000.0		7995000000.0	2426200000.0	1182100000.0			2900000.0	5568800000.0		4561000000.0	2900000.0		4563900000.0	1241200000.0	595700000.0	7308100000.0		5121300000.0	600000.0	1239800000.0	532400000.0					96300000.0	97700000.0		-90900000.0		-256600000.0	-265400000.0					124900000.0	124900000.0					-166900000.0		10400000.0		442700000.0		0.69	0.67	0.02	2.9851	
2022-12-31																																																																																																																																																										15326200000.0	6479100000.0	1373100000.0	1373100000.0	2093600000.0	2631300000.0	8847100000.0	1204300000.0		734100000.0	734100000.0	6446100000.0			61100000.0	320000000.0		8232100000.0	2676100000.0	1309100000.0			2700000.0	5556000000.0		4575000000.0	2700000.0		4577700000.0	954500000.0	443300000.0	7015600000.0		4979400000.0	600000.0	1239000000.0	705300000.0					108300000.0	93600000.0	-273100000.0	-278500000.0		-731100000.0	-494800000.0					119000000.0	119000000.0					-170400000.0		129900000.0		511000000.0		0.78	0.75	0.03	4.0	
2022-09-30																																																																																																																																																										15097900000.0	6326900000.0	1189000000.0	1189000000.0	2080100000.0	2640100000.0	8771000000.0	1166900000.0		753800000.0	753800000.0	6337500000.0			63000000.0	354700000.0		8449000000.0	2654900000.0	1393600000.0			2900000.0	5794100000.0		4750300000.0	2900000.0		4753200000.0	816000000.0	436100000.0	6570900000.0		4775100000.0	600000.0	1238600000.0	576000000.0					102700000.0	121000000.0		-91600000.0		-273200000.0	-262800000.0					119100000.0	119100000.0					-170200000.0		40000000.0		496600000.0		0.8	0.75	0.05	6.6667	
2022-06-30																																																																																																																																																										14986100000.0	6311000000.0	1215200000.0	1215200000.0	2043700000.0	2571600000.0	8675100000.0	1155100000.0		751200000.0	751200000.0	6275000000.0			119200000.0	361300000.0		8444200000.0	2580700000.0	1372900000.0			28100000.0	5863500000.0		4834200000.0	28100000.0		4862300000.0	1179700000.0	421200000.0	6464300000.0		4553800000.0	600000.0	1239400000.0	542500000.0					90800000.0	91100000.0		-105000000.0		-233200000.0	-287900000.0					119500000.0	119500000.0					-185900000.0		21400000.0		472500000.0		0.75	0.68	0.07	10.2941	
2022-03-31																																																																																																																																																										14873600000.0	6108700000.0	1247500000.0	1247500000.0	1989700000.0	2422100000.0	8764900000.0	1175000000.0		738400000.0	738400000.0	6349100000.0			52100000.0	397300000.0		8370100000.0	2397200000.0	1275900000.0			23700000.0	5972900000.0		4908800000.0	23700000.0		4932500000.0	1097600000.0	454600000.0	6426100000.0		4391500000.0	600000.0	1251200000.0	350800000.0					91100000.0	78100000.0		-113800000.0		-144100000.0	-151200000.0					119800000.0	119800000.0					-204000000.0		55500000.0		425700000.0		0.67	0.61	0.06	9.8361	
2021-12-31																																																																																																																																																										14678400000.0	5958200000.0	1197100000.0	1197100000.0	1894100000.0	2454800000.0	8720200000.0	1175300000.0		756900000.0	756900000.0	6376800000.0			44300000.0	367900000.0		8299300000.0	2447100000.0	1312000000.0			4000000.0	5852200000.0		4795900000.0	4000000.0		4799900000.0	706900000.0	438700000.0	6302000000.0	-100000000.0	4278900000.0	600000.0	1256400000.0	470600000.0					121100000.0	86200000.0	-398400000.0	-263000000.0		-72800000.0	-583500000.0					86700000.0	86700000.0					-170700000.0		-185700000.0		457700000.0		0.7	0.63	0.07	11.1111	
2021-09-30																																																																																																																																																										14926100000.0	6919800000.0	1268100000.0	1268100000.0	1952500000.0	2204500000.0	8006300000.0	1175400000.0		603600000.0	603600000.0	5839400000.0			34400000.0	392100000.0		8917400000.0	2885000000.0	1300000000.0			298700000.0	6032400000.0		4950000000.0	298700000.0		5248700000.0	207400000.0	408600000.0	5945900000.0	-89300000.0	4080600000.0	600000.0	1251600000.0	360800000.0					95200000.0	90900000.0		-192900000.0		-90000000.0	-181700000.0					86600000.0	86600000.0					-170900000.0		89100000.0		421700000.0		0.65	0.63	0.02	3.1746	
2021-06-30																																																																																																																																																										14559100000.0	6491200000.0	1209400000.0	1209400000.0	1771400000.0	2072800000.0	8067900000.0	1169300000.0		620800000.0	620800000.0	5891700000.0			33200000.0	372000000.0		8780800000.0	2996500000.0	1204700000.0			526100000.0	5784300000.0		4710200000.0	526100000.0		5236300000.0	223600000.0	410200000.0	5715500000.0	-100100000.0	3916400000.0	600000.0	1247600000.0	387700000.0					102600000.0	104900000.0		-79700000.0		-1461500000.0	33800000.0					86600000.0	86600000.0					-167300000.0		-1040000000.0		369000000.0		0.61	0.55	0.06	10.9091	
2021-03-31																																																																																																																																																										13133500000.0	6186700000.0	2327600000.0	2327600000.0	1565100000.0	1931800000.0	6946800000.0	1076200000.0		410300000.0	410300000.0	5093000000.0			33600000.0	328600000.0		7611800000.0	2547900000.0	1070700000.0			526400000.0	5063900000.0		4110300000.0	526400000.0		4636700000.0	950800000.0	638800000.0	5461000000.0	-117400000.0	3807100000.0	600000.0	1248200000.0	321000000.0					76700000.0	78400000.0		-85700000.0		-263200000.0	586200000.0					86800000.0	86800000.0					-152800000.0		644000000.0		329600000.0		0.52	0.47	0.05	10.6383	
2020-12-31																																																																																																																																																										12327300000.0	5490800000.0	1702000000.0	1702000000.0	1462200000.0	1951600000.0	6836500000.0	1054600000.0		397500000.0	397500000.0	5032100000.0			36100000.0	338900000.0		6875400000.0	2304300000.0	1120700000.0			230300000.0	4571100000.0		3636200000.0	230300000.0		3866500000.0	654200000.0	635800000.0	5384900000.0	-111100000.0	3705400000.0	300000.0	1244800000.0	441000000.0					90100000.0	72000000.0	-146300000.0	-102000000.0		-71000000.0	-132400000.0					74600000.0	74600000.0					-182100000.0		237600000.0		360200000.0		0.56	0.51	0.05	9.8039	
2020-09-30																																																																																																																																																										11753900000.0	5037000000.0	1420500000.0	1420500000.0	1391000000.0	1880300000.0	6716900000.0	1036900000.0		408200000.0	408200000.0	4955500000.0			35700000.0	309500000.0		6648700000.0	2215000000.0	1075900000.0			229200000.0	4433700000.0		3586000000.0	229200000.0		3815200000.0	909900000.0	594200000.0	5040200000.0	-96900000.0	3587100000.0	300000.0	1232800000.0	398600000.0					74400000.0	76500000.0		4100000.0		-110800000.0	-192800000.0					74600000.0	74600000.0					-202000000.0		95000000.0		346600000.0		0.55	0.44	0.11	25.0	
2020-06-30																																																																																																																																																										11203900000.0	4618000000.0	1288300000.0	1288300000.0	1361900000.0	1658300000.0	6585900000.0	1001700000.0		416200000.0	416200000.0	4867000000.0			25700000.0	283800000.0		6403600000.0	1785200000.0	928000000.0			2300000.0	4618400000.0		3763800000.0	2300000.0		3766100000.0	854900000.0	583900000.0	4738600000.0	-21000000.0	3419400000.0	300000.0	1216000000.0	368100000.0					71500000.0	67500000.0		-32200000.0		-81300000.0	-1378800000.0					74000000.0	74000000.0					122500000.0		-1092000000.0		257700000.0		0.41	0.31	0.1	32.2581	
2020-03-31																																																																																																																																																										12077700000.0	5517500000.0	2372300000.0	2372300000.0	1325000000.0	1540500000.0	6560200000.0	982400000.0		428200000.0	428200000.0	4846200000.0			11300000.0	268400000.0		7632000000.0	2170200000.0	817200000.0			500900000.0	5461800000.0		4591500000.0	500900000.0		5092400000.0	852100000.0	598900000.0	4385800000.0	-58500000.0	3248500000.0	300000.0	1225800000.0	384300000.0					72100000.0	60800000.0		-37100000.0		-70400000.0	1187400000.0					74400000.0	74400000.0					-257200000.0		1501300000.0		243200000.0		0.36	0.37	-0.01	-2.7027	
2019-12-31																																																																																																																																																										10815500000.0	4211200000.0	891200000.0	891200000.0	1310100000.0	1736400000.0	6604300000.0	999000000.0		442000000.0	442000000.0	4867100000.0			17400000.0	256100000.0		6219300000.0	2132700000.0	866800000.0			403300000.0	4086600000.0		3203400000.0	403300000.0		3606700000.0	602200000.0	622800000.0	4530300000.0	-70800000.0	3348400000.0	300000.0	1232800000.0	424100000.0					76700000.0	72000000.0	117300000.0	-3400000.0		-117800000.0	-402000000.0					74000000.0	74000000.0					-43000000.0		-95700000.0		318700000.0		0.49	0.45	0.04	8.8889	
2019-09-30																																																																																																																																																										10683600000.0	4232200000.0	969300000.0	969300000.0	1273500000.0	1689100000.0	6451400000.0	965200000.0		736200000.0	736200000.0	4750000000.0			17400000.0	282900000.0		6472500000.0	2122600000.0	830700000.0			403700000.0	4349900000.0		3545400000.0	403700000.0		3949100000.0	888200000.0	573300000.0	4155300000.0	-95600000.0	3158700000.0	300000.0	1224800000.0	412200000.0					72000000.0	73100000.0		-13100000.0		-207900000.0	-191400000.0					68300000.0	68300000.0					-150000000.0		12900000.0		282400000.0		0.48	0.44	0.04	9.0909	
2019-06-30																																																																																																																																																										10634000000.0	4222100000.0	982300000.0	982300000.0	1275300000.0	1685000000.0	6411900000.0	970000000.0		735800000.0	735800000.0	4706100000.0			15000000.0	264500000.0		6430800000.0	2052900000.0	814600000.0			403100000.0	4377900000.0		3569400000.0	403100000.0		3972500000.0	835200000.0	571000000.0	4148300000.0	-101500000.0	3104600000.0	300000.0	1234800000.0	322400000.0					77800000.0	75400000.0		-18600000.0		-428000000.0	126600000.0					68500000.0	68500000.0					-248700000.0		21000000.0		288400000.0		0.46	0.46	0.0	0.0	
2019-03-31																																																																																																																																																										10208100000.0	4127500000.0	969700000.0	969700000.0	1224400000.0	1661900000.0	6080600000.0	932000000.0		708700000.0	708700000.0	4439900000.0			17900000.0	253600000.0		6037700000.0	1649200000.0	797100000.0			6000000.0	4388500000.0		3554800000.0	6000000.0		3560800000.0	846100000.0	577900000.0	4123100000.0	-119700000.0	3142100000.0	300000.0	1234400000.0	343600000.0					85600000.0	74500000.0		31700000.0		-475100000.0	-181600000.0					68700000.0	68700000.0					-160000000.0		-313100000.0		267500000.0		0.45	0.44	0.01	2.2727	
2018-12-31																																																																																																																																																										10044900000.0	4571600000.0	1279300000.0	1279300000.0	1233800000.0	1791800000.0	5473300000.0	875800000.0	-1314800000.0	494300000.0	494300000.0	4103200000.0			12400000.0	254300000.0		5980700000.0	2451300000.0	890500000.0			764300000.0	3529400000.0		2806400000.0	764300000.0		3570700000.0	540900000.0	467400000.0	4017000000.0	-55000000.0	2973700000.0	300000.0	1238800000.0	378200000.0					105200000.0	102400000.0	-237900000.0	-173300000.0		-91500000.0	-1500000.0					69300000.0	69300000.0					-255000000.0		285200000.0		338100000.0		0.53	0.49	0.04	8.1633	
2018-09-30																																																																																																																																																										9742600000.0	4281500000.0	998300000.0	998300000.0	1245500000.0	1737600000.0	5461100000.0	886400000.0		461000000.0	461000000.0	4113700000.0			21500000.0	278600000.0		5689300000.0	2543200000.0	1014000000.0			790200000.0	3146100000.0		2468300000.0	790200000.0		3258500000.0	739000000.0	474700000.0	4008900000.0	0.0	2935800000.0	300000.0	1249600000.0	339200000.0					72300000.0	74100000.0		-104200000.0		-67200000.0	-222700000.0					68900000.0	68900000.0					-34800000.0		70300000.0		316600000.0		0.5	0.47	0.03	6.383	
2018-06-30																																																																																																																																																										9510300000.0	4021400000.0	964400000.0	964400000.0	1159800000.0	1627300000.0	5488900000.0	888200000.0		472100000.0	472100000.0	4128600000.0			26700000.0	243200000.0		5697700000.0	2340800000.0	903100000.0			768400000.0	3356900000.0		2668200000.0	768400000.0		3436600000.0	669300000.0	483700000.0	3761100000.0	0.0	2723300000.0	300000.0	1249200000.0	265100000.0					61700000.0	79200000.0		-24200000.0		-140800000.0	-117700000.0					57400000.0	57400000.0					-263400000.0		-35800000.0	-42400000.0	284800000.0		0.45	0.43	0.02	4.6512	
2018-03-31																																																																																																																																																										9403700000.0	3937100000.0	1000200000.0	1000200000.0	1166800000.0	1515800000.0	5466600000.0	839300000.0		480800000.0	480800000.0	4146500000.0			24100000.0	230200000.0		5435800000.0	2184700000.0	798200000.0			749900000.0	3251100000.0		2489400000.0	749900000.0		3239300000.0	636600000.0	518400000.0	3913900000.0	0.0	2770900000.0	300000.0	1264000000.0	130200000.0					60500000.0	54900000.0		-55800000.0		-142300000.0	-728200000.0					58100000.0	58100000.0					-382000000.0		-718900000.0	21400000.0	265600000.0		0.42	0.4	0.02	5.0	
2017-12-31																																																																																																																																																										10003900000.0	4656000000.0	1719100000.0	1719100000.0	1106900000.0	1598600000.0	5347900000.0	816800000.0	-1200100000.0	488500000.0	488500000.0	4042600000.0			34600000.0	196800000.0		5960500000.0	1579400000.0	875600000.0			1100000.0	4381100000.0		3541500000.0	1100000.0		3542600000.0	461500000.0	598400000.0	3989800000.0	0.0	2941500000.0	300000.0	1271200000.0	427800000.0					58300000.0	70800000.0	-146500000.0	-100400000.0		-87200000.0	-92400000.0					57900000.0	57900000.0					-62400000.0		266900000.0	18700000.0	-100400000.0		0.47	0.41	0.06	14.6341	
2017-09-30																																																																																																																																																										9608800000.0	4352900000.0	1452200000.0	1452200000.0	1098200000.0	1575500000.0	5255900000.0	790100000.0		496500000.0	496500000.0	3969300000.0			37400000.0	189600000.0		5499500000.0	1433700000.0	826800000.0			1100000.0	4065800000.0		3559700000.0	1100000.0		3560800000.0	605800000.0	506100000.0	4067200000.0	0.0	3165300000.0	300000.0	1262800000.0	198200000.0					57900000.0	55600000.0		-21000000.0		-92500000.0	17000000.0					48900000.0	48900000.0					-155700000.0		135300000.0	12600000.0	280200000.0		0.44	0.39	0.05	12.8205	
2017-06-30																																																																																																																																																										9172900000.0	3992400000.0	1316900000.0	1316900000.0	1059200000.0	1407300000.0	5180500000.0	769400000.0		508700000.0	508700000.0	3902400000.0			43200000.0	165800000.0		5257000000.0	1713900000.0	769900000.0			376000000.0	3543100000.0		3020600000.0	3396600000.0		3396600000.0	568000000.0	522500000.0	3874900000.0	0.0	3101400000.0	300000.0	1264400000.0	280400000.0					56500000.0	51500000.0		-62500000.0		-209400000.0	-11000000.0					48900000.0	48900000.0					-150700000.0		74000000.0	14000000.0	253600000.0		0.41	0.36	0.05	13.8889	
2017-03-31																																																																																																																																																										8707400000.0	3722400000.0	1242900000.0	1242900000.0	962300000.0	1318300000.0	4985000000.0	726900000.0		509400000.0	509400000.0	3748700000.0			36800000.0	162100000.0		4956300000.0	1583300000.0	682400000.0			375100000.0	3373000000.0		2862100000.0	375100000.0		3237200000.0	525800000.0	510900000.0	3704200000.0	0.0	3049500000.0	300000.0	1265600000.0	237800000.0					54100000.0	48700000.0		-23900000.0		8900000.0	-53700000.0					49300000.0	49300000.0					-249200000.0		208300000.0	15300000.0	227300000.0		0.36	0.33	0.03	9.0909	
2016-12-31																																																																																																																																																										8498700000.0	3591200000.0	1034600000.0	1034600000.0	928900000.0	1349300000.0	4907500000.0	711400000.0	-1007200000.0	517300000.0	517300000.0	3678800000.0			138600000.0	139800000.0		4775600000.0	1635200000.0	678200000.0			375200000.0	3140400000.0		2635500000.0	375200000.0		3010700000.0	581800000.0	504900000.0	3674900000.0	0.0	3122700000.0	300000.0	1262800000.0	348900000.0					53400000.0	54500000.0	-165900000.0	-14200000.0		-67800000.0	-65500000.0					43300000.0	43300000.0					-96200000.0		181000000.0	-34600000.0	238300000.0		0.38	0.36	0.02	5.5556	
2016-09-30																																																																																																																																																										8369800000.0	3405200000.0	853600000.0	853600000.0	926600000.0	1319400000.0	4964600000.0	717600000.0		539200000.0	539200000.0	3707800000.0			163300000.0	142300000.0		4615100000.0	1513500000.0	650700000.0			374500000.0	3101600000.0		2598000000.0	374500000.0		2972500000.0	488300000.0	503600000.0	3708000000.0	0.0	3032800000.0	300000.0	1262800000.0	290900000.0					51200000.0	47200000.0		21200000.0		-265600000.0	31400000.0					43100000.0	43100000.0					-121200000.0		59600000.0	2900000.0	227100000.0		0.37	0.34	0.03	8.8235	
2016-06-30																																																																																																																																																										8027000000.0	3158100000.0	794000000.0	794000000.0	926600000.0	1257300000.0	4868900000.0	692800000.0		534400000.0	534400000.0	3641700000.0			30700000.0	149500000.0		4453100000.0	1100000000.0	645100000.0			300000.0	3353100000.0		2834600000.0	300000.0		2834900000.0	454600000.0	518500000.0	3534600000.0	0.0	2972900000.0	300000.0	1261600000.0	243600000.0					50500000.0	48100000.0		-11300000.0		-52200000.0	-69600000.0					43100000.0	43100000.0					-59200000.0		107000000.0	-14800000.0	208800000.0		0.33	0.32	0.01	3.125	
2016-03-31																																																																																																																																																										7885700000.0	2989600000.0	687000000.0	687000000.0	933500000.0	1201900000.0	4896100000.0	693300000.0		543000000.0	543000000.0	3659800000.0			26600000.0	140600000.0		4461500000.0	1095100000.0	615400000.0			300000.0	3366400000.0		2866200000.0	300000.0		2866500000.0	479400000.0	530000000.0	3386200000.0	0.0	2868800000.0	300000.0	1256800000.0	194200000.0					61900000.0	41000000.0		0.0		-1227100000.0	-29800000.0					43200000.0	43200000.0					-49200000.0		-1050200000.0	12500000.0	158400000.0		0.3	0.28	0.02	7.1429	
2015-12-31																																																																																																																																																										7458400000.0	3850000000.0	1737200000.0	1737200000.0	851800000.0	1104600000.0	3608400000.0	609500000.0	-900900000.0	306000000.0	306000000.0	2692900000.0			23200000.0	133200000.0		4180000000.0	1008400000.0	587800000.0			300000.0	3171600000.0		2813200000.0	300000.0		2813500000.0	420300000.0	358400000.0	3238500000.0	0.0	2804400000.0	300000.0	1261590272.0	322300000.0					43500000.0	41300000.0	-22300000.0	-5200000.0		-41000000.0	-97600000.0					43200000.0	43200000.0					-53300000.0		161600000.0	-22100000.0	202600000.0		0.32	0.29	0.03	10.3448	
2015-09-30																																																																																																																																																										7485600000.0	3862300000.0	1575600000.0	1575600000.0	887700000.0	1163300000.0	3623300000.0	611700000.0		305300000.0	305300000.0	2706300000.0			22100000.0	213600000.0		4304200000.0	1081300000.0	661500000.0			400000.0	3222900000.0		2853000000.0			2853400000.0	419400000.0	369900000.0	3143300000.0	0.0	2700700000.0	300000.0	1263546384.0	285400000.0					44600000.0	45600000.0		-6000000.0		62200000.0	7200000.0					38600000.0	38600000.0					-52000000.0		332800000.0	-22000000.0	207300000.0		0.33	0.33	0.0	0.0	
2015-06-30																																																																																																																																																										7228700000.0	3592800000.0	1242800000.0	1242800000.0	893000000.0	1089500000.0	3635900000.0	609900000.0		317000000.0	317000000.0	2709000000.0			154400000.0	213100000.0		4125900000.0	984700000.0	559500000.0			400000.0	3141200000.0		2759200000.0			2759600000.0	424800000.0	382000000.0	3065100000.0	0.0	2591300000.0	300000.0	1267512400.0	234500000.0					43400000.0	45200000.0		-9500000.0		87800000.0	-52000000.0					1200000.0	1200000.0					-81400000.0		272900000.0	2600000.0	180600000.0		0.29	0.29	0.0	0.0	
2015-03-31																																																																																																																																																										7025600000.0	3533800000.0	969900000.0	969900000.0	871400000.0	1091800000.0	3491800000.0	589500000.0		307800000.0	307800000.0	2594500000.0			381200000.0	219500000.0		4046400000.0	925700000.0	582900000.0			1600000.0	3120700000.0		2757000000.0			2758600000.0	341200000.0	363700000.0	2949900000.0	0.0	2532300000.0	300000.0	1271942580.0	188300000.0					40100000.0	40000000.0		-16200000.0		-136300000.0	-37700000.0					77500000.0	77500000.0					-62200000.0		1000000.0	-13300000.0	181800000.0		0.28	0.28	0.0	0.0	
2014-12-31																																																																																																																																																										7027000000.0	3504100000.0	968900000.0	968900000.0	865600000.0	1123700000.0	3522900000.0	590700000.0	-849600000.0	315500000.0	315500000.0	2616700000.0			360700000.0	185200000.0		4089100000.0	1045600000.0	618400000.0			1600000.0	3043500000.0		2672300000.0	1600000.0		2673900000.0	425600000.0	371200000.0	2907400000.0	0.0	2453500000.0	300000.0	1268807700.0	273465000.0					50123000.0	46443000.0	-111500000.0	-51600000.0		-84982000.0	-78106000.0					24000.0	24000.0					-138600000.0		95939000.0	-14438000.0	194821000.0		0.32	0.3	0.02	6.6667	
2014-09-30																																																																																																																																																										6828769000.0	3372572000.0	872999000.0	872999000.0	848072000.0	1092424000.0	3456197000.0	585353000.0		223600000.0	223600000.0	2592075000.0			371618000.0	187459000.0		3831109000.0	1555397000.0	599754000.0			600803000.0	2275712000.0		2023178000.0			2623981000.0	354840000.0	275534000.0	2976160000.0	0.0	2437281000.0	312000.0	1282545620.0	224095000.0					40359000.0	56747000.0		-24200000.0		-510265000.0	94521000.0					70506000.0	70506000.0					-150642000.0		-207084000.0	-15435000.0	184160000.0		0.29	0.28	0.01	3.5714	
2014-06-30																																																																																																																																																										6517300000.0	3462385000.0	1080083000.0	1080083000.0	805452000.0	1031071000.0	3054915000.0	558652000.0		149300000.0	149300000.0	2318955000.0			363817000.0	181962000.0		3518711000.0	1711793000.0	534381000.0			800670000.0	1806918000.0		1542891000.0			2343561000.0	376742000.0	264027000.0	2977321000.0	0.0	2444843000.0	157000.0	1286329080.0	180681000.0					37745000.0	51734000.0		-30600000.0		-148260000.0	18669000.0					31400000.0	31400000.0					-129100000.0		56763000.0	5673000.0	176417000.0		0.27	0.26	0.01	3.8462	
2014-03-31																																																																																																																																																										6230203000.0	3204467000.0	1023320000.0	1023320000.0	772710000.0	971576000.0	3025736000.0	538715000.0		155500000.0	155500000.0	2302359000.0			276133000.0	160728000.0		3334341000.0	1556204000.0	479786000.0			701045000.0	1778137000.0		1522570000.0			2223615000.0	375373000.0	255567000.0	2875448000.0	0.0	2430310000.0	157000.0	1289417248.0	202659000.0					39873000.0	54176000.0		17900000.0		-38393000.0	-20984000.0					1052000.0	1052000.0					-121100000.0		136482000.0	-6800000.0	159802000.0		0.25	0.24	0.01	4.1667	
2013-12-31																																																																																																																																																										6168028000.0	3157567000.0	886838000.0	886838000.0	792644000.0	1001012000.0	3010461000.0	532425000.0	-803954000.0	164900000.0	164900000.0	2289085000.0			305324000.0	171749000.0		3287956000.0	1609878000.0	549942000.0			701437000.0	1678078000.0		1431437000.0			2132874000.0	358499000.0	246641000.0	2859509000.0	0.0	2424372000.0	159000.0	1293387968.0	211326000.0					34951000.0	52708000.0	-37046000.0	-7997000.0		-403060000.0	183920000.0					63299000.0	63299000.0					-27725000.0		-2528000.0	5286000.0	168878000.0		0.26	0.25	0.01	4.0	
2013-09-30																																																																																																																																																										5640681000.0	3077535000.0	889366000.0	889366000.0	732724000.0	926194000.0	2563146000.0	441799000.0		130100000.0	130100000.0	1972428000.0			394215000.0	135036000.0		2974161000.0	893201000.0	481022000.0			84987000.0	2080960000.0		1784539000.0			1869526000.0	327192000.0	296421000.0	2657249000.0	0.0	2315841000.0	158000.0	1294342288.0	196918000.0					34769000.0	39703000.0		-27700000.0		-14353000.0	-32699000.0					16716000.0	16716000.0					-115867000.0		165707000.0	15841000.0	161389000.0		0.25	0.24	0.01	4.1667	
2013-06-30																																																																																																																																																										5404301000.0	2874470000.0	723659000.0	723659000.0	703489000.0	905823000.0	2529831000.0	424844000.0		136200000.0	136200000.0	1952251000.0			418893000.0	122606000.0		2807041000.0	815559000.0	447159000.0			83599000.0	1991482000.0		1698951000.0			1782550000.0	284801000.0	292531000.0	2585139000.0	0.0	2302541000.0	160000.0	1303483424.0	180552000.0					34170000.0	36352000.0		9100000.0		-211963000.0	22428000.0					16756000.0	16756000.0					-95808000.0		-11334000.0	-2351000.0	154868000.0		0.24	0.24	0.0	0.0	
2013-03-31																																																																																																																																																										5213961000.0	2725671000.0	734993000.0	734993000.0	711581000.0	861598000.0	2488290000.0	415943000.0		134800000.0	134800000.0	1919929000.0			286909000.0	130590000.0		2696894000.0	815014000.0	445517000.0			92190000.0	1881880000.0		1596050000.0			1688240000.0	277307000.0	285830000.0	2505408000.0	0.0	2261073000.0	160000.0	1301704016.0	180254000.0					32592000.0	29685000.0		18600000.0		-63938000.0	-65060000.0					1247000.0	1247000.0					-85300000.0		44143000.0	-7113000.0	153613000.0		0.22	0.22	0.0	0.0	
2012-12-31																																																																																																																																																										5215463000.0	2706915000.0	690850000.0	690850000.0	733718000.0	910711000.0	2508548000.0	417436000.0	-715895000.0	140600000.0	140600000.0	1932740000.0			251653000.0	119983000.0		2773281000.0	888514000.0	496525000.0			100293000.0	1884767000.0		1606204000.0			1706497000.0	291696000.0	278563000.0	2429959000.0	0.0	2210120000.0	160000.0	1302318864.0	207076000.0					32440000.0	32610000.0	-123870000.0	-45934000.0		-188190000.0	-57851000.0					33737000.0	33737000.0					-150581000.0		-34696000.0	4269000.0	141567000.0		0.24	0.23	0.01	4.3478	
2012-09-30																																																																																																																																																										5070965000.0	2640981000.0	725546000.0	725546000.0	712189000.0	903344000.0	2429984000.0	407587000.0		127300000.0	127300000.0	1876539000.0			167345000.0	132557000.0		2632747000.0	864588000.0	478100000.0			94093000.0	1768159000.0		1511297000.0			1605390000.0	292395000.0	256862000.0	2426841000.0	0.0	2237109000.0	162000.0	1310241368.0	175998000.0					30748000.0	33067000.0		-35700000.0		-161340000.0	59004000.0					16885000.0	16885000.0					-28422000.0		79532000.0	5870000.0	148800000.0		0.23	0.22	0.01	4.5455	
2012-06-30																																																																																																																																																										4766839000.0	2426160000.0	646014000.0	646014000.0	675342000.0	840090000.0	2340679000.0	396180000.0		1926210000.0	1926210000.0	1803710000.0			134450000.0	130264000.0		2503322000.0	801656000.0	431954000.0			89284000.0	1701666000.0		1454545000.0			1543829000.0	280418000.0	247121000.0	2250574000.0	0.0	2135047000.0	161000.0	1310972520.0	127401000.0					29592000.0	31899000.0		0.0		-125160000.0	28681000.0					17052000.0	17052000.0					-119135000.0		25031000.0	-5891000.0	141893000.0		0.22	0.21	0.01	4.7619	
2012-03-31																																																																																																																																																										4577380000.0	2291800000.0	620983000.0	620983000.0	659108000.0	771400000.0	2285580000.0	389873000.0		140756000.0	140756000.0	1754951000.0			122249000.0	118060000.0		2312662000.0	744979000.0	402916000.0			78298000.0	1567683000.0		1316819000.0			1395117000.0	263765000.0	250864000.0	2251000000.0	0.0	2130127000.0	163000.0	1322841104.0	164204000.0					28999000.0	31523000.0		0.0		-18909000.0	-42918000.0					2448000.0	2448000.0					-81885000.0		105897000.0	3520000.0	127248000.0		0.19	0.19	0.0	0.0	
2011-12-31																																																																																																																																																										4445225000.0	2181237000.0	515086000.0	515086000.0	649862000.0	767181000.0	2263988000.0	380501000.0	-655869000.0	1870113000.0	1870113000.0	1746113000.0			133848000.0	115260000.0		2260439000.0	642415000.0	377867000.0			298000.0	1618024000.0		1376831000.0			1377129000.0	264250000.0	241193000.0	2171769000.0	0.0	2102497000.0	163000.0	1322841104.0	168618000.0					31242000.0	28174000.0	-9664000.0	-88486000.0		-320588000.0	-27927000.0					2494000.0	2494000.0					-138191000.0		-175093000.0	4804000.0	115005000.0		0.18	0.18	0.0	0.0	
2011-09-30																																																																																																																																																										4361796000.0	2327812000.0	690179000.0	690179000.0	634814000.0	803477000.0	2033984000.0	359516000.0		1660658000.0	1660658000.0	1559958000.0			90730000.0	108612000.0		2132247000.0	662203000.0	418201000.0			304000.0	1470044000.0		1265026000.0			1265330000.0	243698000.0	205018000.0	2216574000.0	0.0	2129274000.0	165000.0	1358680536.0	184242000.0					30989000.0	26268000.0		0.0		-25621000.0	-67078000.0					2547000.0	2547000.0					-173002000.0		78971000.0	-12572000.0	136058000.0		0.2	0.2	0.0	0.0	
2011-06-30																																																																																																																																																										4322735000.0	2246680000.0	611208000.0	611208000.0	642273000.0	793418000.0	2076055000.0	379731000.0		1681587000.0	1681587000.0	1576987000.0			85347000.0	114434000.0		2013331000.0	648378000.0	426184000.0			328000.0	1364953000.0		1157589000.0			1157917000.0	221866000.0	207364000.0	2296452000.0	0.0	2170142000.0	170000.0	1388739664.0	104609000.0					29851000.0	22602000.0		0.0		-61416000.0	-30627000.0					2608000.0	2608000.0					-172495000.0		18209000.0	5643000.0	148894000.0		0.2	0.19	0.01	5.2632	
2011-03-31																																																																																																																																																										4171233000.0	2145894000.0	592999000.0	592999000.0	602985000.0	744203000.0	2025339000.0	371491000.0		1640606000.0	1640606000.0	1536506000.0			98422000.0	107285000.0		1844754000.0	682427000.0	414296000.0			329000.0	1162327000.0		949385000.0			949714000.0	267802000.0	212942000.0	2304146000.0	-188503000.0	2385897000.0	176000.0	1422807456.0	107738000.0					27357000.0	23178000.0		0.0		-23259000.0	-25516000.0					2633000.0	2633000.0					-188503000.0		67111000.0	8148000.0	128885000.0		0.18	0.18	0.0	0.0	
2010-12-31																																																																																																																																																										4015857000.0	1992130000.0	525888000.0	525888000.0	549169000.0	718545000.0	2023727000.0	366996000.0	-611008000.0	107600000.0	107600000.0	1533299000.0			98341000.0	100187000.0		1673142000.0	654990000.0	384963000.0			352000.0	1018152000.0		799640000.0			799992000.0	269675000.0	218512000.0	2320855000.0	0.0	2260581000.0	176000.0	1422807456.0	160682000.0					26846000.0	37130000.0	-157657000.0	-65179000.0		-41856000.0	-72663000.0					2612000.0	2612000.0					153943000.0		45360000.0	-803000.0	132467000.0		0.19	0.18	0.01	5.5556	
2010-09-30																																																																																																																																																										3968771000.0	1957676000.0	480528000.0	480528000.0	539728000.0	727458000.0	2011095000.0	352318000.0		1639324000.0	1639324000.0	1527824000.0			107245000.0	102717000.0		1798608000.0	687149000.0	395999000.0			385000.0	1111459000.0		904031000.0			904416000.0	290765000.0	207428000.0	2145959000.0	0.0	2132101000.0	175000.0	1409797992.0	128340000.0					26507000.0	29242000.0		0.0		-205068000.0	107490000.0					2604000.0	2604000.0					13874000.0		43851000.0	13089000.0	138799000.0		0.18	0.17	0.01	5.8824	
2010-06-30																																																																																																																																																										3556768000.0	1757703000.0	436677000.0	436677000.0	498552000.0	645595000.0	1799065000.0	325186000.0		1457263000.0	1457263000.0	1382363000.0			82579000.0	176879000.0		1575752000.0	596916000.0	377618000.0			365000.0	978836000.0		781604000.0			781969000.0	218933000.0	197232000.0	1953161000.0	0.0	1997445000.0	174000.0	1407083720.0	22028000.0					25149000.0	24733000.0		0.0		-71595000.0	63174000.0					2602000.0	2602000.0					4224000.0		4958000.0	-8649000.0	131009000.0		0.17	0.15	0.02	13.3333	
2010-03-31																																																																																																																																																										3410516000.0	1616345000.0	431719000.0	431719000.0	476097000.0	572616000.0	1794171000.0	327211000.0		1446400000.0	1446400000.0	1371800000.0			46123000.0	135913000.0		1543075000.0	592881000.0	319820000.0			49440000.0	950194000.0		752543000.0			801983000.0	223621000.0	197651000.0	1849961000.0	0.0	1870378000.0	174000.0	1404600016.0	113843000.0					24344000.0	18353000.0		0.0		-29706000.0	-33280000.0					2595000.0	2595000.0					3173000.0		47106000.0	-3751000.0	100138000.0		0.14	0.13	0.01	7.6923	
2009-12-31																																																																																																																																																										3219184000.0	1420395000.0	384613000.0	384613000.0	461750000.0	449591000.0	1798789000.0	332875000.0	-575187000.0	1446372000.0	1446372000.0	1368672000.0			37770000.0	124441000.0		1456366000.0	503159000.0	292122000.0			399000.0	953207000.0		753050000.0			753449000.0	210638000.0	200157000.0	1746077000.0	0.0	1774625000.0	174000.0	1404600016.0	151714000.0					25601000.0	17451000.0		76332000.0		-40776000.0	-32752000.0					2573000.0	2573000.0					0.0				89977000.0		0.13	0.12	0.01	8.3333	
2009-09-30																																																																																																																																																										3140911000.0	1337750000.0	307569000.0	307569000.0	455990000.0	465521000.0	1803161000.0	342924000.0		1446076000.0	1446076000.0	1365176000.0			18542000.0	108670000.0		1497714000.0	497337000.0	283088000.0			481000.0	1000377000.0		792011000.0			792492000.0	213768000.0	208366000.0	1626266000.0	0.0	1689583000.0	172000.0	1391428712.0	145942000.0					25153000.0	45607000.0		0.0		-29411000.0	-32856000.0					7706000.0	7706000.0					0.0				83364000.0		0.12	0.11	0.01	9.0909	
2009-06-30																																																																																																																																																										2999517000.0	1206941000.0	220765000.0	220765000.0	449894000.0	445073000.0	1792576000.0	345538000.0		1434407000.0	1434407000.0	1349707000.0			0.0	91209000.0		1470789000.0	437595000.0	247391000.0			527000.0	1033194000.0		820581000.0			821108000.0	189677000.0	212613000.0	1509398000.0	0.0	1611240000.0	172000.0	1389197640.0	141876000.0					24779000.0	30832000.0		0.0		-26088000.0	-49797000.0					2571000.0	2571000.0					0.0				76825000.0		0.11	0.11	0.0	0.0	
2009-03-31																																																																																																																																																										2959661000.0	1177830000.0	150519000.0	150519000.0	479704000.0	459463000.0	1781831000.0	345606000.0		1423248000.0	1423248000.0	1334948000.0				88144000.0		1540548000.0	469874000.0	257196000.0			497000.0	1070674000.0		870982000.0			871479000.0	212181000.0		1400050000.0		1538941000.0	172000.0	1384787800.0	142765000.0					22991000.0	1420000.0				-276915000.0	81083000.0					5135000.0	5135000.0									77050000.0		0.11	0.1	0.01	10.0	
2008-12-31																																																																																																																																																										2994159000.0	1335864000.0	214987000.0	214987000.0	512507000.0	515999000.0	1658295000.0	344515000.0		1288935000.0	1288935000.0	1232335000.0				92371000.0		1644734000.0	634832000.0	305950000.0			439000.0	1009902000.0		786020000.0			786459000.0	328443000.0		1349425000.0		1467099000.0	171000.0	1384787800.0	170839000.0					22283000.0	25236000.0		-47570000.0		-48672000.0	-133917000.0					10617000.0	10617000.0					-149932000.0				98733000.0		0.14	0.13	0.01	7.6923	
2008-09-30																																																																																																																																																										3018238000.0	1431627000.0	230741000.0	230741000.0	521859000.0	583663000.0	1586611000.0	336418000.0		1242488000.0	1242488000.0	1189788000.0				95364000.0		1554666000.0	614822000.0	345193000.0			481000.0	939844000.0		770050000.0			770531000.0	269148000.0		1463572000.0	-19508000.0	1540360000.0	178000.0	1441072880.0	104869000.0					23335000.0	32541000.0				-38885000.0	-19053000.0					5300000.0	5300000.0									112955000.0		0.16	0.15	0.01	6.6667	
2008-06-30																																																																																																																																																										2927635000.0	1355638000.0	188762000.0	188762000.0	519593000.0	555211000.0	1571997000.0	338805000.0		1225641000.0	1225641000.0	1171491000.0				92072000.0		1572113000.0	559286000.0	318526000.0			551000.0	1012827000.0		819202000.0			819753000.0	240209000.0		1355522000.0	-19508000.0	1430062000.0	177000.0	1435165832.0	96199000.0					22913000.0	30589000.0				-64009000.0	-22338000.0					2635000.0	2635000.0									109995000.0		0.15	0.15	0.0	0.0	
2008-03-31																																																																																																																																																										2760969000.0	1274563000.0	180155000.0	180155000.0	499988000.0	507979000.0	1486406000.0	327007000.0		1152343000.0	1152343000.0	1101453000.0				86441000.0		1536081000.0	491435000.0	289748000.0			762000.0	1044646000.0		852307000.0			853069000.0	200925000.0		1224888000.0	-19508000.0	1322711000.0	176000.0	1441583752.0	109616000.0					22771000.0	19914000.0				-94519000.0	-18632000.0					2682000.0	2682000.0					-143693000.0				97468000.0		0.14	0.13	0.01	7.6923	
2007-12-31																																																																																																																																																										2675733000.0	1223808000.0	183641000.0	183641000.0	456882000.0	510411000.0	1451925000.0	316194000.0		1130558000.0	1130558000.0	1091828000.0				72874000.0		1410819000.0	520481000.0	295391000.0			1075000.0	890338000.0		721561000.0			722636000.0	224015000.0		1264914000.0	-79611000.0	1431635000.0	181000.0	1441583752.0	133023000.0					21415000.0	27090000.0		-22724000.0		-129279000.0	10184000.0					2674000.0	2674000.0					-6514000.0				99993000.0		0.14	0.13	0.01	7.6923	
2007-09-30																																																																																																																																																										2490192000.0	1165353000.0	164587000.0	164587000.0	447116000.0	473070000.0	1324839000.0	304392000.0		1012472000.0	1012472000.0	972524000.0				80580000.0		1355201000.0	448395000.0	273559000.0			1462000.0	906806000.0		715492000.0			716954000.0	173374000.0		1134991000.0	-73097000.0	1334327000.0	180000.0	1457681576.0	109198000.0					20890000.0	25250000.0				-57080000.0	1801000.0					2680000.0	2680000.0					-35133000.0				91501000.0		0.13	0.12	0.01	8.3333	
2007-06-30																																																																																																																																																										2332534000.0	1041545000.0	110668000.0	110668000.0	425903000.0	427898000.0	1290989000.0	291604000.0		987292000.0	987292000.0	946346000.0				77076000.0		1272978000.0	386911000.0	232358000.0			2170000.0	886067000.0		683802000.0			685972000.0	152383000.0		1059556000.0	-37964000.0	1245514000.0	180000.0	1461490632.0	83215000.0					20979000.0	28804000.0				-45742000.0	-11894000.0					2672000.0	2672000.0					-37964000.0				83996000.0		0.12	0.11	0.01	9.0909	
2007-03-31																																																																																																																																																										2244737000.0	971432000.0	85089000.0	85089000.0	427747000.0	392529000.0	1273305000.0	280575000.0		979895000.0	979895000.0	937707000.0				66067000.0		1270485000.0	385888000.0	217911000.0			2702000.0	884597000.0		685279000.0			687981000.0	165275000.0		974252000.0		1164190000.0	178000.0	1460347344.0	62463000.0					19064000.0	22628000.0				-46977000.0	-4532000.0					2684000.0	2684000.0					-13983000.0				77704000.0		0.11	0.1	0.01	10.0	
2006-12-31																																																																																																																																																										2195397000.0	934605000.0	74135000.0	74135000.0	416499000.0	383858000.0	1260792000.0	274143000.0		969674000.0	969674000.0	926242000.0				60113000.0		1292403000.0	447659000.0	234868000.0			3241000.0	844744000.0		677173000.0			680414000.0	209550000.0		902994000.0	-39216000.0	1142536000.0	89000.0	1460347344.0	75608000.0					17999000.0	24898000.0		-81878000.0		-26973000.0	-37263000.0					2679000.0	2679000.0					-39216000.0				78377000.0		0.11	0.1	0.01	10.0	
2006-09-30																																																																																																																																																										2121635000.0	882936000.0	62763000.0	62763000.0	384253000.0	369580000.0	1238699000.0	260732000.0		955090000.0	955090000.0	910569000.0				66340000.0		1257818000.0	432228000.0	243850000.0			3842000.0	825590000.0		684681000.0			688523000.0	2678000.0		863817000.0		1066838000.0	87000.0	1466716544.0	71014000.0					18383000.0	23592000.0				-25065000.0	-29106000.0					2681000.0	2681000.0					-13226000.0				66699000.0		0.09	0.09	0.0	0.0	
2006-06-30																																																																																																																																																										2051536000.0	809499000.0	45920000.0	45920000.0	366378000.0	336866000.0	1242037000.0	257630000.0		955596000.0	955596000.0	910247000.0				60335000.0		1242166000.0	395825000.0	215118000.0			10933000.0	846341000.0		695871000.0			706804000.0	2742000.0		809370000.0	-74563000.0	1090555000.0	89000.0	1467852768.0	87072000.0					18835000.0	13771000.0				-11093000.0	-67363000.0					2685000.0	2685000.0									53341000.0		0.09	0.08	0.01	12.5	
2006-03-31																																																																																																																																																										2008938000.0	770795000.0	37304000.0	37304000.0	347842000.0	335104000.0	1238143000.0	263969000.0		886720000.0	886720000.0	902584000.0				50545000.0		1249670000.0	370614000.0	196626000.0			16409000.0	879056000.0		741408000.0			757817000.0	2734000.0		759268000.0	-54347000.0	1039906000.0	89000.0	1464482784.0	55903000.0					17907000.0	20160000.0				-35842000.0	-21426000.0					2679000.0	2679000.0									57274000.0		0.08	0.07	0.01	14.2857	
2005-12-31																																																																																																																																																										1932540000.0	709814000.0	38669000.0	38669000.0	325865000.0	302867000.0	1222726000.0	253889000.0		886720000.0	886720000.0	886720000.0				42413000.0		1243305000.0	335930000.0	177266000.0			15030000.0	907375000.0		765970000.0			781000000.0	143634000.0		689235000.0	-54347000.0	985317000.0	89000.0	1464482784.0	74804000.0					14209000.0	15786000.0		-20636000.0		-423314000.0	349118000.0					2686000.0	2686000.0					8704000.0				55818000.0		0.08	0.08	0.0	0.0	
2005-09-30																																																																																																																																																																																																																										0.07	0.07	0.0	0.0	
2005-06-30																																																																																																																																																																																																																										0.07	0.07	0.0	0.0	
2005-03-31																																																																																																																																																																																																																										0.07	0.06	0.01	16.6667	
2004-12-31																																																																																																																																																																																																																										0.06	0.06	0.0	0.0	
2004-09-30																																																																																																																																																																																																																										0.06	0.06	0.0	0.0	
2004-06-30																																																																																																																																																																																																																										0.06	0.05	0.01	20.0	
2004-03-31																																																																																																																																																																																																																										0.05	0.05	0.0	0.0	
2003-12-31																																																																																																																																																																																																																										0.05	0.04	0.01	25.0	
2003-09-30																																																																																																																																																																																																																										0.04	0.04	0.0	0.0	
2003-06-30																																																																																																																																																																																																																										0.04	0.03	0.01	33.3333	
2003-03-31																																																																																																																																																																																																																										0.03	0.03	0.0	0.0	
2002-12-31																																																																																																																																																																																																																										0.03	0.03	0.0	0.0	
2002-09-30																																																																																																																																																																																																																										0.03	0.03	0.0	0.0	
2002-06-30																																																																																																																																																																																																																										0.03	0.03	0.0	0.0	
2002-03-31																																																																																																																																																																																																																										0.03	0.02	0.01	50.0	
2001-12-31																																																																																																																																																																																																																										0.02	0.03	-0.01	-33.3333	
2001-09-30																																																																																																																																																																																																																										0.02	0.03	-0.01	-33.3333	
2001-06-30																																																																																																																																																																																																																										0.03	0.03	0.0	0.0	
2001-03-31																																																																																																																																																																																																																										0.04	0.04	0.0	0.0	
2000-12-31																																																																																																																																																																																																																										0.05	0.05	0.0	0.0	
2000-09-30																																																																																																																																																																																																																										0.04	0.04	0.0	0.0	
2000-06-30																																																																																																																																																																																																																										0.04	0.04	0.0	0.0	
2000-03-31																																																																																																																																																																																																																										0.03	0.03	0.0	0.0	
1999-12-31																																																																																																																																																																																																																										0.05	0.04	0.01	25.0	
1999-09-30																																																																																																																																																																																																																										0.04	0.04	0.0	0.0	
1999-06-30																																																																																																																																																																																																																										0.04	0.03	0.01	33.3333	
1999-03-31																																																																																																																																																																																																																										0.03	0.03	0.0	0.0	
1998-12-31																																																																																																																																																																																																																										0.03	0.03	0.0	0.0	
1998-09-30																																																																																																																																																																																																																										0.03	0.03	0.0	0.0	
1998-06-30																																																																																																																																																																																																																										0.04	0.04	0.0	0.0	
1998-03-31																																																																																																																																																																																																																										0.03	0.03	0.0	0.0	
1997-12-31																																																																																																																																																																																																																										0.03	0.03	0.0	0.0	
1997-09-30																																																																																																																																																																																																																										0.03	0.03	0.0	0.0	
1997-06-30																																																																																																																																																																																																																										0.0029		0.0		
1997-03-31																																																																																																																																																																																																																										0.02	0.03	-0.01	-33.3333	
1996-12-31																																																																																																																																																																																																																										0.02	0.02	0.0	0.0	
1996-09-30																																																																																																																																																																																																																										0.02	0.02	0.0	0.0	
1996-06-30																																																																																																																																																																																																																										0.02	0.02	0.0	0.0	
1996-03-31																																																																																																																																																																																																																										0.02	0.02	0.0	0.0	
