	Tax Effect Of Unusual Items	Tax Rate For Calcs	Normalized EBITDA	Total Unusual Items	Total Unusual Items Excluding Goodwill	Net Income From Continuing Operation Net Minority Interest	Reconciled Depreciation	Reconciled Cost Of Revenue	EBITDA	EBIT	Net Interest Income	Interest Expense	Interest Income	Normalized Income	Net Income From Continuing And Discontinued Operation	Total Expenses	Total Operating Income As Reported	Diluted Average Shares	Basic Average Shares	Diluted EPS	Basic EPS	Diluted NI Availto Com Stockholders	Net Income Common Stockholders	Net Income	Net Income Including Noncontrolling Interests	Net Income Continuous Operations	Tax Provision	Pretax Income	Other Income Expense	Other Non Operating Income Expenses	Special Income Charges	Gain On Sale Of Business	Other Special Charges	Gain On Sale Of Security	Net Non Operating Interest Income Expense	Interest Expense Non Operating	Interest Income Non Operating	Operating Income	Operating Expense	Other Operating Expenses	Research And Development	Selling General And Administration	Gross Profit	Cost Of Revenue	Total Revenue	Operating Revenue	Ordinary Shares Number	Share Issued	Total Debt	Tangible Book Value	Invested Capital	Working Capital	Net Tangible Assets	Capital Lease Obligations	Common Stock Equity	Total Capitalization	Total Equity Gross Minority Interest	Stockholders Equity	Gains Losses Not Affecting Retained Earnings	Other Equity Adjustments	Retained Earnings	Additional Paid In Capital	Capital Stock	Common Stock	Total Liabilities Net Minority Interest	Total Non Current Liabilities Net Minority Interest	Other Non Current Liabilities	Non Current Accrued Expenses	Tradeand Other Payables Non Current	Non Current Deferred Liabilities	Non Current Deferred Revenue	Non Current Deferred Taxes Liabilities	Long Term Debt And Capital Lease Obligation	Long Term Capital Lease Obligation	Long Term Debt	Current Liabilities	Other Current Liabilities	Current Deferred Liabilities	Current Deferred Revenue	Current Debt And Capital Lease Obligation	Current Capital Lease Obligation	Current Debt	Other Current Borrowings	Line Of Credit	Pensionand Other Post Retirement Benefit Plans Current	Payables And Accrued Expenses	Current Accrued Expenses	Interest Payable	Payables	Total Tax Payable	Income Tax Payable	Accounts Payable	Total Assets	Total Non Current Assets	Other Non Current Assets	Non Current Prepaid Assets	Non Current Deferred Assets	Non Current Deferred Taxes Assets	Non Current Accounts Receivable	Goodwill And Other Intangible Assets	Other Intangible Assets	Goodwill	Net PPE	Accumulated Depreciation	Gross PPE	Leases	Construction In Progress	Other Properties	Machinery Furniture Equipment	Buildings And Improvements	Land And Improvements	Properties	Current Assets	Other Current Assets	Hedging Assets Current	Restricted Cash	Prepaid Assets	Inventory	Other Inventories	Raw Materials	Receivables	Other Receivables	Taxes Receivable	Accounts Receivable	Allowance For Doubtful Accounts Receivable	Gross Accounts Receivable	Cash Cash Equivalents And Short Term Investments	Other Short Term Investments	Cash And Cash Equivalents	Cash Equivalents	Cash Financial	Free Cash Flow	Repayment Of Debt	Issuance Of Debt	Capital Expenditure	End Cash Position	Beginning Cash Position	Effect Of Exchange Rate Changes	Changes In Cash	Financing Cash Flow	Cash Flow From Continuing Financing Activities	Net Other Financing Charges	Net Issuance Payments Of Debt	Net Long Term Debt Issuance	Long Term Debt Payments	Long Term Debt Issuance	Investing Cash Flow	Cash Flow From Continuing Investing Activities	Net Other Investing Changes	Net Investment Purchase And Sale	Sale Of Investment	Purchase Of Investment	Net Business Purchase And Sale	Purchase Of Business	Net PPE Purchase And Sale	Purchase Of PPE	Operating Cash Flow	Cash Flow From Continuing Operating Activities	Change In Working Capital	Change In Other Working Capital	Change In Other Current Liabilities	Change In Other Current Assets	Change In Payables And Accrued Expense	Change In Inventory	Change In Receivables	Changes In Account Receivables	Other Non Cash Items	Stock Based Compensation	Deferred Tax	Deferred Income Tax	Depreciation Amortization Depletion	Depreciation And Amortization	Depreciation	Operating Gains Losses	Gain Loss On Sale Of Business	Net Income From Continuing Operations	reportedCurrency	totalAssets	totalCurrentAssets	cashAndCashEquivalentsAtCarryingValue	cashAndShortTermInvestments	inventory	currentNetReceivables	totalNonCurrentAssets	propertyPlantEquipment	accumulatedDepreciationAmortizationPPE	intangibleAssets	intangibleAssetsExcludingGoodwill	goodwill	investments	longTermInvestments	shortTermInvestments	otherCurrentAssets	otherNonCurrentAssets	totalLiabilities	totalCurrentLiabilities	currentAccountsPayable	deferredRevenue	currentDebt	shortTermDebt	totalNonCurrentLiabilities	capitalLeaseObligations	longTermDebt	currentLongTermDebt	longTermDebtNoncurrent	shortLongTermDebtTotal	otherCurrentLiabilities	otherNonCurrentLiabilities	totalShareholderEquity	treasuryStock	retainedEarnings	commonStock	commonStockSharesOutstanding	reportedDate	reportedEPS	estimatedEPS	surprise	surprisePercentage	reportTime
2025-12-31																																																																																																																																																																																		13321310000.0	6028832000.0	2803514000.0	2803514000.0	736734000.0	1294040000.0	7292478000.0			51007000.0	51007000.0	31095000.0			51849000.0	1142695000.0		3783317000.0	2254102000.0	405775000.0			215979000.0	1529215000.0					498572000.0	610472000.0		9537993000.0			107000.0	107811400						
2025-09-30	-89030.0	0.01	621431000.0	-8903000.0	-8903000.0	455943000.0	138062000.0	984111000.0	612528000.0	474466000.0	9187000.0	14121000.0	23308000.0	464756970.0	455943000.0	1128761000.0	466095000.0	107538000.0	107264000.0	4.24	4.25	455943000.0	455943000.0	455943000.0	455943000.0	455943000.0	4402000.0	460345000.0	-14937000.0	-6034000.0	0.0	0.0		-8903000.0	9187000.0	14121000.0	23308000.0	466095000.0	144650000.0	36734000.0	60592000.0	47324000.0	610745000.0	984111000.0	1594856000.0	1594856000.0	107307994.0	107307994.0	891915000.0	8933368000.0	9764109000.0	2811914000.0	8933368000.0	143118000.0	9015312000.0	9297877000.0	9015312000.0	9015312000.0	-154882000.0	-154882000.0	6270456000.0	2899631000.0	107000.0	107000.0	4443997000.0	1354143000.0	33053000.0	145073000.0	49584000.0	719347000.0	663058000.0	56289000.0	407086000.0	124521000.0	282565000.0	3089854000.0	77524000.0	1554707000.0	1554707000.0	484829000.0	18597000.0	466232000.0	272396000.0	193836000.0	50191000.0	922603000.0	515338000.0		407265000.0	122723000.0	78773000.0	284542000.0	13459309000.0	7557541000.0	571544000.0	353607000.0	183646000.0	183646000.0	422305000.0	81944000.0	51262000.0	30682000.0	5944495000.0	-2426128000.0	8370623000.0	40759000.0	562288000.0	184689000.0	5593299000.0	1950026000.0	39562000.0	0.0	5901768000.0	49502000.0	16719000.0	0.0	115737000.0	1427185000.0	1100850000.0	326335000.0	2252705000.0	705918000.0	104743000.0	1442044000.0	-11401000.0	1453445000.0	2039920000.0	47747000.0	1992173000.0	76015000.0	1916158000.0	1069569000.0	-411900000.0	189647000.0	-204048000.0	2001964000.0	1180083000.0	-1448000.0	823329000.0	-222557000.0	-222557000.0	-304000.0	-222253000.0	-222253000.0	-411900000.0	189647000.0	-227731000.0	-227731000.0	-4050000.0	-19633000.0	357216000.0	-376849000.0			-204048000.0	-204048000.0	1273617000.0	1273617000.0	630630000.0	444543000.0	30551000.0	-44069000.0	-79075000.0	323102000.0	-44422000.0	220169000.0	21047000.0	7319000.0	20616000.0	20616000.0	138062000.0	138062000.0	138062000.0		0.0	455943000.0		13459309000.0	5901768000.0	1992173000.0	1992173000.0	1100850000.0	2252705000.0	7557541000.0			51262000.0	51262000.0	30682000.0			47747000.0	508293000.0		4443997000.0	3089854000.0	284542000.0			484829000.0	1354143000.0	143118000.0	282565000.0	466232000.0		891915000.0	687003000.0	33053000.0	9015312000.0		6270456000.0	107000.0	107538000		4.24	4.27	-0.03	-0.7026	
2025-06-30	-282112.0	0.029	495726000.0	-9728000.0	-9728000.0	341868000.0	124647000.0	597320000.0	485998000.0	361351000.0	2916000.0	9184000.0	12100000.0	351313888.0	341868000.0	735563000.0	361607000.0	107518000.0	107245000.0	3.18	3.19	341868000.0	341868000.0	341868000.0	341868000.0	341868000.0	10299000.0	352167000.0	-12356000.0	-2628000.0	0.0	0.0		-9728000.0	2916000.0	9184000.0	12100000.0	361607000.0	138243000.0	31166000.0	54487000.0	52590000.0	499850000.0	597320000.0	1097170000.0	1097170000.0	107247360.0	107247360.0	1067070000.0	8463625000.0	9518630000.0	2570974000.0	8463625000.0	94570000.0	8546130000.0	8874102000.0	8546130000.0	8546130000.0	-160916000.0	-160916000.0	5814513000.0	2892426000.0	107000.0	107000.0	4311914000.0	1459297000.0	32999000.0	144599000.0	54110000.0	821340000.0	764819000.0	56521000.0	406249000.0	78277000.0	327972000.0	2852617000.0	71820000.0	1058262000.0	1058262000.0	660821000.0	16293000.0	644528000.0	249894000.0	394634000.0	45363000.0	1016351000.0	529798000.0		486553000.0	118901000.0	79018000.0	367652000.0	12858044000.0	7434453000.0	584233000.0	353397000.0	204671000.0	204671000.0	348917000.0	82505000.0	51950000.0	30555000.0	5860730000.0	-2298328000.0	8159058000.0	40778000.0	1269913000.0	138169000.0	5054791000.0	1615841000.0	39566000.0	0.0	5423591000.0	43267000.0	2904000.0	48257000.0	124558000.0	1724919000.0	1414006000.0	310913000.0	2325848000.0	504346000.0	90530000.0	1730972000.0	-9306000.0	1740278000.0	1153838000.0	29098000.0	1124740000.0	39241000.0	1085499000.0	-138557000.0	-67613000.0	514383000.0	-288134000.0	1180083000.0	844020000.0	1862000.0	334201000.0	446618000.0	446618000.0	-152000.0	446770000.0	446770000.0	-67613000.0	514383000.0	-261994000.0	-261994000.0	2350000.0	23790000.0	564765000.0	-540975000.0			-288134000.0	-288134000.0	149577000.0	149577000.0	-323395000.0	-129253000.0	46258000.0	8537000.0	60678000.0	-121000000.0	-188615000.0	-110314000.0	-1474000.0	6810000.0	1121000.0	1121000.0	124647000.0	124647000.0	124647000.0		0.0	341868000.0		12858044000.0	5423591000.0	1124740000.0	1124740000.0	1724919000.0	2325848000.0	7434453000.0			51950000.0	51950000.0	30555000.0			29098000.0	218986000.0		4311914000.0	2852617000.0	367652000.0			660821000.0	1459297000.0	94570000.0	327972000.0	644528000.0		1067070000.0	646981000.0	32999000.0	8546130000.0		5814513000.0	107000.0	107415000		3.18	2.81	0.37	13.1673	
2025-03-31	-405755.0	0.035	364053000.0	-11593000.0	-11593000.0	209535000.0	125876000.0	500165000.0	352460000.0	226584000.0	9340000.0	9525000.0	18865000.0	220722245.0	209535000.0	623324000.0	221244000.0	107415000.0	107122000.0	1.95	1.96	209535000.0	209535000.0	209535000.0	209535000.0	209535000.0	7524000.0	217059000.0	-13525000.0	-1932000.0	0.0	0.0		-11593000.0	9340000.0	9525000.0	18865000.0	221244000.0	123159000.0	17606000.0	52389000.0	53164000.0	344403000.0	500165000.0	844568000.0	844568000.0	107244215.0	107244215.0	630392000.0	8104990000.0	8712477000.0	2202391000.0	8104990000.0	105249000.0	8187334000.0	8515276000.0	8187334000.0	8187334000.0	-171068000.0	-171068000.0	5472645000.0	2885650000.0	107000.0	107000.0	3929331000.0	1557619000.0	34571000.0	137770000.0	51086000.0	914656000.0	859409000.0	55247000.0	419536000.0	91594000.0	327942000.0	2371712000.0	32595000.0	1041899000.0	1041899000.0	210856000.0	13655000.0	197201000.0	197201000.0		25942000.0	1060420000.0	518811000.0		541609000.0	113810000.0	81609000.0	427799000.0	12116665000.0	7542562000.0	585720000.0	375656000.0	204436000.0	204436000.0	517302000.0	82344000.0	52637000.0	29707000.0	5777104000.0	-2209155000.0	7986259000.0	40314000.0	1102009000.0	139062000.0	5052155000.0	1613489000.0	39230000.0	0.0	4574103000.0	37726000.0	1195000.0	0.0	109873000.0	1571182000.0	1286120000.0	285062000.0	1963367000.0	236185000.0	121579000.0	1605603000.0	-7894000.0	1613497000.0	890760000.0	53119000.0	837641000.0	245734000.0	591907000.0	-813948000.0	-176409000.0	92340000.0	-205966000.0	844020000.0	1638223000.0	1607000.0	-795810000.0	-99619000.0	-99619000.0	-15550000.0	-84069000.0	-84069000.0	-176409000.0	92340000.0	-88209000.0	-88209000.0	4652000.0	113105000.0	502937000.0	-389832000.0			-205966000.0	-205966000.0	-607982000.0	-607982000.0	-959362000.0	-97097000.0	6880000.0	-114627000.0	-145797000.0	-202781000.0	-405940000.0	-306822000.0	8645000.0	2584000.0	4740000.0	4740000.0	125876000.0	125876000.0	125876000.0		0.0	209535000.0		12116665000.0	4574103000.0	837641000.0	837641000.0	1571182000.0	1963367000.0	7542562000.0			52637000.0	52637000.0	29707000.0			53119000.0	148794000.0		3929331000.0	2371712000.0	427799000.0			210856000.0	1557619000.0	105249000.0	327942000.0	197201000.0		630392000.0	609549000.0	34571000.0	8187334000.0		5472645000.0	107000.0	107415000		1.95	2.4688	-0.5188	-21.0143	
2024-12-31	-871889.81194	0.119257	588963000.0	-7311000.0	-7311000.0	393116000.0	124419000.0	946370000.0	581652000.0	457233000.0	3779000.0	10887000.0	14666000.0	399555110.18806	393116000.0	1057262000.0	456769000.0	107595000.0	107058000.0	3.65	3.67	393116000.0	393116000.0	393116000.0	393116000.0	393116000.0	53230000.0	446346000.0	-14202000.0	-6891000.0	0.0	0.0	0.0	-7311000.0	3779000.0	10887000.0	14666000.0	456769000.0	110892000.0	14811000.0	46499000.0	49582000.0	567661000.0	946370000.0	1514031000.0	1514031000.0	107060281.0	107060281.0	718802000.0	7894588000.0	8587355000.0	3011591000.0	7894588000.0	109024000.0	7977577000.0	8350931000.0	7977577000.0	7977577000.0	-184058000.0	-184058000.0	5263110000.0	2898418000.0	107000.0	107000.0	4146784000.0	2069342000.0	34074000.0	134394000.0	49256000.0	1382521000.0	1327825000.0	54696000.0	469097000.0	95743000.0	373354000.0	2077442000.0	25803000.0	712000000.0	712000000.0	249705000.0	13281000.0	236424000.0	236424000.0		30612000.0	1059322000.0	458591000.0		600731000.0	118541000.0	77363000.0	482190000.0	12124361000.0	7035328000.0	563867000.0	283468000.0	208808000.0	208808000.0	338968000.0	82989000.0	54654000.0	28335000.0	5557228000.0	-2091207000.0	7648435000.0	40300000.0	858538000.0	143545000.0	4982192000.0	1584981000.0	38879000.0	0.0	5089033000.0	35484000.0	13452000.0	8262000.0	81658000.0	1348479000.0	1084384000.0	264095000.0	1808739000.0	425559000.0	122131000.0	1261049000.0	-1304000.0	1262353000.0	1792959000.0	171583000.0	1621376000.0	526580000.0	1094796000.0	497457000.0	0.0	30807000.0	-313539000.0	1638223000.0	1021467000.0	-3582000.0	620338000.0	30728000.0	30728000.0	-79000.0	30807000.0	30807000.0	0.0	30807000.0	-221386000.0	-221386000.0	-374000.0	92527000.0	593860000.0	-501333000.0	0.0	0.0	-313539000.0	-313539000.0	810996000.0	810996000.0	246651000.0	25570000.0	21097000.0	-128236000.0	277684000.0	157568000.0	-107032000.0	-436513000.0	8744000.0	6117000.0	30589000.0	30589000.0	124419000.0	124419000.0	124419000.0	0.0	0.0	393116000.0		12124361000.0	5089033000.0	1621376000.0	1621376000.0	1348479000.0	1808739000.0	7035328000.0			54654000.0	54654000.0	28335000.0			171583000.0	138856000.0		4146784000.0	2077442000.0	482190000.0			249705000.0	2069342000.0	109024000.0	373354000.0	236424000.0		718802000.0	556184000.0	34074000.0	7977577000.0		5263110000.0	107000.0	107595000		3.65	4.6859	-1.0359	-22.1067	
2024-09-30	-226952.0	0.044	452666000.0	-5158000.0	-5158000.0	312956000.0	111158000.0	442357000.0	447508000.0	336350000.0	13572000.0	9008000.0	22580000.0	317887048.0	312956000.0	565669000.0	321999000.0	107562000.0	107049000.0	2.91	2.92	312956000.0	312956000.0	312956000.0	312956000.0	312956000.0	14386000.0	327342000.0	-8229000.0	-3071000.0	0.0	0.0		-5158000.0	13572000.0	9008000.0	22580000.0	321999000.0	123312000.0	26822000.0	50197000.0	46293000.0	445311000.0	442357000.0	887668000.0	887668000.0	107057732.0	107057732.0	694143000.0	7507418000.0	8175230000.0	2035938000.0	7507418000.0	112561000.0	7593648000.0	7966969000.0	7593648000.0	7593648000.0	-168860000.0	-168860000.0	4869994000.0	2892407000.0	107000.0	107000.0	3842990000.0	2060825000.0	40778000.0	139035000.0	35175000.0	1373268000.0	1320331000.0	52937000.0	472569000.0	99248000.0	373321000.0	1782165000.0	9140000.0	645050000.0	645050000.0	221574000.0	13313000.0	208261000.0	208261000.0		29618000.0	876783000.0	484295000.0	3811000.0	392488000.0	127168000.0	98446000.0	265320000.0	11436638000.0	7618535000.0	568630000.0	293247000.0	237868000.0	237868000.0	958770000.0	86230000.0	56645000.0	29585000.0	5473790000.0	-1976214000.0	7450004000.0	40330000.0	1022891000.0	147669000.0	4618548000.0	1581512000.0	39054000.0	0.0	3818103000.0	30778000.0	2228000.0	8262000.0	100063000.0	1502891000.0	1250629000.0	252262000.0	904060000.0	28459000.0	113463000.0	762138000.0	-608000.0	762746000.0	1269821000.0	264691000.0	1005130000.0	402381000.0	602749000.0	-487653000.0	-94446000.0	117259000.0	-433919000.0	1021467000.0	1716577000.0	2795000.0	-697905000.0	21776000.0	21776000.0	-1037000.0	22813000.0	22813000.0	-94446000.0	117259000.0	-665947000.0	-665947000.0	-4920000.0	-227108000.0	673830000.0	-900938000.0	0.0	0.0	-433919000.0	-433919000.0	-53734000.0	-53734000.0	-459288000.0	31274000.0	1927000.0	-14764000.0	104302000.0	-218882000.0	-363145000.0	-98436000.0	1588000.0	6796000.0	-26944000.0	-26944000.0	111158000.0	111158000.0	111158000.0	0.0	0.0	312956000.0		11436638000.0	3818103000.0	1005130000.0	1005130000.0	1502891000.0	904060000.0	7618535000.0			56645000.0	56645000.0	29585000.0			264691000.0	141331000.0		3842990000.0	1782165000.0	265320000.0			221574000.0	2060825000.0	112561000.0	373321000.0	208261000.0		694143000.0	523053000.0	40778000.0	7593648000.0		4869994000.0	107000.0	107562000		2.91	3.14	-0.23	-7.3248	
2024-06-30																																	430000.0																																																							11408000.0																																																																																						0.0				11014255000.0	3948923000.0	1702913000.0	1702913000.0	1264526000.0	789883000.0	7065332000.0			59267000.0	59267000.0	28834000.0			37430000.0	154171000.0		3758858000.0	1772629000.0	230894000.0			150981000.0	1986229000.0	63034000.0	418725000.0	140175000.0		621934000.0	620114000.0	42919000.0	7255397000.0		4557038000.0	107000.0	107525000		3.25	2.69	0.56	20.8178	
2024-03-31																																																																																																																																																																																		10760582000.0	4241393000.0	1682081000.0	1682081000.0	1175214000.0	961727000.0	6519189000.0			61889000.0	61889000.0	28735000.0			308016000.0	114355000.0		3858068000.0	1758717000.0	239237000.0			211430000.0	2099351000.0	61923000.0	418695000.0	200907000.0		681525000.0	563315000.0	43536000.0	6902514000.0		4207682000.0	107000.0	107407000		2.2	1.99	0.21	10.5528	
2023-12-31																																																																																																																																																																																		10365132000.0	4634809000.0	1946994000.0	1946994000.0	1012112000.0	1407622000.0	5730323000.0			64511000.0	64511000.0	29687000.0			155495000.0	112586000.0		3677663000.0	1306158000.0	207178000.0			106596000.0	2371505000.0	64083000.0	464068000.0	96238000.0		624389000.0	529890000.0	44783000.0	6687469000.0		3971066000.0	107000.0	107558000		3.25	3.13	0.12	3.8339	
2023-09-30																																																																																																																																																																																		9582645000.0	3824002000.0	1492958000.0	1492958000.0	1069600000.0	808923000.0	5758643000.0			66379000.0	66379000.0	28473000.0			329516000.0	123005000.0		3280269000.0	1199105000.0	110795000.0			45056000.0	2081164000.0	43869000.0	464040000.0	35409000.0		543318000.0	617332000.0	55537000.0	6302376000.0		3621827000.0	107000.0	107498000		2.5	2.06	0.44	21.3592	
2023-06-30																																																																																																																																																																																		8997166000.0	3660730000.0	829913000.0	829913000.0	756173000.0	668419000.0	5336436000.0	4277347000.0		70435000.0	70435000.0	28646000.0			1054044000.0	352181000.0		2957528000.0	1090614000.0	245834000.0			9693000.0	1866914000.0	45887000.0	437410000.0			447103000.0	444856000.0	272314000.0	6039638000.0		3353429000.0	107000.0	107278000		1.59	0.96	0.63	65.625	
2023-03-31																																																																																																																																																																																		8564596000.0	3619864000.0	906634000.0	906634000.0	751407000.0	324514000.0	4944732000.0	4111957000.0		28477000.0	28477000.0	14462000.0			1364607000.0	272702000.0		2695868000.0	1174173000.0	285760000.0			9363000.0	1521695000.0	47836000.0	320378000.0			329741000.0	480356000.0	251630000.0	5868728000.0		3182850000.0	107000.0	107154000		0.4	1.02	-0.62	-60.7843	
2022-12-31																																																																																																																																																																																		8251228000.0	3791421000.0	1481269000.0	1481269000.0	783296000.0	329611000.0	4459807000.0	3636329000.0		31106000.0	31106000.0	14462000.0			1096712000.0	100533000.0		2415173000.0	1038048000.0	341409000.0			9193000.0	1377125000.0	49782000.0	184349000.0			234131000.0	394834000.0	27292000.0	5836055000.0		3140289000.0	107000.0	106606000		-0.07	-0.16	0.09	56.25	
2022-09-30																																																																																																																																																																																		7492817000.0	3338750000.0	1150982000.0	1150982000.0	966914000.0	360570000.0	4154067000.0	3363723000.0		36631000.0	36631000.0	14462000.0			776213000.0	84071000.0		1664480000.0	816268000.0	188280000.0			14342000.0	848212000.0	53562000.0	254224000.0	5435000.0		313221000.0	352582000.0	593988000.0	5828337000.0		3147837000.0	107000.0	106596000		-0.46	-0.27	-0.19	-70.3704	
2022-06-30																																																																																																																																																																																		7419369000.0	3383417000.0	1701217000.0	1701217000.0	961943000.0	489869000.0	4035952000.0	3228004000.0		38728000.0	38728000.0	14462000.0			143944000.0	86444000.0		1523542000.0	803554000.0	160963000.0			14587000.0	719988000.0	57189000.0	170017000.0	5150000.0		232356000.0	371097000.0	549971000.0	5895827000.0		3197005000.0	107000.0	107056000		-0.4	-0.09	-0.31	-344.4444	
2022-03-31																																																																																																																																																																																		7399225000.0	2994993000.0	1326363000.0	1326363000.0	993297000.0	322121000.0	4404232000.0	3023678000.0		42769000.0	42769000.0	14462000.0			223091000.0	130121000.0		1524050000.0	734990000.0	146233000.0			17535000.0	789060000.0	149360000.0	247354000.0	4701000.0		401415000.0	347540000.0	541706000.0	5875175000.0		3141200000.0	107000.0	106412000		-0.41	-0.42	0.01	2.381	
2021-12-31																																																																																																																																																																																		7413746000.0	3191243000.0	1450654000.0	1450654000.0	819403000.0	454709000.0	4222503000.0	2866880000.0		45509000.0	45509000.0	14462000.0			375389000.0	91088000.0		1454195000.0	726878000.0	193374000.0			16677000.0	727317000.0	158693000.0	236005000.0	3896000.0		398594000.0	310416000.0	491312000.0	5959551000.0		3184455000.0	106000.0	107007000		1.23	1.06	0.17	16.0377	
2021-09-30																																																																																																																																																																																		7268630000.0	3046325000.0	1367464000.0	1367464000.0	647439000.0	273343000.0	4222305000.0	2742367000.0		47935000.0	47935000.0	14462000.0			554601000.0	203478000.0		1438555000.0	715236000.0	170041000.0			50695000.0	723319000.0	187193000.0	241483000.0	37129000.0		465805000.0	242706000.0	481836000.0	5830075000.0		3053085000.0	106000.0	106899000		0.42	0.59	-0.17	-28.8136	
2021-06-30																																																																																																																																																																																		7248473000.0	3155476000.0	1346888000.0	1346888000.0	603057000.0	597624000.0	4092997000.0	2847641000.0		50669000.0	50669000.0	14462000.0			418505000.0	189402000.0		1464838000.0	660923000.0	148326000.0			16456000.0	803915000.0	188976000.0	276084000.0	3239000.0		468299000.0	235088000.0	42361000.0	5783635000.0		3007882000.0	106000.0	106836000		0.77	0.54	0.23	42.5926	
2021-03-31																																																																																																																																																																																		7108910000.0	3136890000.0	972879000.0	972879000.0	550270000.0	817100000.0	3972020000.0	2603082000.0		53404000.0	53404000.0	14462000.0			562735000.0	233906000.0		1414130000.0	669341000.0	186087000.0			19434000.0	744789000.0	196679000.0	254447000.0	2453000.0		453579000.0	241939000.0	490342000.0	5694780000.0		2925433000.0	106000.0	106890000		0.8	0.98	-0.18	-18.3673	
2020-12-31																																																																																																																																																																																		7108931000.0	3014535000.0	1227002000.0	1227002000.0	702121000.0	294283000.0	4094396000.0	2603514000.0		56138000.0	56138000.0	14462000.0			520066000.0	271063000.0		1588003000.0	847398000.0	183349000.0			55546000.0	740605000.0	203040000.0	237691000.0	41540000.0		482271000.0	405119000.0	502914000.0	5520928000.0		2715762000.0	106000.0	106944000		1.08	1.24	-0.16	-12.9032	
2020-09-30																																																																																																																																																																																		6985217000.0	2800493000.0	1277054000.0	1277054000.0	602065000.0	310470000.0	4184724000.0	2584111000.0		58469000.0	58469000.0	14462000.0		3013000.0	353819000.0	257085000.0		1589104000.0	731091000.0	153925000.0			54918000.0	858013000.0	199393000.0	220456000.0	40412000.0		460261000.0	374484000.0	637557000.0	5396113000.0		2600059000.0	106000.0	106751000		1.45	0.61	0.84	137.7049	
2020-06-30																																																																																																																																																																																		7072618000.0	2731176000.0	1052700000.0	1052700000.0	552778000.0	355310000.0	4341442000.0	2509441000.0		61194000.0	61194000.0	14462000.0		3097000.0	494080000.0	276308000.0		1845822000.0	747036000.0	158800000.0			91482000.0	1098786000.0	211330000.0	387727000.0	77029000.0		676086000.0	349228000.0	711059000.0	5226796000.0		2445022000.0	106000.0	106473000		0.39	0.23	0.16	69.5652	
2020-03-31																																																																																																																																																																																		6949141000.0	2747843000.0	929355000.0	929355000.0	524510000.0	440690000.0	4201298000.0	2426434000.0		63918000.0	63918000.0	14462000.0		2702000.0	579340000.0	273948000.0		1780519000.0	732435000.0	173762000.0			93631000.0	1048084000.0	137077000.0	390588000.0	81807000.0		609472000.0	319757000.0	657496000.0	5168622000.0		2408111000.0	106000.0	106386000		0.85	0.27	0.58	214.8148	
2019-12-31																																																																																																																																																																																		7515689000.0	3599834000.0	1352741000.0	1352741000.0	497096000.0	712293000.0	3915855000.0	2341795000.0		64543000.0	64543000.0	14462000.0		2812000.0	811506000.0	226198000.0		2418922000.0	1318208000.0	218081000.0			28612000.0	1100714000.0	123617000.0	454187000.0	17510000.0		595314000.0	731288000.0	646527000.0	5096767000.0		2326620000.0	105000.0	105425000		2.02	2.72	-0.7	-25.7353	
2019-09-30																																																																																																																																																																																		7054687000.0	3043490000.0	878999000.0	878999000.0	645628000.0	583997000.0	4011197000.0	2259542000.0		66785000.0	66785000.0	14462000.0		2917000.0	661552000.0	273314000.0		1872204000.0	760806000.0	218088000.0			39461000.0	1111398000.0	153477000.0	452064000.0	28240000.0		633781000.0	394565000.0	659334000.0	5182483000.0		2386028000.0	105000.0	106227000		0.29	1.15	-0.86	-74.7826	
2019-06-30																																																																																																																																																																																		7137807000.0	3412246000.0	1221568000.0	1221568000.0	678349000.0	458993000.0	3725561000.0	2155491000.0		69119000.0	69119000.0	14462000.0		2833000.0	807561000.0	245775000.0		2002683000.0	843319000.0	242541000.0			39837000.0	1159364000.0	143318000.0	452976000.0	28312000.0		624606000.0	433411000.0	706388000.0	5135124000.0		2355406000.0	105000.0	105369000		-0.18	0.03	-0.21	-700.0	
2019-03-31																																																																																																																																																																																		7256926000.0	3662826000.0	1013402000.0	1013402000.0	519362000.0	708574000.0	3594100000.0	2001485000.0		71641000.0	71641000.0	14462000.0		2960000.0	1103812000.0	317676000.0		2127765000.0	836516000.0	221738000.0			25097000.0	1291249000.0	145287000.0	558356000.0	12361000.0		716004000.0	414832000.0	732893000.0	5129161000.0		2373954000.0	105000.0	105046000		-0.64	-0.14	-0.5	-357.1429	
2018-12-31																																																																																																																																																																																		7121362000.0	3859523000.0	1403562000.0	1403562000.0	444818000.0	612775000.0	3261839000.0	1886294000.0		74162000.0	74162000.0	14462000.0		26018000.0	1143704000.0	249468000.0		1908959000.0	845457000.0	233287000.0			5570000.0	1063502000.0		470426000.0	5768000.0		466791000.0	455960000.0	602281000.0	5212403000.0		2441553000.0	105000.0	105819000		0.49	0.64	-0.15	-23.4375	
2018-09-30																																																																																																																																																																																		7094555000.0	3886089000.0	1434883000.0	1434883000.0	347486000.0	611821000.0	3208466000.0	1795395000.0		74585000.0	74585000.0	14462000.0		3192000.0	1295049000.0	196850000.0		1923598000.0	868184000.0	154602000.0			2618000.0	1055414000.0		469447000.0	2666000.0		466103000.0	445123000.0	591929000.0	5170957000.0	0.0	2389438000.0	105000.0	106163000		0.54	0.41	0.13	31.7073	
2018-06-30																																																																																																																																																																																		7025692000.0	3986040000.0	2024491000.0	2024491000.0	306612000.0	337675000.0	3039652000.0	1603337000.0		77095000.0	77095000.0	14462000.0		8110000.0	1110421000.0	206841000.0		1914864000.0	815412000.0	161139000.0			7741000.0	1099452000.0		456550000.0	7844000.0		456295000.0	417228000.0	650898000.0	5110828000.0	0.0	2331688000.0	105000.0	104776000		-0.46	0.02	-0.48	-2400.0	
2018-03-31																																																																																																																																																																																		6840189000.0	3770299000.0	1858338000.0	1858338000.0	239444000.0	454619000.0	3069890000.0	1428039000.0		79607000.0	79607000.0	14462000.0		248753000.0	1020136000.0	197762000.0		1680818000.0	553738000.0	136897000.0			6062000.0	1127080000.0		438349000.0	6117000.0		437879000.0	333279000.0	695263000.0	5159371000.0	0.0	2380178000.0	105000.0	106305000		0.78	-0.08	0.86	1075.0	
2017-12-31																																																																																																																																																																																		6864501000.0	3832772000.0	2268534000.0	2268534000.0	201210000.0	419048000.0	3031729000.0	1267814000.0		80227000.0	80227000.0	14462000.0		267873000.0	720379000.0	209280000.0		1765804000.0	650276000.0	120220000.0			13075000.0	1115528000.0		410287000.0	13075000.0		436936000.0	415584000.0	735063000.0	5098697000.0	0.0	2297227000.0	104000.0	104448000		-0.25	-0.31	0.06	19.3548	
2017-09-30																																																																																																																																																																																		7054693000.0	3966494000.0	2019073000.0	2019073000.0	238447000.0	808226000.0	3088199000.0	1050531000.0		81765000.0	81765000.0	14462000.0		297093000.0	699544000.0	201204000.0		1542297000.0	579017000.0	130704000.0			13451000.0	963280000.0		360587000.0	13451000.0		413611000.0	361371000.0	633071000.0	5512396000.0	0.0	2729681000.0	104000.0	105660000		1.95	0.84	1.11	132.1429	
2017-06-30																																																																																																																																																																																		6680286000.0	3436912000.0	1509516000.0	1509516000.0	370620000.0	637932000.0	3243374000.0	886685000.0		83834000.0	83834000.0	14462000.0		275963000.0	719569000.0	199275000.0		1388977000.0	503848000.0	118075000.0			13574000.0	885129000.0		338166000.0	432628000.0		391020000.0	339142000.0	577670000.0	5291309000.0	0.0	2523934000.0	104000.0	104611000		0.64	0.04	0.6	1500.0	
2017-03-31																																																																																																																																																																																		6604503000.0	3330238000.0	1656245000.0	1656245000.0	465871000.0	249302000.0	3274265000.0	791481000.0		85902000.0	85902000.0	14462000.0		278463000.0	789442000.0	169378000.0		1376697000.0	527051000.0	143455000.0			11540000.0	849646000.0		297990000.0	11540000.0		347276000.0	342300000.0	583823000.0	5227806000.0	0.0	2471971000.0	104000.0	104410000		0.25	-0.13	0.38	292.3077	
2016-12-31																																																																																																																																																																																		6867213000.0	3786620000.0	1347155000.0	1347155000.0	425995000.0	509525000.0	3080593000.0	729654000.0		87970000.0	87970000.0	14462000.0		297098000.0	607991000.0	895954000.0		1654526000.0	899707000.0	148730000.0			-194408000.0	754819000.0		193736000.0	27966000.0		214967000.0	417193000.0	594397000.0	5212687000.0	0.0	2462842000.0	104000.0	103970000		1.24	0.97	0.27	27.8351	
2016-09-30																																																																																																																																																																																		8087660000.0	3465418000.0	1414219000.0	1414219000.0	447028000.0	638254000.0	4622242000.0	1368499000.0		72386000.0	72386000.0	78888000.0		469276000.0	675985000.0	289932000.0		2141901000.0	1407324000.0	201835000.0			626026000.0	734577000.0		194973000.0	626026000.0		787157000.0	479665000.0	573446000.0	5945759000.0	0.0	3128229000.0	104000.0	103733000		1.22	0.74	0.48	64.8649	
2016-06-30																																																																																																																																																																																		7544020000.0	3076621000.0	916660000.0	916660000.0	477300000.0	611481000.0	4467399000.0	1372152000.0		68218000.0	68218000.0	78888000.0		449497000.0	750779000.0	320401000.0		1739375000.0	952029000.0	263062000.0			71591000.0	787346000.0		195998000.0	71591000.0		233430000.0	482776000.0	625507000.0	5804645000.0	0.0	2974083000.0	102000.0	103875000		0.87	0.54	0.33	61.1111	
2016-03-31																																																																																																																																																																																		7577789000.0	3274157000.0	1086280000.0	1086280000.0	599010000.0	502236000.0	4303632000.0	1384471000.0		107020000.0	107020000.0	84985000.0		410020000.0	794220000.0	292411000.0		1838844000.0	1064129000.0	274991000.0			94080000.0	774715000.0		240844000.0	94080000.0		299342000.0	510455000.0	569453000.0	5738945000.0	0.0	2960675000.0	102000.0	102745000		1.66	0.93	0.73	78.4946	
2015-12-31																																																																																																																																																																																		7316331000.0	3345586000.0	1126826000.0	1126826000.0	517313000.0	612549000.0	3970745000.0	1391895000.0		110002000.0	110002000.0	84985000.0		417692000.0	703454000.0	385444000.0		1767844000.0	960800000.0	337668000.0			38090000.0	807044000.0		288031000.0	45015000.0		289415000.0	477813000.0	555719000.0	5548487000.0	0.0	2790110000.0	102000.0	102293000		1.6	0.76	0.84	110.5263	
2015-09-30																																																																																																																																																																																		7060642000.0	3251329000.0	1189703000.0	1189703000.0	483575000.0	571325000.0	3809313000.0	1438612000.0		112470000.0	112470000.0	84985000.0		316857000.0	619814000.0	386912000.0		1639797000.0	891706000.0	303593000.0			34082000.0	748091000.0		284021000.0			285477000.0	468702000.0	528813000.0	5420845000.0	0.0	2625975000.0	101000.0	102299000		3.38	1.55	1.83	118.0645	
2015-06-30																																																																																																																																																																																		6803805000.0	3156206000.0	1075144000.0	1075144000.0	576335000.0	390531000.0	3647599000.0	1464789000.0		115454000.0	115454000.0	84985000.0		163360000.0	700017000.0	414179000.0		1762335000.0	914107000.0	273280000.0			41898000.0	848228000.0		295301000.0			299685000.0	405197000.0	590441000.0	5041470000.0	0.0	2311888000.0	101000.0	101607000		0.93	0.36	0.57	158.3333	
2015-03-31																																																																																																																																																																																		6674674000.0	3149703000.0	779908000.0	779908000.0	616558000.0	380014000.0	3524971000.0	1484021000.0		118364000.0	118364000.0	84985000.0		266448000.0	704674000.0	668549000.0		1687568000.0	984906000.0	202755000.0			42123000.0	702662000.0		200386000.0			242509000.0	540621000.0	502276000.0	4987106000.0	0.0	2217397000.0	101000.0	100375000		-0.55	-0.29	-0.26	-89.6552	
2014-12-31																																																																																																																																																																																		6724439000.0	3190466000.0	1482054000.0	1482054000.0	630171000.0	224892000.0	3533973000.0	1517921000.0		119236000.0	119236000.0	84985000.0		264156000.0	509032000.0	231505000.0		1696952000.0	1001096000.0	214656000.0			51399000.0	695856000.0		165003000.0	54559000.0		213473000.0	515532000.0	530853000.0	5027487000.0	0.0	2243689000.0	100000.0	101509000		1.89	0.76	1.13	148.6842	
2014-09-30																																																																																																																																																																																		6439954000.0	3253026000.0	622523000.0	622523000.0	546321000.0	829525000.0	3186928000.0	1497540000.0		119448000.0	119448000.0	84985000.0			492875000.0	761782000.0		1646737000.0	918672000.0	219997000.0			54607000.0	728065000.0		163646000.0			218253000.0	490730000.0	564419000.0	4793217000.0	0.0	2087731000.0	100000.0	101415000		0.61	0.64	-0.03	-4.6875	
2014-06-30																																																																																																																																																																																		6612015000.0	3170269000.0	851346000.0	851346000.0	444063000.0	802811000.0	3441746000.0	1418206000.0		116935000.0	116935000.0	84985000.0			497521000.0	574528000.0		1944060000.0	1211243000.0	187530000.0			60838000.0	732817000.0		133836000.0			194674000.0	794303000.0	598981000.0	4667955000.0	0.0	1999306000.0	100000.0	101814000		0.04	0.37	-0.33	-89.1892	
2014-03-31																																																																																																																																																																																		6376353000.0	3036037000.0	975194000.0	975194000.0	469613000.0	765912000.0	3340316000.0	1370537000.0		117117000.0	117117000.0	84985000.0			404033000.0	421285000.0		1742964000.0	997934000.0	186278000.0			60656000.0	745030000.0		138229000.0			198885000.0	620647000.0	606801000.0	4633389000.0	0.0	1994779000.0	100000.0	101822000		1.1	0.56	0.54	96.4286	
2013-12-31																																																																																																																																																																																		6883502000.0	3792764000.0	1325072000.0	1325072000.0	522682000.0	657706000.0	3090738000.0	1514748000.0		117416000.0	117416000.0	84985000.0		992000.0	439102000.0	848202000.0		2380385000.0	1588061000.0	261333000.0			60543000.0	792324000.0		162780000.0			223323000.0	1140519000.0	629544000.0	4503117000.0	0.0	1882771000.0	100000.0	101260000		0.89	0.99	-0.1	-10.101	
2013-09-30																																																																																																																																																																																		6862710000.0	3596566000.0	1192648000.0	1192648000.0	451637000.0	584514000.0	3266144000.0	1397784000.0		116649000.0	116649000.0	84985000.0		277960000.0	339236000.0	1028531000.0		2443335000.0	1636186000.0	184837000.0			60329000.0	807149000.0		168885000.0			229214000.0	1299141000.0	638264000.0	4419375000.0	0.0	1817511000.0	99000.0	100378000		2.28	0.99	1.29	130.303	
2013-06-30																																																																																																																																																																																		6868126000.0	3601279000.0	928657000.0	928657000.0	462645000.0	653018000.0	3266847000.0	1693576000.0		74930000.0	74930000.0	74930000.0		237594000.0	356615000.0	1200344000.0		2711388000.0	1854795000.0	217587000.0			61194000.0	856593000.0		194570000.0			255764000.0	1565539000.0	662023000.0	4156738000.0	0.0	1622473000.0	98000.0	91142000		0.39	0.52	-0.13	-25.0	
2013-03-31																																																																																																																																																																																		6294425000.0	3109926000.0	842753000.0	842753000.0	523883000.0	759262000.0	3184499000.0	1686469000.0		68833000.0	68833000.0	68833000.0		188681000.0	168993000.0	815035000.0		2620443000.0	1533441000.0	209019000.0			61106000.0	1087002000.0		501111000.0			562217000.0	1249902000.0	585891000.0	3673982000.0	0.0	1588875000.0	88000.0	89377000		0.69	0.75	-0.06	-8.0	
2012-12-31																																																																																																																																																																																		6348692000.0	2832324000.0	901294000.0	901294000.0	533824000.0	972279000.0	3516368000.0	1659757000.0		3735000.0	3735000.0	65444000.0			102578000.0	322349000.0		2743166000.0	1101374000.0	350230000.0			62349000.0	1641792000.0		500223000.0			562572000.0	678843000.0	1141569000.0	3605526000.0	0.0	1529733000.0	87000.0	88549000		2.04	1.75	0.29	16.5714	
2012-09-30																																																																																																																																																																																		5981729000.0	2710036000.0	614699000.0	614699000.0	537567000.0	883993000.0	3271693000.0	1686585000.0		65444000.0	65444000.0	65444000.0			102295000.0	571482000.0		2523575000.0	1139827000.0	235744000.0			61398000.0	1383748000.0		468294000.0			529692000.0	835169000.0	915454000.0	3458154000.0	0.0	1375555000.0	87000.0	87765000		1.27	1.04	0.23	22.1154	
2012-06-30																																																																																																																																																																																		5487334000.0	2464424000.0	630240000.0	630240000.0	580737000.0	579840000.0	3022910000.0	1705306000.0		65444000.0	65444000.0	65444000.0		21373000.0	113453000.0	560154000.0		2125895000.0	962265000.0	194554000.0			47768000.0	1163630000.0		471083000.0			518851000.0	515350000.0	692547000.0	3361439000.0	0.0	1287638000.0	87000.0	87653000		1.65	0.9	0.75	83.3333	
2012-03-31																																																																																																																																																																																		5773512000.0	2900403000.0	610480000.0	610480000.0	705566000.0	867525000.0	2873109000.0	1680334000.0		65444000.0	65444000.0	65444000.0		107481000.0	53107000.0	663725000.0		2564516000.0	1171033000.0	218216000.0			58238000.0	1393483000.0		806070000.0			864308000.0	701017000.0	587413000.0	3208996000.0	0.0	1176655000.0	87000.0	86507000		-0.08	0.59	-0.67	-113.5593	
2011-12-31																																																																																																																																																																																		5777614000.0	2613261000.0	605619000.0	605619000.0	529651000.0	843967000.0	3164353000.0	1876709000.0		68299000.0	68299000.0	65444000.0		116192000.0	66146000.0	567878000.0		2133751000.0	973724000.0	176448000.0			44505000.0	1160027000.0		619143000.0			663648000.0	476661000.0	540884000.0	3643863000.0	0.0	1626071000.0	86000.0	86067000		1.26	1.53	-0.27	-17.6471	
2011-09-30																																																																																																																																																																																		5723312000.0	2430468000.0	678560000.0	678560000.0	432887000.0	807619000.0	3292844000.0	1888446000.0		458808000.0	458808000.0	458808000.0		31859000.0	84350000.0	427052000.0		1697528000.0	747001000.0	170904000.0			25597000.0	950527000.0		582744000.0			608341000.0	517089000.0	367783000.0	4025784000.0	0.0	2039183000.0	86000.0	87151000		2.25	2.65	-0.4	-15.0943	
2011-06-30																																																																																																																																																																																		4939232000.0	1836231000.0	357477000.0	357477000.0	322995000.0	605654000.0	3103001000.0	1770706000.0		458808000.0	458808000.0	458808000.0		50996000.0	106966000.0	443139000.0		1257694000.0	591869000.0	189875000.0			28334000.0	665825000.0		332492000.0			360826000.0	337167000.0	156689000.0	3681538000.0	0.0	1842670000.0	86000.0	87126000		0.7	0.92	-0.22	-23.913	
2011-03-31																																																																																																																																																																																		4433981000.0	1394255000.0	355725000.0	355725000.0	271215000.0	373277000.0	3039726000.0	1580136000.0		458808000.0	458808000.0	458808000.0		157442000.0	199785000.0	194253000.0		868132000.0	469889000.0	99398000.0			28169000.0	398243000.0		103531000.0			131700000.0	314174000.0	139142000.0	3565849000.0	0.0	1781532000.0	86000.0	87053000		1.33	1.16	0.17	14.6552	
2010-12-31																																																																																																																																																																																		4380403000.0	1584460000.0	765689000.0	765689000.0	195863000.0	307019000.0	2795943000.0	1473517000.0		433662000.0	433662000.0	433288000.0		180271000.0	167889000.0	148000000.0		925458000.0	469677000.0	82312000.0			26587000.0	455781000.0		210804000.0			237391000.0	343947000.0	112026000.0	3454945000.0	0.0	1665564000.0	86000.0	86491000		1.8	1.77	0.03	1.6949	
2010-09-30																																																																																																																																																																																		4201771000.0	1614841000.0	621216000.0	621216000.0	184006000.0	464624000.0	2586930000.0	1280978000.0		433288000.0	433288000.0	433288000.0		188546000.0	212200000.0	132795000.0		900425000.0	457778000.0	71135000.0			26639000.0	442647000.0		223756000.0			250395000.0	342392000.0	218891000.0	3301346000.0	0.0	1509619000.0	86000.0	86610000		2.04	1.95	0.09	4.6154	
2010-06-30																																																																																																																																																																																		3631315000.0	1615870000.0	510482000.0	510482000.0	194308000.0	361677000.0	2015445000.0	1125532000.0		286515000.0	286515000.0	286515000.0		189017000.0	285993000.0	263410000.0		619069000.0	325219000.0	68268000.0			24465000.0	293850000.0		114168000.0			138633000.0	203934000.0	179682000.0	3012246000.0	0.0	1332750000.0	86000.0	86401000		1.84	1.61	0.23	14.2857	
2010-03-31																																																																																																																																																																																		3473514000.0	1404533000.0	420886000.0	420886000.0	172119000.0	295120000.0	2068981000.0	1057164000.0		286515000.0	286515000.0	286515000.0		330802000.0	293288000.0	223120000.0		626659000.0	322474000.0	76029000.0			26355000.0	304185000.0		136129000.0			162484000.0	204361000.0	168056000.0	2846855000.0	0.0	1173708000.0	85000.0	86092000		2.0	1.64	0.36	21.9512	
2009-12-31																																																																																																																																																																																		3349512000.0	1351271000.0	664499000.0	664499000.0	152821000.0	226884000.0	1998241000.0	1010477000.0		286763000.0	286763000.0	286515000.0		354608000.0	120236000.0	186831000.0		696725000.0	394927000.0	75744000.0			28559000.0	301798000.0		146399000.0			174958000.0	281884000.0	155399000.0	2652787000.0	0.0	1001363000.0	85000.0	85044000		1.65	1.52	0.13	8.5526	
2009-09-30																																																																																																																																																																																		3095072000.0	1203392000.0	364814000.0	364814000.0	178032000.0	348965000.0	1891680000.0	974166000.0		284005000.0	284005000.0	284005000.0		331415000.0	158847000.0	152734000.0		635898000.0	346659000.0	72338000.0			29169000.0	289239000.0		163320000.0			192489000.0	227597000.0	125919000.0	2459174000.0	0.0	859743000.0	85000.0	85892000		1.79	1.74	0.05	2.8736	
2009-06-30																																																																																																																																																																																		2910179000.0	1244487000.0	429160000.0	429160000.0	162501000.0	351266000.0	1665692000.0	918142000.0		294962000.0	294962000.0	294962000.0		163239000.0	160714000.0	140846000.0		625288000.0	366128000.0	55631000.0			76639000.0	259160000.0		156935000.0			233574000.0	176522000.0	102225000.0	2284891000.0		706399000.0	85000.0	85668000		2.11	1.62	0.49	30.2469	
2009-03-31																																																																																																																																																																																		2288432000.0	1239704000.0	624932000.0	624932000.0	131468000.0	184790000.0	1048728000.0	867660000.0		33829000.0	33829000.0	33829000.0			172176000.0	126338000.0		582760000.0	315839000.0	41853000.0			32952000.0	266921000.0		195216000.0			228168000.0	138792000.0		1705672000.0		525820000.0	82000.0	82612000		1.99	1.5	0.49	32.6667	
2008-12-31																																																																																																																																																																																		2114502000.0	1077401000.0	716218000.0	716218000.0	121554000.0	61703000.0	1037101000.0	842622000.0		34258000.0	34258000.0	33829000.0			76042000.0	101884000.0		601460000.0	381777000.0	46251000.0			34951000.0	219683000.0		163519000.0			198470000.0	200637000.0		1513042000.0		361225000.0	82000.0	82124000		1.61	1.3	0.31	23.8462	
2008-09-30																																																																																																																																																																																		1859850000.0	962376000.0	581779000.0	581779000.0	126469000.0	42371000.0	897474000.0	750477000.0		33829000.0	33829000.0	33829000.0			133371000.0	78386000.0		474680000.0	297631000.0	36691000.0			26691000.0	177049000.0		140808000.0			167499000.0	163523000.0		1385170000.0		228454000.0	81000.0	82436000		1.2	1.03	0.17	16.5049	
2008-06-30																																																																																																																																																																																		1675130000.0	838573000.0	511244000.0	511244000.0	106902000.0	50891000.0	836557000.0	674268000.0		33829000.0	33829000.0	33829000.0			121760000.0	47776000.0		424529000.0	279249000.0	42483000.0			24629000.0	145280000.0		108547000.0			133176000.0	160940000.0		1250601000.0		129185000.0	80000.0	82004000		0.85	0.58	0.27	46.5517	
2008-03-31																																																																																																																																																																																		1477159000.0	798251000.0	590534000.0	590534000.0	58559000.0	18924000.0	678908000.0	529390000.0		33829000.0	33829000.0	33829000.0			90130000.0	40104000.0		325982000.0	227744000.0	167063000.0			17673000.0	98238000.0		70210000.0			87883000.0	43008000.0		1151177000.0		59514000.0	80000.0	81607000		0.57	0.48	0.09	18.75	
2007-12-31																																																																																																																																																																																		1371312000.0	802509000.0	404264000.0	404264000.0	40204000.0	54042000.0	568803000.0	430104000.0		35509000.0	35509000.0	33449000.0			232686000.0	71313000.0		274045000.0	186478000.0	26441000.0			39309000.0	87567000.0		68856000.0			108165000.0	120728000.0		1097267000.0		12895000.0	79000.0	77971000		0.77	0.53	0.24	45.283	
2007-09-30																																																																																																																																																																																		1177156000.0	795785000.0	117153000.0	117153000.0	31887000.0	53983000.0	381371000.0	317552000.0							564641000.0	28121000.0		196337000.0	112189000.0	14883000.0			33613000.0	84148000.0		72484000.0			106097000.0	63693000.0		980819000.0		-49979000.0	78000.0	79088000		0.49	0.19	0.3	157.8947	
2007-06-30																																																																																																																																																																																		723212000.0	424087000.0	107799000.0	107799000.0	26848000.0	47493000.0	299125000.0	245559000.0							207208000.0	34739000.0		241908000.0	77143000.0	51394000.0			25734000.0	164765000.0		96477000.0			122211000.0	15000.0		481304000.0		-96013000.0	73000.0	76089000		0.07	0.03	0.04	133.3333	
2007-03-31																																																																																																																																																																																		618763000.0	387489000.0	325012000.0	325012000.0	15023000.0	42791000.0	231274000.0	220918000.0							326000.0	4337000.0		236545000.0	68194000.0	11219000.0			23875000.0	168351000.0		71955000.0			95830000.0	33100000.0		382218000.0		-140431000.0	72000.0	75392000		0.07		0.0		
2006-12-31																																																																																																																																																																																		578510000.0	388522000.0	308092000.0	308092000.0	16510000.0	55481000.0	189988000.0	178868000.0		248000.0	248000.0				323000.0	8116000.0		167070000.0	52073000.0	32083000.0			19650000.0	114997000.0		61047000.0			80697000.0	340000.0		411440000.0		-145403000.0	72000.0	58255000		0.12	-0.07	0.19	271.4286	
2006-09-30																																																																																																																																																																																		255146000.0	89947000.0	31373000.0	31373000.0	10526000.0	43153000.0	165199000.0	156799000.0		264000.0	264000.0				320000.0	4575000.0		133888000.0	70557000.0	15883000.0			35448000.0	63331000.0		35569000.0			71017000.0	19226000.0		121258000.0		-153441000.0	56000.0	57956000						
2006-06-30																																																																																																																																																																																																																					53757000						
2006-03-31																																																																																																																																																																																																																					53757000						
2005-12-31																																																																																																																																																																																		101884000.0	26553000.0	16721000.0	16721000.0	6917000.0	1098000.0	75331000.0	73778000.0		269000.0	269000.0				312000.0	1505000.0		88755000.0	33913000.0	4599000.0			20142000.0	54842000.0		28581000.0			48723000.0	9172000.0		13129000.0		-149377000.0	162307000.0	48846000						
