	Tax Effect Of Unusual Items	Tax Rate For Calcs	Normalized EBITDA	Net Income From Continuing Operation Net Minority Interest	Reconciled Depreciation	Reconciled Cost Of Revenue	EBITDA	EBIT	Net Interest Income	Interest Expense	Normalized Income	Net Income From Continuing And Discontinued Operation	Total Expenses	Diluted Average Shares	Basic Average Shares	Diluted EPS	Basic EPS	Diluted NI Availto Com Stockholders	Net Income Common Stockholders	Net Income	Minority Interests	Net Income Including Noncontrolling Interests	Net Income Continuous Operations	Tax Provision	Pretax Income	Other Income Expense	Other Non Operating Income Expenses	Net Non Operating Interest Income Expense	Interest Expense Non Operating	Operating Income	Operating Expense	Research And Development	Selling General And Administration	Gross Profit	Cost Of Revenue	Total Revenue	Operating Revenue	Ordinary Shares Number	Share Issued	Net Debt	Total Debt	Tangible Book Value	Invested Capital	Working Capital	Net Tangible Assets	Capital Lease Obligations	Common Stock Equity	Total Capitalization	Total Equity Gross Minority Interest	Minority Interest	Stockholders Equity	Other Equity Interest	Gains Losses Not Affecting Retained Earnings	Other Equity Adjustments	Retained Earnings	Additional Paid In Capital	Capital Stock	Common Stock	Total Liabilities Net Minority Interest	Total Non Current Liabilities Net Minority Interest	Other Non Current Liabilities	Employee Benefits	Non Current Pension And Other Postretirement Benefit Plans	Non Current Deferred Liabilities	Non Current Deferred Taxes Liabilities	Long Term Debt And Capital Lease Obligation	Long Term Capital Lease Obligation	Long Term Debt	Current Liabilities	Other Current Liabilities	Current Debt And Capital Lease Obligation	Current Debt	Pensionand Other Post Retirement Benefit Plans Current	Payables And Accrued Expenses	Payables	Accounts Payable	Total Assets	Total Non Current Assets	Other Non Current Assets	Non Current Deferred Assets	Non Current Deferred Taxes Assets	Goodwill And Other Intangible Assets	Other Intangible Assets	Goodwill	Net PPE	Accumulated Depreciation	Gross PPE	Other Properties	Machinery Furniture Equipment	Properties	Current Assets	Other Current Assets	Inventory	Other Inventories	Finished Goods	Work In Process	Raw Materials	Receivables	Accounts Receivable	Allowance For Doubtful Accounts Receivable	Gross Accounts Receivable	Cash Cash Equivalents And Short Term Investments	Other Short Term Investments	Cash And Cash Equivalents	Cash Financial	Free Cash Flow	Repurchase Of Capital Stock	Repayment Of Debt	Issuance Of Debt	Capital Expenditure	End Cash Position	Beginning Cash Position	Effect Of Exchange Rate Changes	Changes In Cash	Financing Cash Flow	Cash Flow From Continuing Financing Activities	Net Other Financing Charges	Proceeds From Stock Option Exercised	Cash Dividends Paid	Common Stock Dividend Paid	Net Common Stock Issuance	Common Stock Payments	Net Issuance Payments Of Debt	Net Short Term Debt Issuance	Net Long Term Debt Issuance	Long Term Debt Payments	Long Term Debt Issuance	Investing Cash Flow	Cash Flow From Continuing Investing Activities	Net Other Investing Changes	Net Investment Purchase And Sale	Sale Of Investment	Purchase Of Investment	Net Business Purchase And Sale	Sale Of Business	Purchase Of Business	Net PPE Purchase And Sale	Sale Of PPE	Capital Expenditure Reported	Operating Cash Flow	Cash Flow From Continuing Operating Activities	Change In Working Capital	Other Non Cash Items	Deferred Tax	Deferred Income Tax	Depreciation Amortization Depletion	Depreciation And Amortization	Operating Gains Losses	Pension And Employee Benefit Expense	Net Income From Continuing Operations	reportedCurrency	totalAssets	totalCurrentAssets	cashAndCashEquivalentsAtCarryingValue	cashAndShortTermInvestments	inventory	currentNetReceivables	totalNonCurrentAssets	propertyPlantEquipment	accumulatedDepreciationAmortizationPPE	intangibleAssets	intangibleAssetsExcludingGoodwill	goodwill	investments	longTermInvestments	shortTermInvestments	otherCurrentAssets	otherNonCurrentAssets	totalLiabilities	totalCurrentLiabilities	currentAccountsPayable	deferredRevenue	currentDebt	shortTermDebt	totalNonCurrentLiabilities	capitalLeaseObligations	longTermDebt	currentLongTermDebt	longTermDebtNoncurrent	shortLongTermDebtTotal	otherCurrentLiabilities	otherNonCurrentLiabilities	totalShareholderEquity	treasuryStock	retainedEarnings	commonStock	commonStockSharesOutstanding	reportedDate	reportedEPS	estimatedEPS	surprise	surprisePercentage	reportTime
2025-12-31														389500000.0	388200000.0	2.91	2.92																																																																																																																																							41251000000.0	12355000000.0	622000000.0	622000000.0	4721000000.0	5387000000.0	28896000000.0	5084000000.0		5054000000.0	5054000000.0	15769000000.0			181000000.0	1444000000.0		21782000000.0	9370000000.0	4168000000.0			1137000000.0	12412000000.0		8758000000.0			11169000000.0	4065000000.0		19469000000.0				389500000.0		3.33	3.32	0.01	0.3012	
2025-09-30	0.0	0.207	1600000000.0	1010000000.0	258000000.0	4313000000.0	1600000000.0	1342000000.0	-67000000.0	67000000.0	1010000000.0	1010000000.0	5621000000.0	390100000.0	388800000.0	2.59	2.6	1010000000.0	1010000000.0	1010000000.0	-1000000.0	1010000000.0	1011000000.0	264000000.0	1275000000.0	-25000000.0	-25000000.0	-67000000.0	67000000.0	1367000000.0	1308000000.0	203000000.0	1105000000.0	2675000000.0	4313000000.0	6988000000.0	6988000000.0	388400000.0	388400000.0	10325000000.0	11221000000.0	-2099000000.0	29496000000.0	2657000000.0	-2099000000.0	568000000.0	18843000000.0	27599000000.0	18885000000.0	42000000.0	18843000000.0		-4142000000.0	-4142000000.0	10168000000.0	12813000000.0	4000000.0	4000000.0	21765000000.0	12291000000.0	1775000000.0	903000000.0	903000000.0	289000000.0	289000000.0	9324000000.0	568000000.0	8756000000.0	9474000000.0	3071000000.0	1897000000.0	1897000000.0	680000000.0	3826000000.0	3826000000.0	3826000000.0	40650000000.0	28519000000.0	2247000000.0	568000000.0	568000000.0	20942000000.0	5136000000.0	15806000000.0	4762000000.0	-5655000000.0	10417000000.0	694000000.0	7394000000.0	2329000000.0	12131000000.0	1397000000.0	4613000000.0	-1000000.0	1752000000.0	1179000000.0	1683000000.0	5556000000.0	5556000000.0	-54000000.0	5610000000.0	565000000.0	237000000.0	328000000.0	328000000.0	1173000000.0	-362000000.0	-1000000.0	0.0	-178000000.0	328000000.0	398000000.0	-12000000.0	-58000000.0	-1115000000.0	-1115000000.0	-6000000.0	8000000.0	-404000000.0		-362000000.0	-362000000.0	-351000000.0	-350000000.0	-1000000.0	-1000000.0	0.0	-293000000.0	-294000000.0	-13000000.0	-48000000.0	-56000000.0	8000000.0	-54000000.0	0.0	-54000000.0	0.0	0.0	-178000000.0	1351000000.0	1351000000.0	84000000.0	63000000.0	-49000000.0	-49000000.0	258000000.0	258000000.0	-16000000.0	-16000000.0	1011000000.0		40650000000.0	12131000000.0	328000000.0	328000000.0	4613000000.0	5556000000.0	28519000000.0	4762000000.0		5136000000.0	5136000000.0	15806000000.0			237000000.0	1397000000.0		21765000000.0	9474000000.0	3826000000.0			1897000000.0	12291000000.0	568000000.0	8756000000.0	1897000000.0		11221000000.0	3751000000.0	1775000000.0	18885000000.0		10168000000.0	4000000.0	390100000.0		3.07	3.05	0.02	0.6557	
2025-06-30	0.0	0.172	1518000000.0	982000000.0	261000000.0	4431000000.0	1518000000.0	1257000000.0	-71000000.0	71000000.0	982000000.0	982000000.0	5772000000.0	391400000.0	390300000.0	2.51	2.52	982000000.0	982000000.0	982000000.0	-1000000.0	982000000.0	983000000.0	203000000.0	1186000000.0	1000000.0	1000000.0	-71000000.0	71000000.0	1256000000.0	1341000000.0	192000000.0	1149000000.0	2597000000.0	4431000000.0	7028000000.0	7028000000.0	389300000.0	389300000.0	10598000000.0	11583000000.0	-2411000000.0	29602000000.0	2303000000.0	-2411000000.0	587000000.0	18606000000.0	27357000000.0	18647000000.0	41000000.0	18606000000.0		-4095000000.0	-4095000000.0	9917000000.0	12780000000.0	4000000.0	4000000.0	21860000000.0	12266000000.0	1729000000.0	919000000.0	919000000.0	280000000.0	280000000.0	9338000000.0	587000000.0	8751000000.0	9594000000.0	3058000000.0	2245000000.0	2245000000.0	529000000.0	3762000000.0	3762000000.0	3762000000.0	40507000000.0	28609000000.0	2230000000.0	621000000.0	621000000.0	21017000000.0	5227000000.0	15790000000.0	4741000000.0	-5595000000.0	10336000000.0	709000000.0	7328000000.0	2299000000.0	11897000000.0	1246000000.0	4581000000.0	1000000.0	1656000000.0	1214000000.0	1710000000.0	5486000000.0	5486000000.0	-56000000.0	5542000000.0	584000000.0	186000000.0	398000000.0	398000000.0	716000000.0	-692000000.0	-710000000.0		-202000000.0	398000000.0	1777000000.0	-119000000.0	-1260000000.0	-453000000.0	-453000000.0	-16000000.0	22000000.0	-421000000.0		-692000000.0	-692000000.0	654000000.0	306000000.0	348000000.0	-710000000.0		-1723000000.0	-1722000000.0	-28000000.0	-44000000.0	-23000000.0		-1453000000.0		-1453000000.0	4000000.0	4000000.0	-202000000.0	918000000.0	918000000.0	-484000000.0	79000000.0	98000000.0	98000000.0	261000000.0	261000000.0	-18000000.0	-18000000.0	982000000.0		40507000000.0	11897000000.0	398000000.0	398000000.0	4581000000.0	5486000000.0	28610000000.0	4741000000.0		5227000000.0	5227000000.0	15790000000.0			186000000.0	1246000000.0		21860000000.0	9594000000.0	3762000000.0			2245000000.0	12266000000.0	587000000.0	8751000000.0	2245000000.0		11583000000.0	3587000000.0	1729000000.0	18647000000.0		9917000000.0	4000000.0	392500000.0		2.95	2.92	0.03	1.0274	
2025-03-31	0.0	0.18	1442000000.0	964000000.0	232000000.0	3930000000.0	1442000000.0	1210000000.0	-33000000.0	33000000.0	964000000.0	964000000.0	5176000000.0	393600000.0	392200000.0	2.45	2.46	964000000.0	964000000.0	964000000.0	-1000000.0	965000000.0	965000000.0	212000000.0	1177000000.0	9000000.0	9000000.0	-33000000.0	33000000.0	1201000000.0	1246000000.0	198000000.0	1048000000.0	2447000000.0	3930000000.0	6377000000.0	6377000000.0	391300000.0	391300000.0	8303000000.0	10749000000.0	-931000000.0	28586000000.0	2912000000.0	-931000000.0	669000000.0	18506000000.0	26115000000.0	18547000000.0	41000000.0	18506000000.0		-4250000000.0	-4250000000.0	10041000000.0	12711000000.0	4000000.0	4000000.0	20659000000.0	11137000000.0	1697000000.0	895000000.0	895000000.0	267000000.0	267000000.0	8278000000.0	669000000.0	7609000000.0	9522000000.0	2908000000.0	2471000000.0	2471000000.0	489000000.0	3654000000.0	3654000000.0	3654000000.0	39206000000.0	26771000000.0	2148000000.0	609000000.0	609000000.0	19437000000.0	4586000000.0	14851000000.0	4577000000.0	-5394000000.0	9971000000.0	813000000.0	6981000000.0	2177000000.0	12434000000.0	1009000000.0	4392000000.0	-1000000.0	1591000000.0	1137000000.0	1665000000.0	5094000000.0	5094000000.0	-52000000.0	5146000000.0	1939000000.0	162000000.0	1777000000.0	1777000000.0	91000000.0	-615000000.0	-3000000.0		-147000000.0	1777000000.0	555000000.0	-7000000.0	1229000000.0	-244000000.0	-244000000.0	-41000000.0	7000000.0	-397000000.0	-397000000.0	-615000000.0	-615000000.0	802000000.0	805000000.0	-3000000.0	-3000000.0		1233000000.0	1233000000.0	-22000000.0	1366000000.0	1366000000.0		-13000000.0		-13000000.0	49000000.0	49000000.0	-147000000.0	238000000.0	238000000.0	-913000000.0	-42000000.0	25000000.0	25000000.0	232000000.0	232000000.0	-29000000.0	-29000000.0	965000000.0		39206000000.0	12434000000.0	1777000000.0	1777000000.0	4392000000.0	5094000000.0	26771000000.0	4578000000.0		4586000000.0	4586000000.0	14851000000.0			162000000.0	1009000000.0		20659000000.0	9522000000.0	3654000000.0			2471000000.0	11137000000.0	669000000.0	7609000000.0	2471000000.0		10749000000.0	3397000000.0	1697000000.0	18506000000.0		10041000000.0	4000000.0	393600000.0		2.72	2.71	0.01	0.369	
2024-12-31	0.0	0.167095	1443000000.0	971000000.0	234000000.0	3811000000.0	1443000000.0	1209000000.0	-42000000.0	42000000.0	971000000.0	971000000.0	5015000000.0	396000000.0	394100000.0	2.45	2.46	971000000.0	971000000.0	971000000.0	0.0	971000000.0	972000000.0	195000000.0	1167000000.0	-16000000.0	-16000000.0	-42000000.0	42000000.0	1225000000.0	1204000000.0	201000000.0	1003000000.0	2429000000.0	3811000000.0	6240000000.0	6240000000.0	392900000.0	392900000.0	8597000000.0	9821000000.0	-882000000.0	27640000000.0	3944000000.0	-882000000.0	669000000.0	18488000000.0	26966000000.0	18531000000.0	43000000.0	18488000000.0	-1000000.0	-4342000000.0	-4342000000.0	10096000000.0	12731000000.0	4000000.0	4000000.0	19850000000.0	11993000000.0	1666000000.0	905000000.0	905000000.0	275000000.0	275000000.0	9147000000.0	669000000.0	8478000000.0	7857000000.0	2835000000.0	674000000.0	674000000.0	670000000.0	3678000000.0	3678000000.0	3678000000.0	38381000000.0	26580000000.0	2066000000.0	609000000.0	609000000.0	19370000000.0	4657000000.0	14713000000.0	4535000000.0	-5333000000.0	9868000000.0	806000000.0	6823000000.0	2239000000.0	11801000000.0	875000000.0	4227000000.0	-1000000.0	1576000000.0	1038000000.0	1614000000.0	4619000000.0	4619000000.0	-55000000.0	4674000000.0	2080000000.0	1525000000.0	555000000.0	555000000.0	1342000000.0	-877000000.0	-4000000.0	0.0	-255000000.0	555000000.0	473000000.0	0.0	82000000.0	-1244000000.0	-1244000000.0	-6000000.0	15000000.0	-370000000.0		-877000000.0	-877000000.0	-6000000.0	-2000000.0	-4000000.0	-4000000.0	0.0	-271000000.0	-270000000.0	-6000000.0	-9000000.0			-2000000.0	0.0	-2000000.0	1000000.0	1000000.0	-255000000.0	1597000000.0	1597000000.0	438000000.0	-88000000.0	-66000000.0	-66000000.0	234000000.0	234000000.0	108000000.0	108000000.0	971000000.0		38381000000.0	11801000000.0	555000000.0	555000000.0	4227000000.0	4619000000.0	26580000000.0	4535000000.0		4657000000.0	4657000000.0	14713000000.0			1525000000.0	875000000.0		19850000000.0	7857000000.0	3678000000.0			674000000.0	11993000000.0	669000000.0	8478000000.0	674000000.0		9821000000.0	3505000000.0	1666000000.0	18488000000.0		10096000000.0	4000000.0	396000000.0		2.83	2.81	0.02	0.7117	
2024-09-30	0.0	0.161	1468000000.0	1009000000.0	235000000.0	3899000000.0	1468000000.0	1233000000.0	-29000000.0	29000000.0	1009000000.0	1009000000.0	5134000000.0					1009000000.0	1009000000.0	1009000000.0	-1000000.0	1011000000.0	1011000000.0	193000000.0	1204000000.0	22000000.0	22000000.0	-29000000.0	29000000.0	1211000000.0	1235000000.0	207000000.0	1028000000.0	2446000000.0	3899000000.0	6345000000.0	6345000000.0	395200000.0	395200000.0	8922000000.0	10076000000.0	-736000000.0	28512000000.0	4211000000.0	-736000000.0	681000000.0	19117000000.0	27795000000.0	19162000000.0	45000000.0	19117000000.0		-3947000000.0	-3947000000.0	10366000000.0	12694000000.0	4000000.0	4000000.0	20074000000.0	12133000000.0	1504000000.0	883000000.0	883000000.0	387000000.0	387000000.0	9359000000.0	681000000.0	8678000000.0	7941000000.0	2928000000.0	717000000.0	717000000.0	687000000.0	3609000000.0	3609000000.0	3609000000.0	39236000000.0	27084000000.0	2154000000.0	549000000.0	549000000.0	19853000000.0	4809000000.0	15044000000.0	4528000000.0	-5395000000.0	9923000000.0	817000000.0	6826000000.0	2280000000.0	12152000000.0	1094000000.0	4178000000.0		1526000000.0	1037000000.0	1615000000.0	4886000000.0	4886000000.0	-56000000.0	4942000000.0	1994000000.0	1521000000.0	473000000.0	473000000.0	1126000000.0	-877000000.0	-612000000.0	0.0	-183000000.0	473000000.0	540000000.0	-32000000.0	-35000000.0	-1853000000.0	-1854000000.0	4000000.0	8000000.0	-374000000.0		-877000000.0	-877000000.0	-614000000.0	-2000000.0	-612000000.0	-612000000.0	0.0	511000000.0	511000000.0	-20000000.0	706000000.0	594000000.0	112000000.0	1000000.0	0.0	1000000.0	7000000.0	7000000.0	-183000000.0	1309000000.0	1309000000.0	127000000.0	56000000.0	-97000000.0	-97000000.0	235000000.0	235000000.0	-23000000.0	-23000000.0	1011000000.0		39236000000.0	12152000000.0	473000000.0	473000000.0	4178000000.0	4886000000.0	27084000000.0	4528000000.0		4809000000.0	4809000000.0	15044000000.0			1521000000.0	1094000000.0		20074000000.0	7941000000.0	3609000000.0			717000000.0	12133000000.0	681000000.0	8678000000.0	717000000.0		10076000000.0	3615000000.0	1504000000.0	19117000000.0		10366000000.0	4000000.0	398900000.0		2.84	2.81	0.03	1.0676	
2024-06-30																																																																																														-1000000.0															1084000000.0																		1084000000.0					-160000000.0																				39381000000.0	12652000000.0	540000000.0	540000000.0	3963000000.0	4861000000.0	26729000000.0			4883000000.0	4883000000.0	14849000000.0			2241000000.0	1047000000.0		20128000000.0	8120000000.0	3497000000.0			1282000000.0	12007000000.0	656000000.0	8555000000.0	1282000000.0		10493000000.0	3341000000.0	1483000000.0	19219000000.0		10622000000.0	4000000.0	401000000.0		2.73	2.61	0.12	4.5977	
2024-03-31																																																																																																																																																								38535000000.0	11853000000.0	473000000.0	473000000.0	3868000000.0	4674000000.0	26683000000.0			4975000000.0	4975000000.0	14877000000.0			1969000000.0	869000000.0		19209000000.0	7613000000.0	3400000000.0			995000000.0	11596000000.0	601000000.0	8192000000.0	995000000.0		9788000000.0	3218000000.0	1477000000.0	19292000000.0		10605000000.0	4000000.0	401900000.0		2.4	2.29	0.11	4.8035	
2023-12-31																																																																																																																																																								38432000000.0	11675000000.0	488000000.0	488000000.0	3739000000.0	4475000000.0	26757000000.0			5092000000.0	5092000000.0	14977000000.0			2121000000.0	852000000.0		19363000000.0	7747000000.0	3365000000.0			1025000000.0	11616000000.0	533000000.0	8244000000.0	1025000000.0		9802000000.0	3357000000.0	1489000000.0	19036000000.0		10305000000.0	4000000.0	401800000.0		2.55	2.47	0.08	3.2389	
2023-09-30																																																																																																																																																								37289000000.0	10983000000.0	348000000.0	348000000.0	3713000000.0	4460000000.0	26305000000.0	3941000000.0		5158000000.0	5158000000.0	14781000000.0			1558000000.0	904000000.0		18869000000.0	7563000000.0	3255000000.0			999000000.0	11306000000.0	486000000.0	8150000000.0	999000000.0		9635000000.0	3309000000.0	1429000000.0	18383000000.0		9703000000.0	4000000.0	401600000.0		2.47	2.34	0.13	5.5556	
2023-06-30																																																																																																																																																								36773000000.0	10303000000.0	353000000.0	353000000.0	3670000000.0	4399000000.0	26470000000.0	3861000000.0		5285000000.0	5285000000.0	14914000000.0			977000000.0	904000000.0		18784000000.0	6725000000.0	3192000000.0			496000000.0	12059000000.0	482000000.0	8804000000.0	496000000.0		9782000000.0	3037000000.0	2725000000.0	17953000000.0		9156000000.0	4000000.0	400700000.0		2.21	2.11	0.1	4.7393	
2023-03-31																																																																																																																																																								35517000000.0	9138000000.0	235000000.0	235000000.0	3604000000.0	4239000000.0	26380000000.0	3206000000.0		5386000000.0	5386000000.0	14894000000.0			289000000.0	771000000.0		18032000000.0	6087000000.0	3118000000.0			95000000.0	11945000000.0	466000000.0	8701000000.0	95000000.0		9262000000.0	2874000000.0	2708000000.0	17449000000.0		8757000000.0	4000000.0	400500000.0		1.88	1.78	0.1	5.618	
2022-12-31																																																																																																																																																								35030000000.0	8761000000.0	294000000.0	294000000.0	3430000000.0	4076000000.0	26267000000.0	3716000000.0	-4867000000.0	5485000000.0	5485000000.0	14796000000.0			261000000.0	685000000.0		17954000000.0	6360000000.0	3072000000.0			334000000.0	11579000000.0	459000000.0	8321000000.0	334000000.0		9114000000.0	2954000000.0	1443000000.0	17038000000.0		8468000000.0	4000000.0	400300000.0		2.06	2.05	0.01	0.4878	
2022-09-30																																																																																																																																																								34364000000.0	8540000000.0	231000000.0	231000000.0	3428000000.0	3816000000.0	25826000000.0	3522000000.0		5492000000.0	5492000000.0	14479000000.0			287000000.0	778000000.0		18261000000.0	6653000000.0	2937000000.0			926000000.0	11608000000.0	447000000.0	8082000000.0	926000000.0		9455000000.0	2790000000.0	2999000000.0	16068000000.0		8070000000.0	4000000.0	400300000.0		2.02	2.01	0.01	0.4975	
2022-06-30																																																																																																																																																								35153000000.0	8687000000.0	364000000.0	364000000.0	3445000000.0	3837000000.0	26466000000.0	3042000000.0		5689000000.0	5689000000.0	14805000000.0			259000000.0	782000000.0		18737000000.0	8974000000.0	3013000000.0			3422000000.0	9763000000.0	386000000.0	6277000000.0	3422000000.0		10085000000.0	2539000000.0	2857000000.0	16380000000.0		7886000000.0	4000000.0	400700000.0		1.87	1.82	0.05	2.7473	
2022-03-31																																																																																																																																																								35208000000.0	8194000000.0	237000000.0	237000000.0	3317000000.0	3667000000.0	27014000000.0	3098000000.0		6012000000.0	6012000000.0	14955000000.0			268000000.0	705000000.0		18552000000.0	8256000000.0	2867000000.0			2844000000.0	10296000000.0	342000000.0	6763000000.0	2844000000.0		9949000000.0	2545000000.0	2898000000.0	16620000000.0		7707000000.0	4000000.0	401800000.0		1.62	1.6	0.02	1.25	
2021-12-31																																																																																																																																																								34027000000.0	7511000000.0	297000000.0	297000000.0	2969000000.0	3297000000.0	26516000000.0	3506000000.0	-4754000000.0	5855000000.0	5855000000.0	14751000000.0			271000000.0	677000000.0		17576000000.0	7212000000.0	2797000000.0			1748000000.0	10364000000.0	337000000.0	6831000000.0	1748000000.0		8916000000.0	2667000000.0	1502000000.0	16413000000.0		7594000000.0	4000000.0	402100000.0		1.72	1.71	0.01	0.5848	
2021-09-30																																																																																																																																																								34128000000.0	7487000000.0	271000000.0	271000000.0	2802000000.0	3393000000.0	26641000000.0	3025000000.0		6041000000.0	6041000000.0	14767000000.0			389000000.0	632000000.0		18114000000.0	5914000000.0	2591000000.0			544000000.0	12200000000.0	343000000.0	8520000000.0	544000000.0		9407000000.0	2779000000.0	1541000000.0	15971000000.0		7345000000.0	4000000.0	401900000.0		1.75	1.73	0.02	1.1561	
2021-06-30																																																																																																																																																								36804000000.0	9789000000.0	279000000.0	279000000.0	2668000000.0	3341000000.0	27015000000.0	3528000000.0		6195000000.0	6195000000.0	14880000000.0			261000000.0	3240000000.0		21354000000.0	8906000000.0	2484000000.0			3381000000.0	12448000000.0	366000000.0	8721000000.0	3381000000.0		12468000000.0	3041000000.0	1460000000.0	15408000000.0		7068000000.0	4000000.0	401400000.0		1.72	1.57	0.15	9.5541	
2021-03-31																																																																																																																																																								34080000000.0	9905000000.0	354000000.0	354000000.0	2399000000.0	3065000000.0	24175000000.0	3351000000.0		4722000000.0	4722000000.0	13757000000.0			945000000.0	3142000000.0		19043000000.0	6581000000.0	2172000000.0			1476000000.0	12462000000.0	328000000.0	8682000000.0	1476000000.0		10486000000.0	2933000000.0	1398000000.0	14995000000.0		6883000000.0	4000000.0	400900000.0		1.44	1.24	0.2	16.129	
2020-12-31																																																																																																																																																								31824000000.0	9178000000.0	438000000.0	438000000.0	2109000000.0	2904000000.0	22646000000.0	2964000000.0	-4624000000.0	4175000000.0	4175000000.0	12903000000.0			664000000.0	3063000000.0		16851000000.0	5881000000.0	1987000000.0			1048000000.0	10970000000.0	326000000.0	7010000000.0	1048000000.0		8384000000.0	2846000000.0	3683000000.0	14930000000.0		6794000000.0	4000000.0	401300000.0		1.28	1.24	0.04	3.2258	
2020-09-30																																																																																																																																																								30985000000.0	8671000000.0	429000000.0	429000000.0	2096000000.0	2876000000.0	22314000000.0	2916000000.0		4179000000.0	4179000000.0	12677000000.0			334000000.0	2936000000.0		16467000000.0	5805000000.0	1788000000.0			1253000000.0	10662000000.0	323000000.0	6948000000.0	1253000000.0		8524000000.0	2764000000.0	3408000000.0	14476000000.0		6741000000.0	4000000.0	402300000.0		1.18	1.05	0.13	12.381	
2020-06-30																																																																																																																																																								30348000000.0	8213000000.0	292000000.0	292000000.0	2138000000.0	2647000000.0	22135000000.0	2904000000.0		4241000000.0	4241000000.0	12497000000.0			204000000.0	2932000000.0		16113000000.0	5489000000.0	1620000000.0			1362000000.0	10624000000.0	320000000.0	6906000000.0	1362000000.0		8588000000.0	2507000000.0	3408000000.0	14188000000.0		6767000000.0	4000000.0	401300000.0		0.7	0.53	0.17	32.0755	
2020-03-31																																																																																																																																																								30845000000.0	8670000000.0	239000000.0	239000000.0	2346000000.0	2951000000.0	22175000000.0	2939000000.0		4319000000.0	4319000000.0	12397000000.0			178000000.0	2956000000.0		16557000000.0	4944000000.0	1785000000.0			587000000.0	11613000000.0	334000000.0	7842000000.0	587000000.0		8763000000.0	2572000000.0	3417000000.0	14245000000.0		7007000000.0	4000000.0	411100000.0		1.09	1.07	0.02	1.8692	
2019-12-31																																																																																																																																																								32805000000.0	8728000000.0	370000000.0	370000000.0	2805000000.0	3437000000.0	24077000000.0	3496000000.0	-5210000000.0	4638000000.0	4638000000.0	13456000000.0		60000000.0	221000000.0	1895000000.0		16672000000.0	5132000000.0	2114000000.0			503000000.0	11540000000.0	331000000.0	7819000000.0	503000000.0		8653000000.0	2515000000.0	325000000.0	16082000000.0		8170000000.0	4000000.0	415800000.0		1.37	1.4	-0.03	-2.1429	
2019-09-30																																																																																																																																																								31895000000.0	8012000000.0	549000000.0	549000000.0	2901000000.0	3787000000.0	23883000000.0	3927000000.0	-5210000000.0	4657000000.0	4657000000.0	13337000000.0		72000000.0	281000000.0	494000000.0		15995000000.0	4661000000.0	2290000000.0			8000000.0	11334000000.0	333000000.0	8013000000.0	8000000.0		8354000000.0	2363000000.0	1118000000.0	15848000000.0		8062000000.0	4000000.0	418400000.0		1.52	1.51	0.01	0.6623	
2019-06-30																																																																																																																																																								32244000000.0	8126000000.0	412000000.0	412000000.0	2853000000.0	3944000000.0	24118000000.0	3510000000.0	-5215000000.0	4766000000.0	4766000000.0	13463000000.0		59000000.0	385000000.0	532000000.0		15883000000.0	4450000000.0	2268000000.0			7000000.0	11433000000.0	311000000.0	8079000000.0	7000000.0		8397000000.0	2175000000.0	1064000000.0	16306000000.0		8300000000.0	4000000.0	423100000.0		1.53	1.51	0.02	1.3245	
2019-03-31																																																																																																																																																								31649000000.0	7744000000.0	303000000.0	303000000.0	2897000000.0	3865000000.0	23905000000.0	3473000000.0	-5129000000.0	4754000000.0	4754000000.0	13318000000.0		32000000.0	143000000.0	536000000.0		15382000000.0	5286000000.0	2274000000.0			783000000.0	10096000000.0	308000000.0	6782000000.0	783000000.0		7873000000.0	2229000000.0	1265000000.0	16233000000.0		8225000000.0	4000000.0	425900000.0		1.26	1.25	0.01	0.8	
2018-12-31																																																																																																																																																								31092000000.0	7590000000.0	283000000.0	283000000.0	2785000000.0	3858000000.0	23502000000.0	3467000000.0	-5105000000.0	4846000000.0	4846000000.0	13328000000.0		22000000.0	157000000.0	507000000.0		14950000000.0	5154000000.0	2130000000.0			753000000.0	9796000000.0		6797000000.0	340000000.0		7521000000.0	2271000000.0	1304000000.0	16107000000.0		8161000000.0	4000000.0	432400000.0		1.46	1.43	0.03	2.0979	
2018-09-30																																																																																																																																																								31628000000.0	7867000000.0	327000000.0	327000000.0	2835000000.0	4027000000.0	23761000000.0	3446000000.0	-5054000000.0	4949000000.0	4949000000.0	13385000000.0		16000000.0	178000000.0	500000000.0		14839000000.0	5267000000.0	2165000000.0			508000000.0	9572000000.0		6799000000.0	427000000.0		7245000000.0	2594000000.0	1160000000.0	16754000000.0	0.0	0.0	20584000000.0	436300000.0		1.43	1.43	0.0	0.0	
2018-06-30																																																																																																																																																								31865000000.0	7913000000.0	256000000.0	256000000.0	2753000000.0	4092000000.0	23952000000.0	2458000000.0	5031000000.0	5050000000.0	5050000000.0	13427000000.0		18000000.0	236000000.0	576000000.0		15140000000.0	5387000000.0	2192000000.0			932000000.0	9753000000.0		6804000000.0	429000000.0		7685000000.0	2263000000.0	1174000000.0	16690000000.0	0.0	0.0	20422000000.0	437300000.0		1.39	1.32	0.07	5.303	
2018-03-31																																																																																																																																																								32668000000.0	8129000000.0	317000000.0	317000000.0	2745000000.0	4005000000.0	24539000000.0	2531000000.0	5123000000.0	5206000000.0	5206000000.0	13698000000.0		21000000.0	510000000.0	552000000.0		15367000000.0	5396000000.0	2203000000.0			1032000000.0	9971000000.0		6882000000.0	849000000.0		7877000000.0	2161000000.0	1225000000.0	17263000000.0	0.0	0.0	20371000000.0	441700000.0		1.1	1.07	0.03	2.8037	
2017-12-31																																																																																																																																																								32600000000.0	8314000000.0	561000000.0	561000000.0	2620000000.0	3943000000.0	24286000000.0	3502000000.0	-5003000000.0	5265000000.0	5265000000.0	13568000000.0		41000000.0	534000000.0	679000000.0		15310000000.0	5075000000.0	2166000000.0			584000000.0	10258000000.0		7167000000.0	578000000.0		7751000000.0	2325000000.0	1226000000.0	17253000000.0	0.0	8669000000.0	4000000.0	443300000.0		1.29	1.24	0.05	4.0323	
2017-09-30																																																																																																																																																								32725000000.0	8449000000.0	791000000.0	791000000.0	2457000000.0	3962000000.0	24276000000.0	2498000000.0	4952000000.0	5354000000.0	5354000000.0	13545000000.0			843000000.0	396000000.0		16089000000.0	5900000000.0	2039000000.0			1499000000.0	10189000000.0		7273000000.0	1494000000.0		8772000000.0	2362000000.0	1328000000.0	16593000000.0	0.0	0.0	20256000000.0	445200000.0		1.25	1.25	0.0	0.0	
2017-06-30																																																																																																																																																								31355000000.0	7487000000.0	312000000.0	312000000.0	2393000000.0	3813000000.0	23868000000.0	2455000000.0	4859000000.0	5410000000.0	5410000000.0	13478000000.0			525000000.0	444000000.0		15761000000.0	6309000000.0	1885000000.0			2341000000.0	9452000000.0		6264000000.0	8615000000.0		8605000000.0	2083000000.0	1578000000.0	15552000000.0	0.0	0.0	19414000000.0	448600000.0		1.15	1.16	-0.01	-0.8621	
2017-03-31																																																																																																																																																								30611000000.0	6975000000.0	222000000.0	222000000.0	2344000000.0	3673000000.0	23636000000.0	2413000000.0	4724000000.0	5441000000.0	5441000000.0	13296000000.0			301000000.0	435000000.0		15412000000.0	5557000000.0	1891000000.0			1536000000.0	9855000000.0		6677000000.0	1536000000.0		8213000000.0	2130000000.0	1553000000.0	15157000000.0	0.0	0.0	19342000000.0	451000000.0		0.96	0.88	0.08	9.0909	
2016-12-31																																																																																																																																																								30419000000.0	6941000000.0	543000000.0	543000000.0	2254000000.0	3560000000.0	23478000000.0	3443000000.0	-4596000000.0	5514000000.0	5514000000.0	13201000000.0		84000000.0	203000000.0	381000000.0		15478000000.0	5485000000.0	1718000000.0			1566000000.0	9993000000.0		6711000000.0	1552000000.0		8277000000.0	2201000000.0	1659000000.0	14897000000.0	0.0	7498000000.0	5000000.0	452400000.0		1.12	1.1	0.02	1.8182	
2016-09-30																																																																																																																																																								31237000000.0	7087000000.0	494000000.0	494000000.0	2328000000.0	3659000000.0	24150000000.0	3506000000.0		5689000000.0	5689000000.0	13434000000.0			213000000.0	393000000.0		15791000000.0	4595000000.0	1790000000.0			551000000.0	11196000000.0		7881000000.0	8450000000.0		8432000000.0	2254000000.0	1532000000.0	15404000000.0	0.0	0.0	19225000000.0	455600000.0		1.15	1.15	0.0	0.0	
2016-06-30																																																																																																																																																								31154000000.0	6826000000.0	323000000.0	323000000.0	2323000000.0	3628000000.0	24328000000.0	3551000000.0		5795000000.0	5795000000.0	13450000000.0			146000000.0	406000000.0		15790000000.0	4816000000.0	1802000000.0			809000000.0	10974000000.0		7605000000.0	8433000000.0		8414000000.0	2205000000.0	1554000000.0	15320000000.0	0.0	0.0	19165000000.0	458300000.0		1.07	1.07	0.0	0.0	
2016-03-31																																																																																																																																																								31583000000.0	7013000000.0	333000000.0	333000000.0	2391000000.0	3581000000.0	24570000000.0	3583000000.0		5947000000.0	5947000000.0	13588000000.0			240000000.0	468000000.0		16020000000.0	5022000000.0	1795000000.0			1073000000.0	10998000000.0		7572000000.0	8654000000.0		8645000000.0	2154000000.0	1587000000.0	15519000000.0	0.0	0.0	19109000000.0	459800000.0		0.88	0.85	0.03	3.5294	
2015-12-31																																																																																																																																																								31031000000.0	6616000000.0	268000000.0	268000000.0	2323000000.0	3479000000.0	24415000000.0	3565000000.0	-4319000000.0	6014000000.0	6014000000.0	13479000000.0		96000000.0	177000000.0	369000000.0		15800000000.0	4625000000.0	1758000000.0			668000000.0	11140000000.0		7781000000.0	242000000.0		8449000000.0	2199000000.0	1586000000.0	15186000000.0	0.0	7346000000.0	5000000.0	462700000.0		1.17	1.1	0.07	6.3636	
2015-09-30																																																																																																																																																								32201000000.0	7579000000.0	418000000.0	418000000.0	2395000000.0	3656000000.0	24622000000.0	3590000000.0		6139000000.0	6139000000.0	13540000000.0			150000000.0	960000000.0		16788000000.0	5100000000.0	1997000000.0			842000000.0	11688000000.0		7830000000.0			8672000000.0	2261000000.0	1539000000.0	15366000000.0	0.0	0.0	18981000000.0	466400000.0		0.97	0.98	-0.01	-1.0204	
2015-06-30																																																																																																																																																								32579000000.0	7644000000.0	303000000.0	303000000.0	2439000000.0	3840000000.0	24935000000.0	3680000000.0		6282000000.0	6282000000.0	13698000000.0			127000000.0	935000000.0		16776000000.0	5056000000.0	1931000000.0			981000000.0	11720000000.0		7770000000.0			8751000000.0	2144000000.0	1552000000.0	15753000000.0	0.0	0.0	19056000000.0	469200000.0		1.16	1.13	0.03	2.6549	
2015-03-31																																																																																																																																																								32696000000.0	7940000000.0	663000000.0	663000000.0	2424000000.0	3733000000.0	24756000000.0	3634000000.0		6317000000.0	6317000000.0	13548000000.0			139000000.0	981000000.0		17432000000.0	5666000000.0	1969000000.0			1511000000.0	11766000000.0		7829000000.0			9340000000.0	2186000000.0	1530000000.0	15210000000.0	0.0	0.0	18743000000.0	470000000.0		1.01	0.98	0.03	3.0612	
2014-12-31																																																																																																																																																								33529000000.0	8100000000.0	781000000.0	781000000.0	2428000000.0	3667000000.0	25429000000.0	2343000000.0	4214000000.0	6556000000.0	6556000000.0	13893000000.0		84000000.0	245000000.0	979000000.0		17690000000.0	5355000000.0	1940000000.0			1010000000.0	12335000000.0		8024000000.0	1008000000.0		9034000000.0	2405000000.0	1812000000.0	15786000000.0	0.0	7078000000.0	5000000.0	472500000.0		1.27	1.2	0.07	5.8333	
2014-09-30																																																																																																																																																								34239000000.0	8431000000.0	655000000.0	655000000.0	2498000000.0	3972000000.0	25808000000.0	3702000000.0		6739000000.0	6739000000.0	14088000000.0			335000000.0	971000000.0		17594000000.0	4986000000.0	2038000000.0			413000000.0	12608000000.0		8587000000.0			9000000000.0	2535000000.0	1170000000.0	16587000000.0	0.0	0.0	18628000000.0	477200000.0		1.29	1.23	0.06	4.878	
2014-06-30																																																																																																																																																								35258000000.0	8838000000.0	631000000.0	631000000.0	2534000000.0	4010000000.0	26420000000.0	3793000000.0		6976000000.0	6976000000.0	14377000000.0			634000000.0	1029000000.0		18216000000.0	5543000000.0	2044000000.0			418000000.0	12673000000.0		8615000000.0			9033000000.0	3081000000.0	1222000000.0	16982000000.0	0.0	0.0	18456000000.0	478500000.0		1.11	1.11	0.0	0.0	
2014-03-31																																																																																																																																																								35262000000.0	8683000000.0	784000000.0	784000000.0	2532000000.0	3889000000.0	26579000000.0	3806000000.0		7078000000.0	7078000000.0	14450000000.0			360000000.0	1118000000.0		18151000000.0	4805000000.0	2076000000.0			324000000.0	13346000000.0		8991000000.0			9315000000.0	2405000000.0	1228000000.0	17037000000.0	0.0	0.0	18594000000.0	478800000.0		1.01	1.0	0.01	1.0	
2013-12-31																																																																																																																																																								35491000000.0	8731000000.0	915000000.0	915000000.0	2382000000.0	3648000000.0	26760000000.0	2461000000.0	4132000000.0	7186000000.0	7186000000.0	14495000000.0			794000000.0	992000000.0		18628000000.0	4914000000.0	1960000000.0			580000000.0	13714000000.0		8969000000.0	9626000000.0		9549000000.0	2374000000.0	1465000000.0	16791000000.0	0.0	6866000000.0	5000000.0	478200000.0		1.08	1.06	0.02	1.8868	
2013-09-30																																																																																																																																																								35312000000.0	8766000000.0	642000000.0	642000000.0	2403000000.0	3950000000.0	26546000000.0	3757000000.0		7231000000.0	7231000000.0	14276000000.0			698000000.0	1073000000.0		19195000000.0	5054000000.0	1976000000.0			664000000.0	14141000000.0		9029000000.0			9693000000.0	2414000000.0	1801000000.0	16071000000.0	0.0	0.0	18019000000.0	477200000.0		1.12	1.12	0.0	0.0	
2013-06-30																																																																																																																																																								35257000000.0	8229000000.0	628000000.0	628000000.0	2405000000.0	3820000000.0	27028000000.0	3749000000.0		7186000000.0	7186000000.0	14049000000.0			368000000.0	1008000000.0		19826000000.0	4981000000.0	2045000000.0			690000000.0	14845000000.0		9069000000.0			9759000000.0	2246000000.0	3475000000.0	15388000000.0	0.0	0.0	17658000000.0	476300000.0		1.09	1.11	-0.02	-1.8018	
2013-03-31																																																																																																																																																								34977000000.0	8196000000.0	639000000.0	639000000.0	2394000000.0	3685000000.0	26781000000.0	3841000000.0		6664000000.0	6664000000.0	14275000000.0			397000000.0	1081000000.0		19767000000.0	4903000000.0	1978000000.0			653000000.0	14864000000.0		9473000000.0			10126000000.0	2272000000.0	3384000000.0	15167000000.0	0.0	0.0	17317000000.0	475100000.0		0.84	0.79	0.05	6.3291	
2012-12-31																																																																																																																																																								36284000000.0	7824000000.0	577000000.0	577000000.0	2339000000.0	3474000000.0	28460000000.0	3877000000.0	-3831000000.0	7468000000.0	7468000000.0	14211000000.0			527000000.0	986000000.0		21129000000.0	5515000000.0	1879000000.0			1071000000.0	15117000000.0		9762000000.0			10833000000.0	2565000000.0	3503000000.0	15113000000.0	0.0	5805000000.0	5000000.0	384400000.0		0.82	0.95	-0.13	-13.6842	
2012-09-30																																																																																																																																																								18800000000.0	6195000000.0	425000000.0	425000000.0	1801000000.0	2645000000.0	12605000000.0	2794000000.0		2253000000.0	2253000000.0	5838000000.0			620000000.0	704000000.0		10558000000.0	3708000000.0	1441000000.0			415000000.0	6850000000.0		3690000000.0			4105000000.0	1852000000.0		8220000000.0	0.0	-7757.0	4753076.0	339800000.0		1.07	1.11	-0.04	-3.6036	
2012-06-30																																																																																																																																																								18554000000.0	6366000000.0	525000000.0	525000000.0	1756000000.0	2683000000.0	12188000000.0	2675000000.0		2218000000.0	2218000000.0	5649000000.0			652000000.0	750000000.0		10596000000.0	3830000000.0	1556000000.0			695000000.0	6766000000.0		3678000000.0			4373000000.0	1579000000.0		7937000000.0				339500000.0		1.15	1.09	0.06	5.5046	
2012-03-31																																																																																																																																																								17993000000.0	5882000000.0	367000000.0	367000000.0	1779000000.0	2588000000.0	12111000000.0	2660000000.0		2192000000.0	2192000000.0	5605000000.0			444000000.0	704000000.0		10039000000.0	3565000000.0	1530000000.0			405000000.0	6474000000.0		3345000000.0			3750000000.0	1630000000.0		7933000000.0				339800000.0		0.92	0.9	0.02	2.2222	
2011-12-31																																																																																																																																																								17873000000.0	5826000000.0	385000000.0	385000000.0	1701000000.0	2444000000.0	12047000000.0	2602000000.0		2192000000.0	2192000000.0	5537000000.0			699000000.0	597000000.0		10381000000.0	3637000000.0	1491000000.0			407000000.0	6744000000.0		3366000000.0			3773000000.0	1739000000.0		7469000000.0		5097000000.0	167000000.0	338100000.0		1.08	1.11	-0.03	-2.7027	
2011-09-30																																																																																																																																																								17627000000.0	5733000000.0	278000000.0	278000000.0	1769000000.0	2549000000.0	11894000000.0	2537000000.0		2253000000.0	2253000000.0	5571000000.0			536000000.0	601000000.0		9881000000.0	3780000000.0	1527000000.0			407000000.0	6101000000.0		3368000000.0			3775000000.0	1846000000.0		7723000000.0				341900000.0		1.08	1.08	0.0	0.0	
2011-06-30																																																																																																																																																								18121000000.0	5917000000.0	282000000.0	282000000.0	1766000000.0	2625000000.0	12204000000.0	2589000000.0		2360000000.0	2360000000.0	5723000000.0			601000000.0	643000000.0		9934000000.0	3403000000.0	1534000000.0			117000000.0	6531000000.0		3650000000.0			3767000000.0	1752000000.0		8152000000.0				345700000.0		0.97	0.95	0.02	2.1053	
2011-03-31																																																																																																																																																								17337000000.0	5470000000.0	201000000.0	201000000.0	1667000000.0	2466000000.0	11867000000.0	2523000000.0		2304000000.0	2304000000.0	5569000000.0			496000000.0	640000000.0		9513000000.0	3201000000.0	1456000000.0			97000000.0	6312000000.0		3354000000.0			3451000000.0	1648000000.0		7783000000.0				345700000.0		0.84	0.8	0.04	5.0	
2010-12-31																																																																																																																																																								17252000000.0	5506000000.0	333000000.0	333000000.0	1564000000.0	2239000000.0	11746000000.0	2477000000.0		2272000000.0	2272000000.0	5454000000.0			838000000.0	532000000.0		9849000000.0	3233000000.0	1408000000.0			76000000.0	6616000000.0		3382000000.0			3458000000.0	1749000000.0		7362000000.0		4447000000.0	170000000.0	335200000.0		0.85	0.83	0.02	2.4096	
2010-09-30																																																																																																																																																								17015000000.0	5353000000.0	395000000.0	395000000.0	1533000000.0	2332000000.0	11662000000.0	2381000000.0		2360000000.0	2360000000.0	5440000000.0			493000000.0	600000000.0		9766000000.0	3313000000.0	1353000000.0			98000000.0	6453000000.0		3406000000.0			3504000000.0	72000000.0		7207000000.0				340600000.0		0.8	0.69	0.11	15.942	
2010-06-30																																																																																																																																																								15927000000.0	4862000000.0	249000000.0	249000000.0	1386000000.0	2126000000.0	11065000000.0	2270000000.0		2203000000.0	2203000000.0	5125000000.0			538000000.0	563000000.0		9317000000.0	2998000000.0	1229000000.0			98000000.0	6319000000.0		3378000000.0			3476000000.0	1671000000.0		6570000000.0				340400000.0		0.68	0.58	0.1	17.2414	
2010-03-31																																																																																																																																																								15847000000.0	4480000000.0	151000000.0	151000000.0	1374000000.0	2052000000.0	11367000000.0	2349000000.0		2333000000.0	2333000000.0	5304000000.0			338000000.0	565000000.0		9125000000.0	2770000000.0	1135000000.0			95000000.0	6355000000.0		3347000000.0			3442000000.0	1540000000.0		6683000000.0				339200000.0		0.48	0.42	0.06	14.2857	
2009-12-31																																																																																																																																																								16282000000.0	4524000000.0	340000000.0	340000000.0	1326000000.0	1899000000.0	11758000000.0	2445000000.0		2441000000.0	2441000000.0	5435000000.0			433000000.0	526000000.0		9464000000.0	2689000000.0	1057000000.0			118000000.0	6775000000.0		3349000000.0			3467000000.0	1514000000.0		6777000000.0		3966000000.0	83000000.0	334000000.0		0.68	0.62	0.06	9.6774	
2009-09-30																																																																																																																																																								16495000000.0	4588000000.0	192000000.0	192000000.0	1359000000.0	2047000000.0	11907000000.0	2528000000.0		2492000000.0	2492000000.0	5482000000.0			473000000.0	517000000.0		9488000000.0	3013000000.0	1033000000.0			392000000.0	6475000000.0		3391000000.0			3783000000.0	1588000000.0		6961000000.0				338400000.0		0.61	0.46	0.15	32.6087	
2009-06-30																																																																																																																																																								16191000000.0	4477000000.0	148000000.0	148000000.0	1373000000.0	2015000000.0	11714000000.0	2542000000.0		2481000000.0	2481000000.0	5376000000.0			433000000.0	508000000.0		9500000000.0	3059000000.0	923000000.0			643000000.0	6441000000.0		3399000000.0			4042000000.0	1493000000.0		6647000000.0				335200000.0		0.12	0.08	0.04	50.0	
2009-03-31																																																																																																																																																								16001000000.0	4427000000.0	145000000.0	145000000.0	1490000000.0	2016000000.0	11574000000.0	2525000000.0		2426000000.0	2426000000.0	5213000000.0			289000000.0	487000000.0		9894000000.0	2930000000.0	969000000.0			480000000.0	6964000000.0		3707000000.0			4187000000.0	1481000000.0		6065000000.0				332200000.0		-0.11	-0.13	0.02	15.3846	
2008-12-31																																																																																																																																																								16655000000.0	4795000000.0	188000000.0	188000000.0	1554000000.0	2295000000.0	11860000000.0	2639000000.0		2518000000.0	2518000000.0	5232000000.0			342000000.0	416000000.0		10338000000.0	3745000000.0	1121000000.0			1081000000.0	6545000000.0		3190000000.0			4271000000.0	1543000000.0		6317000000.0		3917000000.0	82000000.0	332400000.0		0.54	0.52	0.02	3.8462	
2008-09-30																																																																																																																																																								16967000000.0	5587000000.0	181000000.0	181000000.0	1795000000.0	2845000000.0	11380000000.0	2585000000.0		1929000000.0	1929000000.0	5870000000.0			282000000.0	484000000.0		9988000000.0	4502000000.0	1424000000.0			1441000000.0	5486000000.0		2921000000.0			4362000000.0	1637000000.0		6979000000.0				336800000.0		0.98	0.95	0.03	3.1579	
2008-06-30																																																																																																																																																								17923000000.0	6063000000.0	219000000.0	219000000.0	1844000000.0	3029000000.0	11860000000.0	2699000000.0		2047000000.0	2047000000.0	6181000000.0			499000000.0	472000000.0		10529000000.0	4675000000.0	1468000000.0			1489000000.0	5854000000.0		3155000000.0			4644000000.0	1718000000.0		7394000000.0				327200000.0		1.05	0.97	0.08	8.2474	
2008-03-31																																																																																																																																																								14646000000.0	5249000000.0	157000000.0	157000000.0	1634000000.0	2561000000.0	9397000000.0	2473000000.0		1662000000.0	1662000000.0	4427000000.0			426000000.0	471000000.0		9146000000.0	4262000000.0	1319000000.0			1461000000.0	4884000000.0		2704000000.0			4165000000.0	1482000000.0		5500000000.0				301000000.0		0.84	0.83	0.01	1.2048	
2007-12-31																																																																																																																																																								13430000000.0	4767000000.0	142000000.0	142000000.0	1483000000.0	2208000000.0	8663000000.0	2333000000.0		1557000000.0	1557000000.0	3982000000.0			504000000.0	430000000.0		8258000000.0	3659000000.0	1170000000.0			985000000.0	4599000000.0		2432000000.0			3417000000.0	1504000000.0		5172000000.0		3257000000.0	73000000.0	294000000.0		0.88	0.86	0.02	2.3256	
2007-09-30																																																																																																																																																								12739000000.0	4826000000.0	171000000.0	171000000.0	1399000000.0	2220000000.0	7913000000.0	2252000000.0		1391000000.0	1391000000.0	3486000000.0			568000000.0	468000000.0		7996000000.0	3153000000.0	1126000000.0			553000000.0	4843000000.0		2547000000.0			3100000000.0	1474000000.0		4743000000.0				300800000.0		0.84	0.84	0.0	0.0	
2007-06-30																																																																																																																																																								12419000000.0	4535000000.0	112000000.0	112000000.0	1382000000.0	2208000000.0	7884000000.0	2270000000.0		1386000000.0	1386000000.0	3478000000.0			382000000.0	451000000.0		7972000000.0	3169000000.0	1081000000.0			759000000.0	4803000000.0		2518000000.0			3277000000.0	1329000000.0		4447000000.0				300600000.0		0.83	0.74	0.09	12.1622	
2007-03-31																																																																																																																																																								12240000000.0	4405000000.0	106000000.0	106000000.0	1389000000.0	2139000000.0	7835000000.0	2275000000.0		1385000000.0	1385000000.0	3425000000.0			313000000.0	458000000.0		7962000000.0	3135000000.0	1060000000.0			737000000.0	4827000000.0		2553000000.0			3290000000.0	1338000000.0		4278000000.0				300000000.0		0.81	0.71	0.1	14.0845	
2006-12-31																																																																																																																																																								11417000000.0	4408000000.0	114000000.0	114000000.0	1293000000.0	1928000000.0	7009000000.0	2271000000.0		969000000.0	969000000.0	3034000000.0			671000000.0	402000000.0		7311000000.0	3290000000.0	1050000000.0			812000000.0	4021000000.0		1774000000.0			2586000000.0	1428000000.0		4106000000.0		2796000000.0	73000000.0	301000000.0		0.83	0.79	0.04	5.0633	
2006-09-30																																																																																																																																																								11254000000.0	4401000000.0	129000000.0	129000000.0	1239000000.0	2025000000.0	6853000000.0	2202000000.0		833000000.0	833000000.0	3156000000.0			572000000.0	436000000.0		6866000000.0	3405000000.0	1022000000.0			704000000.0	3461000000.0		1770000000.0			2474000000.0	1679000000.0		4388000000.0				306000000.0		0.83	0.8	0.03	3.75	
2006-06-30																																																																																																																																																								10885000000.0	4119000000.0	125000000.0	125000000.0	1186000000.0	2035000000.0	6766000000.0	2220000000.0		764000000.0	764000000.0	3152000000.0			354000000.0	419000000.0		6636000000.0	3479000000.0	1012000000.0			908000000.0	3157000000.0		1514000000.0			2422000000.0	1559000000.0		4249000000.0				308600000.0		0.84	0.82	0.02	2.439	
2006-03-31																																																																																																																																																								10691000000.0	3965000000.0	108000000.0	108000000.0	1157000000.0	1971000000.0	6726000000.0	2204000000.0		772000000.0	772000000.0	3124000000.0			334000000.0	395000000.0		6644000000.0	3511000000.0	878000000.0			1074000000.0	3133000000.0		1561000000.0			2635000000.0	1559000000.0		4047000000.0				306200000.0		0.7	0.67	0.03	4.4776	
2005-12-31																																																																																																																																																								10218000000.0	3578000000.0	110000000.0	110000000.0	1099000000.0	1785000000.0	6640000000.0	2175000000.0		626000000.0	626000000.0	3139000000.0			226000000.0	358000000.0		6440000000.0	2968000000.0	810000000.0			634000000.0	3472000000.0		1830000000.0			2464000000.0	1524000000.0		3778000000.0		2376000000.0	74000000.0	298200000.0		0.72	0.68	0.04	5.8824	
2005-09-30																																																																																																																																																																																													0.67	0.67	0.0	0.0	
2005-06-30																																																																																																																																																																																													0.7	0.66	0.04	6.0606	
2005-03-31																																																																																																																																																																																													0.62	0.62	0.0	0.0	
2004-12-31																																																																																																																																																																																													0.57	0.56	0.01	1.7857	
2004-09-30																																																																																																																																																																																													0.56	0.56	0.0	0.0	
2004-06-30																																																																																																																																																																																													0.53	0.51	0.02	3.9216	
2004-03-31																																																																																																																																																																																													0.44	0.4	0.04	10.0	
2003-12-31																																																																																																																																																																																													0.39	0.34	0.05	14.7059	
2003-09-30																																																																																																																																																																																													0.36	0.33	0.03	9.0909	
2003-06-30																																																																																																																																																																																													0.34	0.33	0.01	3.0303	
2003-03-31																																																																																																																																																																																													0.27	0.24	0.03	12.5	
2002-12-31																																																																																																																																																																																													0.25	0.23	0.02	8.6957	
2002-09-30																																																																																																																																																																																													0.32	0.31	0.01	3.2258	
2002-06-30																																																																																																																																																																																													0.31	0.3	0.01	3.3333	
2002-03-31																																																																																																																																																																																													0.23	0.21	0.02	9.5238	
2001-12-31																																																																																																																																																																																													0.16	0.15	0.01	6.6667	
2001-09-30																																																																																																																																																																																													0.17	0.16	0.01	6.25	
2001-06-30																																																																																																																																																																																													0.24	0.22	0.02	9.0909	
2001-03-31																																																																																																																																																																																													0.26	0.24	0.02	8.3333	
2000-12-31																																																																																																																																																																																													0.35	0.36	-0.01	-2.7778	
2000-09-30																																																																																																																																																																																													0.35	0.33	0.02	6.0606	
2000-06-30																																																																																																																																																																																													0.49	0.48	0.01	2.0833	
2000-03-31																																																																																																																																																																																													0.44	0.42	0.02	4.7619	
1999-12-31																																																																																																																																																																																													0.4	0.39	0.01	2.5641	
1999-09-30																																																																																																																																																																																													0.36	0.38	-0.02	-5.2632	
1999-06-30																																																																																																																																																																																													0.43	0.39	0.04	10.2564	
1999-03-31																																																																																																																																																																																													0.3	0.32	-0.02	-6.25	
1998-12-31																																																																																																																																																																																													0.29	0.29	0.0	0.0	
1998-09-30																																																																																																																																																																																													0.3	0.3	0.0	0.0	
1998-06-30																																																																																																																																																																																													0.4	0.4	0.0	0.0	
1998-03-31																																																																																																																																																																																													0.36	0.38	-0.02	-5.2632	
1997-12-31																																																																																																																																																																																													0.59	0.42	0.17	40.4762	
1997-09-30																																																																																																																																																																																													0.45	0.35	0.1	28.5714	
1997-06-30																																																																																																																																																																																													0.41	0.36	0.05	13.8889	
1997-03-31																																																																																																																																																																																													0.33	0.3	0.03	10.0	
1996-12-31																																																																																																																																																																																													0.29	0.24	0.05	20.8333	
1996-09-30																																																																																																																																																																																													0.28	0.28	0.0	0.0	
1996-06-30																																																																																																																																																																																													0.33	0.32	0.01	3.125	
1996-03-31																																																																																																																																																																																													0.32	0.32	0.0	0.0	
