Date	Open	High	Low	Close	Volume
2018-01-02	122.63	125.27	121.7	125.08	2483700
2018-01-03	125.71	128.06	125.0	127.94	2365500
2018-01-04	128.58	129.83	125.03	125.64	2696400
2018-01-05	126.96	126.96	125.27	126.34	2098500
2018-01-08	126.24	130.88	125.74	130.62	2977500
2018-01-09	131.24	134.71	131.0	132.53	4203300
2018-01-10	141.17	142.33	136.15	141.25	6130800
2018-01-11	140.67	141.32	138.74	140.46	3824400
2018-01-12	139.71	140.64	138.59	139.68	2797200
2018-01-16	140.67	142.23	139.0	140.02	3021900
2018-01-17	141.2	144.08	140.84	143.7	2689500
2018-01-18	143.79	144.97	142.14	144.02	2374200
2018-01-19	144.65	145.52	142.83	144.41	2254500
2018-01-22	145.0	145.0	142.5	144.65	2476800
2018-01-23	144.58	147.17	143.94	146.52	1699200
2018-01-24	147.25	147.4	144.09	145.83	3024600
2018-01-25	147.27	150.67	146.67	149.94	3937200
2018-01-26	145.96	146.75	139.0	146.75	5459700
2018-01-29	147.26	148.63	144.34	145.45	2629800
2018-01-30	144.4	144.65	141.2	142.61	3218700
2018-01-31	143.33	145.44	142.44	143.89	2477700
2018-02-01	144.2	144.38	141.12	141.97	2119500
2018-02-02	141.0	142.07	138.76	138.99	2818800
2018-02-05	138.56	139.0	133.0	133.0	3765900
2018-02-06	130.23	137.52	128.5	136.11	4715700
2018-02-07	135.71	136.96	132.11	133.18	2311800
2018-02-08	133.49	133.55	127.2	127.29	3880200
2018-02-09	128.98	132.28	126.67	130.97	3903600
2018-02-12	131.83	133.96	130.54	132.84	2535600
2018-02-13	132.22	134.3	131.33	134.0	1436100
2018-02-14	132.5	137.07	132.5	136.63	1522800
2018-02-15	137.67	139.6	136.67	139.52	1564200
2018-02-16	139.52	140.38	138.15	138.66	1649100
2018-02-20	138.5	142.46	138.49	140.59	2682600
2018-02-21	140.43	142.27	138.77	138.85	1777200
2018-02-22	139.91	141.98	139.46	139.93	1733400
2018-02-23	140.44	142.58	139.66	142.5	1416900
2018-02-26	143.33	144.31	142.02	144.0	1380600
2018-02-27	144.33	145.13	143.14	143.66	1949400
2018-02-28	143.82	145.4	142.07	142.15	1839600
2018-03-01	142.81	142.95	136.63	137.38	2775000
2018-03-02	136.52	139.45	135.39	139.13	1638000
2018-03-05	137.74	142.04	137.45	141.42	1737900
2018-03-06	142.0	144.04	141.15	142.17	1753800
2018-03-07	140.9	144.05	140.46	143.49	2318400
2018-03-08	143.63	144.44	142.99	144.12	1331400
2018-03-09	144.67	148.32	144.67	146.82	2355300
2018-03-12	146.84	148.37	146.01	146.32	2233800
2018-03-13	147.21	148.23	145.99	146.74	1696800
2018-03-14	147.46	148.3	146.37	146.92	1882800
2018-03-15	146.67	148.05	145.68	147.32	1455000
2018-03-16	147.79	148.17	144.6	145.29	2881200
2018-03-19	144.43	145.37	140.53	142.29	1916700
2018-03-20	142.91	144.38	142.35	143.4	1804500
2018-03-21	143.47	143.9	140.84	141.66	1477800
2018-03-22	140.32	141.38	137.87	137.97	2003700
2018-03-23	138.17	138.99	132.94	133.05	3037800
2018-03-26	135.93	138.49	134.58	138.37	3415800
2018-03-27	138.77	139.61	134.03	135.07	1969800
2018-03-28	135.46	136.21	132.4	134.13	2185500
2018-03-29	134.56	140.64	133.78	137.61	2880600
2018-04-02	137.42	138.29	131.46	133.63	2268000
2018-04-03	134.25	135.25	132.2	134.49	1864800
2018-04-04	132.67	134.74	131.19	133.97	4882800
2018-04-05	135.46	136.7	134.49	135.37	3012300
2018-04-06	134.51	135.6	131.33	132.18	1882800
2018-04-09	133.63	137.82	133.35	135.22	1629000
2018-04-10	137.2	140.44	136.67	139.57	2274300
2018-04-11	138.28	138.98	136.92	137.37	1485600
2018-04-12	138.02	139.47	137.62	138.35	2274600
2018-04-13	139.33	140.22	137.27	138.21	1410300
2018-04-16	139.9	140.97	139.23	139.46	1819800
2018-04-17	141.14	145.57	140.0	145.15	4033800
2018-04-18	151.25	157.93	149.64	157.01	10423500
2018-04-19	155.67	156.0	152.73	154.24	5144400
2018-04-20	153.29	153.4	151.2	152.09	3961500
2018-04-23	152.33	153.0	148.67	149.28	2758200
2018-04-24	149.61	150.49	143.33	145.49	3404100
2018-04-25	145.33	146.6	143.01	145.99	2306400
2018-04-26	146.55	149.51	145.7	148.73	2194500
2018-04-27	149.95	150.47	147.65	149.01	1638600
2018-04-30	149.54	150.22	146.9	146.93	1999200
2018-05-01	146.67	149.35	146.67	149.18	1821300
2018-05-02	149.08	151.14	148.42	149.67	2430600
2018-05-03	148.67	150.28	146.02	149.41	2436900
2018-05-04	149.02	153.77	147.67	153.47	2254200
2018-05-07	153.67	156.13	153.53	155.13	2157900
2018-05-08	154.33	154.68	153.18	154.2	2430300
2018-05-09	154.6	155.29	153.08	154.09	2058300
2018-05-10	154.67	156.21	154.24	156.13	1527600
2018-05-11	156.03	157.59	154.75	156.12	1846200
2018-05-14	156.52	157.25	154.66	155.4	2024700
2018-05-15	153.87	154.64	151.04	152.28	2348700
2018-05-16	152.66	155.14	151.56	153.68	1541700
2018-05-17	153.68	154.26	151.92	152.64	1963800
2018-05-18	152.93	153.19	151.26	152.93	1797300
2018-05-21	154.03	155.8	153.22	154.46	1659000
2018-05-22	154.67	154.95	151.26	151.54	2137200
2018-05-23	150.0	153.07	150.0	152.9	1639500
2018-05-24	153.07	153.75	151.42	152.6	1416000
2018-05-25	153.12	153.69	150.92	152.19	1955100
2018-05-29	151.1	151.7	149.88	151.54	2613600
2018-05-30	152.07	155.19	151.73	153.22	3243000
2018-05-31	153.33	155.48	152.85	153.22	6140700
2018-06-01	153.94	160.0	153.14	159.75	3658800
2018-06-04	160.0	161.37	157.53	159.31	3034800
2018-06-05	159.33	164.47	158.73	164.12	5277600
2018-06-06	164.33	164.69	161.46	164.46	2919900
2018-06-07	164.33	164.33	158.74	161.78	2641800
2018-06-08	161.67	162.8	160.14	161.53	1834200
2018-06-11	161.53	164.78	161.3	163.57	2343600
2018-06-12	163.9	165.41	162.88	164.97	2133000
2018-06-13	165.0	165.64	162.5	163.49	2299500
2018-06-14	164.12	165.54	164.12	165.17	3176700
2018-06-15	164.83	165.33	163.21	163.5	3290700
2018-06-18	162.91	164.0	161.78	163.56	2050200
2018-06-19	162.29	162.94	161.05	162.87	1833600
2018-06-20	163.67	164.67	162.16	162.48	1200300
2018-06-21	162.92	163.84	161.0	162.36	1697100
2018-06-22	162.91	163.2	160.72	161.07	1710000
2018-06-25	160.12	160.89	155.99	157.83	2653500
2018-06-26	157.86	161.96	157.86	160.93	1857600
2018-06-27	162.67	163.66	158.7	158.8	1881000
2018-06-28	158.8	161.78	157.39	161.24	1469700
2018-06-29	161.34	161.84	159.42	159.49	1919400
2018-07-02	158.83	162.85	157.27	162.7	1852800
2018-07-03	163.45	163.45	160.66	161.86	1149300
2018-07-05	163.07	163.91	161.31	162.46	2150100
2018-07-06	162.99	166.02	162.12	165.15	1802100
2018-07-09	166.24	167.22	164.15	166.47	2254200
2018-07-10	166.67	167.62	165.12	167.37	2694600
2018-07-11	167.16	168.97	166.76	168.07	2645100
2018-07-12	168.93	175.04	168.93	175.0	4358100
2018-07-13	174.51	177.43	174.13	174.78	3223200
2018-07-16	174.78	174.78	170.81	172.69	2396100
2018-07-17	172.16	174.95	171.67	174.59	2376000
2018-07-18	175.0	176.15	172.95	175.97	1896000
2018-07-19	174.99	175.96	173.43	173.76	3066900
2018-07-20	178.72	179.66	172.12	172.26	6758700
2018-07-23	172.26	173.51	171.1	173.29	2859600
2018-07-24	173.88	175.88	172.57	174.41	2788800
2018-07-25	174.93	179.77	174.93	179.32	2596500
2018-07-26	179.0	179.02	172.67	175.65	2316600
2018-07-27	176.67	176.68	170.49	173.07	2218500
2018-07-30	172.9	172.9	166.22	167.67	2997000
2018-07-31	168.23	170.67	167.2	169.4	2007600
2018-08-01	170.14	172.76	169.97	172.1	2218200
2018-08-02	170.37	175.0	170.0	173.97	1716000
2018-08-03	174.62	174.72	171.9	174.2	1593300
2018-08-06	174.13	174.61	172.58	173.6	1350600
2018-08-07	173.33	174.33	171.73	172.63	1381200
2018-08-08	172.93	173.9	172.21	173.09	1055700
2018-08-09	173.52	176.25	173.52	174.23	1107600
2018-08-10	173.72	175.95	172.99	173.67	1158300
2018-08-13	174.2	176.58	173.41	173.45	1249200
2018-08-14	174.08	176.77	174.08	176.33	1570200
2018-08-15	175.0	176.56	172.72	174.26	1569600
2018-08-16	175.41	176.02	173.59	174.63	1153800
2018-08-17	174.33	175.78	172.06	174.97	1654800
2018-08-20	175.68	176.17	172.94	175.12	1151700
2018-08-21	175.33	178.28	175.33	176.35	1333500
2018-08-22	176.33	178.49	175.86	178.33	1044000
2018-08-23	178.5	180.63	178.15	179.07	1282500
2018-08-24	179.67	180.71	179.38	180.51	1200600
2018-08-27	181.22	181.87	180.33	181.74	1170600
2018-08-28	182.08	183.4	180.25	181.64	1098300
2018-08-29	182.2	185.1	182.0	184.67	1226100
2018-08-30	183.97	186.15	183.0	185.06	1815900
2018-08-31	184.95	186.8	184.5	186.67	2070300
2018-09-04	186.33	186.83	184.12	185.34	1721100
2018-09-05	185.59	185.7	177.99	178.91	2715000
2018-09-06	179.55	182.75	178.1	180.62	1958100
2018-09-07	180.47	181.77	178.97	179.32	1367100
2018-09-10	180.11	181.75	179.67	180.63	1212600
2018-09-11	180.65	183.56	180.46	182.13	1193400
2018-09-12	183.14	183.59	180.3	183.19	1030800
2018-09-13	184.45	186.32	182.91	186.27	1361100
2018-09-14	186.67	190.99	186.57	189.45	2554800
2018-09-17	188.98	188.98	185.11	186.22	1638900
2018-09-18	186.2	189.17	186.17	188.27	1469400
2018-09-19	187.22	187.52	184.21	185.49	1515900
2018-09-20	186.55	187.32	185.61	187.06	1353900
2018-09-21	187.42	188.29	185.49	185.59	3215400
2018-09-24	185.45	189.9	184.36	189.76	1241700
2018-09-25	189.76	191.8	188.76	191.4	1557000
2018-09-26	191.33	191.76	188.49	189.85	1746600
2018-09-27	190.0	190.74	189.33	189.9	1611900
2018-09-28	190.0	191.48	189.73	191.33	2063400
2018-10-01	191.72	193.71	190.66	191.58	2231700
2018-10-02	191.47	191.88	188.43	190.49	2352900
2018-10-03	190.96	191.38	187.02	187.16	1516500
2018-10-04	187.16	187.4	183.67	184.81	2307600
2018-10-05	184.68	186.56	180.11	182.9	2384100
2018-10-08	182.14	182.67	171.05	175.49	4074300
2018-10-09	175.89	179.33	174.57	177.07	3027900
2018-10-10	178.33	179.17	170.43	170.74	3671100
2018-10-11	169.83	173.42	166.67	169.41	3923100
2018-10-12	174.0	179.15	173.73	177.34	3099300
2018-10-15	176.36	176.36	172.48	173.1	2217900
2018-10-16	175.17	181.46	175.17	180.97	2184000
2018-10-17	181.34	182.7	179.47	180.97	2388300
2018-10-18	181.58	181.96	173.34	174.1	4508100
2018-10-19	179.62	179.99	167.46	168.09	6433800
2018-10-22	168.22	171.19	167.4	170.47	2618100
2018-10-23	166.31	169.68	161.82	168.98	4132200
2018-10-24	168.58	169.9	160.72	161.04	2889600
2018-10-25	163.1	166.1	160.92	164.31	3432000
2018-10-26	160.67	164.68	158.48	162.3	3407100
2018-10-29	165.13	166.0	155.69	159.29	2713800
2018-10-30	159.01	163.9	157.49	163.61	3394500
2018-10-31	171.29	175.44	169.33	173.73	4845600
2018-11-01	174.28	174.5	168.22	172.87	3097500
2018-11-02	173.33	176.33	170.2	172.07	1976100
2018-11-05	172.27	173.33	167.63	169.13	2377500
2018-11-06	168.88	173.5	168.67	173.23	2297400
2018-11-07	174.46	182.02	174.43	181.89	3885900
2018-11-08	180.78	181.66	178.77	180.01	1607400
2018-11-09	178.22	178.55	175.0	177.52	1909800
2018-11-12	177.1	177.66	167.84	168.0	2505900
2018-11-13	168.83	172.33	166.68	167.81	1783800
2018-11-14	169.33	170.01	164.43	166.21	1822500
2018-11-15	165.7	171.47	161.83	171.21	2317500
2018-11-16	169.35	174.68	169.04	172.85	2391000
2018-11-19	172.49	173.15	160.01	160.89	3343800
2018-11-20	156.67	164.29	154.0	161.75	3134100
2018-11-21	164.08	166.29	161.84	163.87	1796700
2018-11-23	162.74	164.47	162.55	163.19	739800
2018-11-26	165.31	167.95	163.0	167.76	1921500
2018-11-27	166.09	166.69	164.35	165.62	1743000
2018-11-28	166.47	174.09	166.35	173.97	2871000
2018-11-29	171.96	173.97	170.3	173.66	1615800
2018-11-30	173.66	178.0	172.46	176.96	2964300
2018-12-03	180.62	182.99	178.63	182.98	3264000
2018-12-04	180.73	182.45	172.14	172.94	2932800
2018-12-06	168.45	173.03	165.6	173.03	3022200
2018-12-07	171.22	171.94	162.71	163.9	2771700
2018-12-10	163.73	166.94	160.75	166.04	2217600
2018-12-11	168.85	170.85	166.24	169.35	2060100
2018-12-12	171.99	175.38	171.39	171.88	2429100
2018-12-13	174.12	175.13	169.35	170.75	1857900
2018-12-14	168.54	169.31	163.79	163.94	2265000
2018-12-17	163.5	164.01	158.21	160.58	2946000
2018-12-18	162.11	162.68	159.08	160.79	2135400
2018-12-19	161.11	164.46	155.28	157.31	2248500
2018-12-20	156.0	157.55	150.69	153.29	3519900
2018-12-21	153.62	155.0	148.46	148.67	5487900
2018-12-24	147.17	147.86	143.41	144.96	2041800
2018-12-26	145.28	154.16	145.0	153.99	2652600
2018-12-27	151.55	156.33	149.72	156.23	2253600
2018-12-28	157.37	159.69	155.18	157.07	2120700
2018-12-31	159.05	161.09	157.79	159.64	1870200
2019-01-02	156.5	157.74	153.92	155.34	2396100
2019-01-03	153.28	154.5	148.82	150.08	2799300
2019-01-04	152.69	159.2	152.24	157.23	2759700
2019-01-07	157.33	161.63	157.22	159.48	2177400
2019-01-08	161.23	161.86	157.02	161.0	2241600
2019-01-09	167.0	173.16	164.66	172.37	4309200
2019-01-10	170.16	173.24	170.06	172.69	2943000
2019-01-11	171.67	172.2	167.11	168.44	2971200
2019-01-14	167.0	168.23	166.35	167.57	1919700
2019-01-15	167.71	172.15	167.71	171.82	2603700
2019-01-16	172.82	175.28	171.94	171.98	1886100
2019-01-17	170.97	178.38	170.41	178.09	2963100
2019-01-18	179.8	181.25	175.9	180.85	3112800
2019-01-22	179.02	179.88	177.08	178.93	2185500
2019-01-23	178.75	179.51	173.8	176.65	2279700
2019-01-24	178.0	178.91	176.22	178.71	1964400
2019-01-25	172.0	175.3	169.61	171.68	6068400
2019-01-28	169.7	170.37	165.01	165.58	2828700
2019-01-29	165.67	167.41	162.21	164.75	2528100
2019-01-30	165.76	169.77	163.96	169.49	2197500
2019-01-31	170.05	175.32	169.08	174.55	3026700
2019-02-01	174.28	176.0	172.67	174.88	2147700
2019-02-04	174.19	174.41	172.47	174.14	1296900
2019-02-05	173.96	175.94	172.68	174.3	1730100
2019-02-06	173.79	174.62	171.1	173.98	1517100
2019-02-07	172.24	173.33	169.14	169.79	2123700
2019-02-08	168.22	172.49	167.33	172.35	1758000
2019-02-11	173.9	176.98	173.33	176.49	2766000
2019-02-12	177.35	181.5	177.02	179.9	2097000
2019-02-13	176.66	179.9	175.45	177.82	1918500
2019-02-14	176.95	179.4	175.05	178.69	1400400
2019-02-15	180.31	182.87	179.55	182.83	2044800
2019-02-19	181.02	183.16	180.45	182.72	2005500
2019-02-20	182.56	183.33	181.51	183.22	1693500
2019-02-21	182.57	184.12	180.74	183.29	1716300
2019-02-22	183.87	185.92	183.37	183.95	1694100
2019-02-25	185.0	186.32	184.21	184.46	1507500
2019-02-26	183.74	183.74	181.31	182.82	1371000
2019-02-27	181.94	183.85	180.5	183.14	1506900
2019-02-28	182.45	184.94	182.15	182.54	2285400
2019-03-01	183.93	188.1	183.17	186.18	2271900
2019-03-04	186.34	187.33	180.47	183.31	1508100
2019-03-05	183.37	183.65	181.94	182.2	1148400
2019-03-06	182.33	182.94	178.18	178.84	1541400
2019-03-07	178.79	178.79	174.56	177.72	2139600
2019-03-08	175.37	178.18	175.0	177.92	1674300
2019-03-11	178.9	181.68	178.34	180.98	1550100
2019-03-12	181.9	184.07	180.8	183.38	1557900
2019-03-13	183.72	186.9	183.67	185.72	1437600
2019-03-14	185.67	186.47	183.16	186.24	1696200
2019-03-15	186.8	187.0	185.01	186.07	3847200
2019-03-18	186.16	186.62	184.36	186.5	1723500
2019-03-19	186.67	188.47	185.14	187.57	1679400
2019-03-20	187.67	190.57	187.0	189.79	1959300
2019-03-21	189.26	193.08	188.91	192.66	1538700
2019-03-22	191.22	191.43	186.92	187.09	1688100
2019-03-25	187.0	188.37	185.87	187.57	1185600
2019-03-26	189.49	191.08	188.41	189.21	1173300
2019-03-27	188.52	189.21	184.0	186.09	1432800
2019-03-28	186.19	187.99	184.93	187.63	984900
2019-03-29	188.57	190.66	187.22	190.19	1521300
2019-04-01	191.67	193.28	190.94	191.85	1741200
2019-04-02	193.0	193.26	191.7	191.99	1737600
2019-04-03	192.99	193.42	191.35	192.09	1401600
2019-04-04	192.39	192.39	186.6	190.09	1965600
2019-04-05	191.51	192.65	190.9	191.91	1356000
2019-04-08	191.49	192.96	189.2	192.78	1509600
2019-04-09	192.46	193.85	192.01	193.13	1478700
2019-04-10	193.2	195.62	191.67	195.3	1508700
2019-04-11	195.3	195.52	192.48	194.88	1161900
2019-04-12	195.99	196.44	193.58	194.28	1137300
2019-04-15	195.15	195.44	191.69	192.27	1601400
2019-04-16	194.03	194.16	185.93	187.14	2602800
2019-04-17	188.33	188.58	173.89	175.0	5093400
2019-04-18	176.67	179.27	174.51	176.02	7310400
2019-04-22	166.63	168.62	162.22	163.69	11266800
2019-04-23	165.33	167.77	162.47	166.81	6303600
2019-04-24	168.33	170.56	167.0	169.38	4776900
2019-04-25	171.04	173.93	169.6	172.59	4370700
2019-04-26	173.83	174.8	170.67	173.04	2122500
2019-04-29	173.33	174.0	169.97	170.11	2257500
2019-04-30	170.59	171.2	169.5	170.21	2109900
2019-05-01	170.54	170.67	165.51	165.68	2823300
2019-05-02	165.49	168.7	165.33	167.37	2431500
2019-05-03	168.82	169.77	168.11	169.31	1387200
2019-05-06	165.71	169.63	165.56	169.49	2269800
2019-05-07	167.6	168.33	163.07	163.77	3519000
2019-05-08	163.77	166.67	161.02	165.23	2474700
2019-05-09	163.51	165.71	161.67	165.35	2092500
2019-05-10	164.5	166.07	160.86	165.1	2018700
2019-05-13	160.84	161.97	158.87	159.58	2781600
2019-05-14	160.6	164.23	160.6	162.45	1687800
2019-05-15	161.8	163.93	161.22	163.05	1300800
2019-05-16	163.3	166.6	163.17	163.91	1792200
2019-05-17	163.04	165.61	161.68	163.38	1394400
2019-05-20	162.22	162.8	160.04	161.07	1923900
2019-05-21	162.54	164.33	160.96	161.19	1725300
2019-05-22	161.01	163.27	160.2	161.79	1555800
2019-05-23	160.84	160.85	155.88	157.93	3433800
2019-05-24	158.46	159.63	157.21	158.84	2324400
2019-05-28	158.45	161.23	156.99	157.07	2719200
2019-05-29	156.43	158.21	155.78	157.31	2087100
2019-05-30	157.57	160.25	157.32	159.07	1434900
2019-05-31	156.19	157.16	154.31	154.95	2552700
2019-06-03	154.28	156.0	151.72	152.76	3469200
2019-06-04	154.6	158.26	154.16	158.14	2300700
2019-06-05	159.79	161.92	159.18	161.69	3245700
2019-06-06	161.69	162.94	160.15	161.75	1766400
2019-06-07	162.15	166.63	161.79	166.35	2533800
2019-06-10	166.87	172.02	166.87	169.91	4415100
2019-06-11	170.91	172.17	167.53	168.85	2270700
2019-06-12	168.59	169.95	166.58	167.31	1712400
2019-06-13	167.96	169.25	166.97	168.53	1296000
2019-06-14	167.49	168.33	163.67	165.51	1925100
2019-06-17	166.17	169.11	166.0	169.05	1840800
2019-06-18	170.0	172.98	169.19	172.43	2490300
2019-06-19	172.08	174.2	170.93	173.98	1598100
2019-06-20	175.0	177.94	174.67	177.68	2682300
2019-06-21	176.7	176.74	173.84	175.74	3310800
2019-06-24	176.0	176.96	175.06	175.27	1955100
2019-06-25	175.33	175.69	173.06	173.51	2030100
2019-06-26	174.51	174.51	170.26	171.24	1397100
2019-06-27	172.38	173.33	169.84	172.59	1245900
2019-06-28	172.65	175.0	171.0	174.85	1834800
2019-07-01	177.33	178.33	175.32	176.44	1203900
2019-07-02	176.34	177.17	174.4	176.51	1830900
2019-07-03	176.67	180.15	176.17	179.06	1459800
2019-07-05	177.34	179.67	175.61	179.08	1296300
2019-07-08	178.21	178.21	176.41	177.72	1395900
2019-07-09	176.34	177.55	175.44	176.09	1911900
2019-07-10	176.67	179.19	176.36	177.43	2475900
2019-07-11	178.03	179.27	177.55	178.67	1206900
2019-07-12	177.07	177.07	173.5	175.42	2198400
2019-07-15	176.34	178.08	175.53	175.92	1276500
2019-07-16	175.71	176.78	171.42	171.85	2708100
2019-07-17	172.17	175.61	172.17	174.5	2050500
2019-07-18	174.17	179.07	173.8	178.88	2553300
2019-07-19	177.75	181.62	175.12	176.27	4262700
2019-07-22	178.0	179.64	176.04	178.5	1962600
2019-07-23	177.38	180.0	176.37	179.26	2017500
2019-07-24	178.58	181.27	177.64	181.01	1904100
2019-07-25	179.43	180.0	176.7	177.23	1751100
2019-07-26	177.81	178.0	174.65	175.88	1377300
2019-07-29	176.2	176.86	174.33	176.54	1078800
2019-07-30	175.4	178.36	175.18	177.21	1217700
2019-07-31	177.01	177.06	171.67	173.17	1779900
2019-08-01	173.5	177.63	172.22	174.65	1851000
2019-08-02	173.43	173.96	169.81	171.2	2204700
2019-08-05	167.08	167.66	162.29	163.82	2611200
2019-08-06	164.79	168.16	164.25	167.92	1960500
2019-08-07	166.41	169.11	164.46	168.45	1475100
2019-08-08	169.87	173.21	169.14	173.14	1385400
2019-08-09	172.03	172.88	169.35	171.83	1155000
2019-08-12	171.0	172.25	169.34	169.96	1089900
2019-08-13	169.3	173.66	167.67	172.67	1517400
2019-08-14	170.17	171.08	166.67	166.82	1866300
2019-08-15	167.78	169.17	165.03	166.62	1478700
2019-08-16	168.32	168.33	164.47	165.15	2875800
2019-08-19	167.83	167.83	162.9	165.17	3060000
2019-08-20	165.88	166.67	164.13	165.94	2085600
2019-08-21	167.17	168.27	166.67	167.09	1218300
2019-08-22	167.33	167.94	165.2	166.76	1107900
2019-08-23	166.33	167.33	160.67	161.53	2095200
2019-08-26	163.29	163.74	160.87	163.7	1442100
2019-08-27	165.0	166.63	164.08	165.01	1638000
2019-08-28	164.0	167.64	164.0	167.08	1803900
2019-08-29	168.56	170.17	167.65	169.39	1315500
2019-08-30	170.13	171.22	169.35	170.45	1750200
2019-09-03	168.41	169.94	163.36	164.65	2682000
2019-09-04	165.78	166.35	163.11	165.41	1452000
2019-09-05	167.23	171.0	166.33	169.39	1878000
2019-09-06	169.82	170.05	167.33	168.42	1875600
2019-09-09	168.03	168.67	165.31	165.56	1586100
2019-09-10	165.0	167.6	162.67	167.43	2410500
2019-09-11	168.18	175.0	167.43	174.27	2964000
2019-09-12	174.54	175.99	173.75	174.37	1847400
2019-09-13	174.55	175.66	173.11	174.41	1150800
2019-09-16	172.93	174.79	171.35	174.55	1266000
2019-09-17	175.0	177.49	173.75	176.72	1852200
2019-09-18	176.1	177.06	174.51	176.92	1688700
2019-09-19	176.45	179.33	176.08	176.48	1361400
2019-09-20	175.68	178.96	175.33	177.05	2072400
2019-09-23	176.49	178.12	175.47	175.99	1405800
2019-09-24	177.33	182.08	176.03	180.49	3704700
2019-09-25	180.01	181.81	177.57	181.67	2371500
2019-09-26	181.67	182.48	178.85	181.1	1947300
2019-09-27	182.36	183.0	177.12	177.91	1413000
2019-09-30	178.64	181.35	178.44	179.98	1292700
2019-10-01	179.98	180.98	176.07	176.2	1382700
2019-10-02	176.0	176.09	168.77	170.63	2782800
2019-10-03	170.76	173.08	167.34	173.02	1757100
2019-10-04	174.11	176.51	173.66	176.39	1346100
2019-10-07	176.15	176.87	175.21	175.53	874800
2019-10-08	174.08	174.73	169.51	169.67	1554900
2019-10-09	171.59	172.26	170.37	171.37	1122300
2019-10-10	170.47	172.22	169.58	170.41	1135800
2019-10-11	172.67	175.96	172.43	172.68	1886400
2019-10-14	172.88	174.6	172.69	172.96	867600
2019-10-15	173.96	176.78	173.83	176.07	1268400
2019-10-16	175.64	177.9	175.0	176.75	1203000
2019-10-17	178.23	179.0	176.15	176.47	2100000
2019-10-18	182.33	189.99	181.85	188.75	6992100
2019-10-21	188.07	188.61	186.34	187.57	2616900
2019-10-22	185.72	186.48	178.3	178.58	2919300
2019-10-23	178.39	181.48	178.39	179.95	1729500
2019-10-24	181.0	183.28	178.72	182.65	1606800
2019-10-25	182.33	184.5	180.2	183.09	1265100
2019-10-28	182.74	187.1	182.0	186.22	1554900
2019-10-29	184.98	188.24	184.23	185.39	1284600
2019-10-30	185.18	186.0	183.33	185.44	1356300
2019-10-31	184.57	186.33	182.56	184.32	1161900
2019-11-01	185.82	187.62	184.0	186.46	1704300
2019-11-04	187.5	187.94	186.15	186.95	1240800
2019-11-05	186.81	189.6	186.5	187.79	2273400
2019-11-06	187.7	189.33	184.59	184.72	1462500
2019-11-07	186.07	186.31	182.68	183.96	1373100
2019-11-08	183.78	185.12	182.43	182.98	1071300
2019-11-11	181.7	182.61	180.06	181.6	1509900
2019-11-12	181.67	184.55	181.67	183.12	1403100
2019-11-13	180.8	183.74	180.61	183.51	1492500
2019-11-14	183.46	186.88	183.05	184.81	1781400
2019-11-15	186.43	189.85	185.67	189.85	2543700
2019-11-18	189.67	192.67	189.18	189.7	2542200
2019-11-19	190.0	193.39	189.17	192.6	1977900
2019-11-20	192.22	194.33	189.4	190.84	1629900
2019-11-21	189.33	190.66	187.68	190.61	1390500
2019-11-22	190.57	190.69	187.47	189.83	1223400
2019-11-25	190.73	193.86	190.24	193.83	1948200
2019-11-26	192.6	195.5	192.0	195.33	2954400
2019-11-27	195.52	197.9	195.52	197.08	1917900
2019-11-29	196.67	198.06	196.0	197.63	887400
2019-12-02	197.33	197.63	194.5	195.79	1892700
2019-12-03	192.93	193.92	191.96	193.08	1578000
2019-12-04	193.41	194.95	192.74	194.11	1039500
2019-12-05	194.24	195.19	193.18	193.6	1424100
2019-12-06	194.88	196.22	194.15	195.19	1566300
2019-12-09	194.58	195.45	190.86	191.06	2361900
2019-12-10	191.52	192.64	190.97	191.79	1109400
2019-12-11	192.67	192.78	190.99	191.6	1067700
2019-12-12	191.83	194.87	190.96	193.66	1162200
2019-12-13	193.63	194.78	192.53	193.22	1088700
2019-12-16	195.0	197.11	194.01	196.68	1757400
2019-12-17	196.9	198.67	195.7	197.91	1873500
2019-12-18	197.42	198.68	196.95	197.42	1639200
2019-12-19	198.21	198.21	195.4	196.24	1726500
2019-12-20	197.15	197.77	195.82	197.1	3352200
2019-12-23	197.33	199.67	196.1	199.14	1233600
2019-12-24	198.67	199.77	197.77	199.6	838800
2019-12-26	199.63	199.67	197.67	199.35	994500
2019-12-27	199.46	200.53	198.56	199.29	1287300
2019-12-30	199.33	200.33	196.67	197.11	1133100
2019-12-31	197.1	197.99	196.08	197.05	1344300
2020-01-02	198.57	199.28	196.93	199.09	1623000
2020-01-03	196.06	198.19	194.05	197.78	1256100
2020-01-06	196.67	199.21	195.98	198.59	1574400
2020-01-07	196.65	196.65	191.25	194.27	3515100
2020-01-08	193.85	195.12	192.2	193.93	2679300
2020-01-09	195.84	196.58	194.03	195.26	2988900
2020-01-10	201.83	205.52	199.3	199.57	3847800
2020-01-13	200.16	202.31	199.62	201.04	1845600
2020-01-14	200.91	201.43	199.2	200.9	1335900
2020-01-15	200.9	201.83	198.67	199.08	1295700
2020-01-16	200.53	201.27	197.69	199.43	1496700
2020-01-17	200.18	200.28	198.0	200.01	1777800
2020-01-21	199.43	200.83	199.12	200.55	1504200
2020-01-22	201.67	204.83	200.84	203.41	2031000
2020-01-23	203.95	205.0	202.2	205.0	2941500
2020-01-24	201.6	201.67	194.61	196.4	6266400
2020-01-27	190.64	191.0	186.42	189.17	4478700
2020-01-28	190.11	191.15	189.17	189.91	2550000
2020-01-29	191.67	192.57	189.33	190.47	1694400
2020-01-30	189.55	191.58	186.06	190.28	2236500
2020-01-31	189.28	190.07	185.01	186.59	2303700
2020-02-03	187.43	188.75	186.2	188.54	2771700
2020-02-04	192.06	195.0	190.89	191.36	1844700
2020-02-05	193.79	193.83	190.93	192.19	1548300
2020-02-06	192.67	194.54	191.77	193.85	1329900
2020-02-07	193.78	194.34	192.78	193.14	1806000
2020-02-10	192.96	195.03	192.23	194.98	1209000
2020-02-11	196.22	196.87	195.25	195.94	1293000
2020-02-12	197.19	198.32	196.13	197.61	1398000
2020-02-13	199.67	200.3	197.5	200.12	2261700
2020-02-14	200.33	201.45	198.14	201.12	1911300
2020-02-18	200.44	201.67	199.9	201.56	1628400
2020-02-19	198.71	206.19	198.71	204.96	2213400
2020-02-20	203.66	206.33	202.57	206.1	1909800
2020-02-21	204.12	204.98	202.23	204.36	2202300
2020-02-24	196.82	198.81	192.84	193.39	2545500
2020-02-25	194.65	195.08	185.29	186.17	2652000
2020-02-26	188.33	191.27	186.27	186.51	2238600
2020-02-27	183.46	186.83	181.39	181.54	3199800
2020-02-28	175.97	178.95	172.85	177.99	5829600
2020-03-02	178.65	186.53	177.41	186.36	2842500
2020-03-03	185.57	191.67	181.26	186.09	3081600
2020-03-04	189.33	194.57	187.67	194.3	2202000
2020-03-05	190.6	192.26	186.84	189.46	2871600
2020-03-06	183.33	186.49	179.36	185.05	3102300
2020-03-09	171.71	175.97	167.0	170.22	3455100
2020-03-10	176.89	179.65	168.52	179.13	2935800
2020-03-11	173.33	174.19	167.59	169.85	3014700
2020-03-12	162.09	166.07	152.02	152.51	5082000
2020-03-13	159.34	160.77	144.19	156.99	5606400
2020-03-16	138.77	149.17	134.08	134.76	5370900
2020-03-17	137.66	143.01	123.33	141.83	5773200
2020-03-18	133.17	136.12	122.69	135.57	6621300
2020-03-19	133.75	144.63	124.0	136.07	4804800
2020-03-20	138.95	144.8	130.43	131.4	4264800
2020-03-23	127.33	130.26	120.17	122.58	4780500
2020-03-24	132.97	144.55	132.36	143.97	5644200
2020-03-25	144.43	161.33	143.33	153.44	5216400
2020-03-26	154.21	168.2	154.21	167.16	4961700
2020-03-27	159.58	168.8	158.89	163.47	4865400
2020-03-30	163.33	168.96	161.43	168.07	2829900
2020-03-31	166.28	169.8	164.1	165.07	3418500
2020-04-01	153.42	158.33	150.09	152.75	4517400
2020-04-02	150.0	157.99	150.0	155.91	2671500
2020-04-03	154.77	156.88	150.0	154.16	3269100
2020-04-06	163.16	167.8	159.01	166.75	3801900
2020-04-07	173.33	174.78	161.96	163.33	4463100
2020-04-08	165.0	171.56	162.01	170.17	3145800
2020-04-09	170.56	171.73	163.58	167.93	4173900
2020-04-13	165.41	166.68	162.72	164.84	2311500
2020-04-14	167.09	171.48	166.31	169.31	3236100
2020-04-15	165.2	171.1	163.69	170.33	2517300
2020-04-16	171.63	171.98	165.18	170.15	2806800
2020-04-17	173.37	176.03	165.37	175.44	4096800
2020-04-20	174.5	176.5	172.55	172.78	2156400
2020-04-21	168.73	170.42	162.67	165.54	2728500
2020-04-22	167.92	171.48	166.44	170.71	2332200
2020-04-23	171.71	174.67	170.53	171.07	2280000
2020-04-24	173.01	173.5	169.55	171.64	1553700
2020-04-27	174.15	174.4	171.0	172.37	1280100
2020-04-28	171.96	173.0	166.67	167.82	2001000
2020-04-29	170.9	175.39	168.68	173.24	2138700
2020-04-30	172.5	172.67	169.48	170.29	1686600
2020-05-01	167.67	168.99	164.0	166.29	2041500
2020-05-04	165.8	168.12	165.18	167.33	1493100
2020-05-05	169.92	173.0	168.19	170.95	1518900
2020-05-06	171.77	174.34	169.29	170.62	1468800
2020-05-07	174.02	178.85	172.55	178.65	2835000
2020-05-08	180.97	181.48	178.25	179.26	2776200
2020-05-11	177.33	180.0	176.5	179.7	2318700
2020-05-12	178.66	180.23	174.28	174.29	1482300
2020-05-13	174.08	175.72	167.33	169.64	2297400
2020-05-14	167.26	172.82	167.04	172.42	1605600
2020-05-15	171.35	173.47	170.4	173.47	1386300
2020-05-18	177.17	182.12	176.48	179.47	1758900
2020-05-19	180.12	180.99	176.87	177.0	1192200
2020-05-20	180.0	185.15	179.16	184.1	1964700
2020-05-21	183.48	184.8	181.27	181.98	1395900
2020-05-22	182.32	187.71	181.3	187.6	1669500
2020-05-26	191.67	194.16	186.67	187.03	2469300
2020-05-27	188.83	189.07	183.12	188.24	1863000
2020-05-28	187.55	195.2	187.55	190.8	2467200
2020-05-29	191.33	193.86	189.0	193.34	2686200
2020-06-01	191.6	193.57	190.21	191.53	1434900
2020-06-02	191.89	193.52	189.65	193.27	1488300
2020-06-03	193.17	194.87	191.32	191.49	1938000
2020-06-04	191.33	191.33	186.39	188.08	2490600
2020-06-05	189.29	200.4	189.17	197.59	3038700
2020-06-08	196.87	197.91	194.8	197.57	1816800
2020-06-09	195.02	197.58	194.26	194.84	1488600
2020-06-10	191.46	196.68	190.43	195.13	1739100
2020-06-11	191.32	192.23	182.38	182.61	2646600
2020-06-12	187.68	189.78	181.84	186.14	2017800
2020-06-15	182.17	190.66	181.62	190.43	1845600
2020-06-16	195.96	196.42	190.85	191.69	1934100
2020-06-17	193.45	195.21	192.19	192.83	1165200
2020-06-18	192.73	195.25	192.33	195.18	1237200
2020-06-19	197.24	198.45	193.22	195.84	3470700
2020-06-22	196.09	196.76	194.16	196.32	1607100
2020-06-23	197.0	198.77	195.67	196.17	1259700
2020-06-24	194.21	194.34	184.14	184.99	2878500
2020-06-25	185.57	185.76	181.01	185.04	2148900
2020-06-26	185.52	185.96	181.62	183.28	1975800
2020-06-29	184.5	185.0	181.39	184.59	1342800
2020-06-30	184.88	191.13	183.99	189.94	2176200
2020-07-01	190.67	192.33	189.03	191.85	1394100
2020-07-02	194.1	194.48	192.28	193.49	1540200
2020-07-06	196.29	197.12	193.7	194.88	1486200
2020-07-07	193.23	195.64	191.71	191.78	1151100
2020-07-08	192.99	194.36	191.87	193.65	1145700
2020-07-09	193.07	194.41	189.33	191.49	1448400
2020-07-10	191.57	192.37	189.17	191.96	929700
2020-07-13	193.05	196.26	190.0	190.43	1550400
2020-07-14	189.88	195.49	188.74	195.11	1653600
2020-07-15	197.08	203.0	196.86	202.6	2370900
2020-07-16	201.57	204.26	198.79	201.42	2088300
2020-07-17	203.33	218.27	202.12	216.91	4995000
2020-07-20	215.15	223.88	210.52	222.51	3291600
2020-07-21	222.41	225.02	217.52	219.38	3455100
2020-07-22	223.15	228.28	220.01	227.11	3396000
2020-07-23	228.26	233.24	223.91	228.85	2461500
2020-07-24	221.71	225.7	219.66	225.11	2370900
2020-07-27	224.36	229.94	222.69	228.45	1674600
2020-07-28	226.67	228.33	224.75	226.56	1288500
2020-07-29	227.57	234.67	226.67	231.93	2403000
2020-07-30	229.65	230.76	226.7	229.13	1640400
2020-07-31	229.28	230.21	225.24	228.48	1641900
2020-08-03	228.58	231.08	228.46	229.65	1468500
2020-08-04	229.08	229.8	227.17	227.83	1196400
2020-08-05	229.22	232.52	228.44	230.96	1413900
2020-08-06	230.07	230.84	225.36	230.42	1011000
2020-08-07	230.34	231.37	226.67	228.62	1110300
2020-08-10	228.25	228.45	225.33	227.67	904800
2020-08-11	228.66	228.66	223.87	225.0	1005900
2020-08-12	225.41	228.67	224.26	227.7	1437300
2020-08-13	227.57	231.33	226.7	230.19	823800
2020-08-14	230.85	230.85	227.12	228.17	887700
2020-08-17	228.34	231.69	228.11	231.33	1263900
2020-08-18	230.54	232.07	230.25	230.8	1216500
2020-08-19	231.67	233.0	229.89	230.47	1518300
2020-08-20	229.75	231.74	229.0	231.02	868800
2020-08-21	230.18	231.66	228.89	231.29	1589400
2020-08-24	233.0	233.99	229.76	231.91	1582200
2020-08-25	231.93	233.62	231.39	233.17	1490100
2020-08-26	233.33	233.83	230.93	233.33	1537800
2020-08-27	233.61	239.37	230.71	236.46	2590800
2020-08-28	237.78	243.32	236.23	242.34	1940700
2020-08-31	241.06	244.82	240.33	243.61	1806300
2020-09-01	244.15	247.48	242.44	247.19	1563900
2020-09-02	247.34	259.61	246.11	255.04	3234300
2020-09-03	250.95	252.33	241.38	247.2	3249900
2020-09-04	247.7	249.95	239.25	245.09	2487600
2020-09-08	236.67	239.29	230.68	231.39	3123300
2020-09-09	234.45	242.24	234.05	239.83	1850400
2020-09-10	239.5	242.9	233.76	235.2	1563600
2020-09-11	237.94	238.51	232.66	234.18	1300200
2020-09-14	237.47	240.71	237.05	238.78	1168800
2020-09-15	241.42	242.05	237.05	238.52	1135500
2020-09-16	240.11	241.18	229.89	230.46	2312400
2020-09-17	228.4	230.1	224.5	226.96	2458800
2020-09-18	226.33	228.38	216.47	218.52	4024500
2020-09-21	216.03	216.03	211.1	213.98	2352900
2020-09-22	216.15	222.48	213.88	222.01	3708600
2020-09-23	225.21	225.4	218.39	219.14	1876500
2020-09-24	217.38	221.23	215.85	219.18	1245000
2020-09-25	218.22	225.97	217.67	224.58	1566900
2020-09-28	228.33	231.85	226.68	231.05	1951200
2020-09-29	232.67	238.63	230.18	230.98	1625700
2020-09-30	232.38	239.3	230.18	236.51	1895100
2020-10-01	237.7	239.48	234.67	236.84	1243800
2020-10-02	233.36	235.86	230.7	232.09	1602600
2020-10-05	233.03	236.19	232.27	235.9	1206300
2020-10-06	236.51	238.74	232.1	233.01	1236000
2020-10-07	236.15	240.66	236.15	240.09	1180500
2020-10-08	241.67	242.87	240.04	241.01	1110900
2020-10-09	243.29	247.09	242.67	246.06	1239900
2020-10-12	249.58	253.01	247.74	251.89	2265300
2020-10-13	251.97	253.68	249.91	251.78	1633200
2020-10-14	253.1	255.39	248.72	250.36	1914300
2020-10-15	247.36	251.8	246.67	247.0	2765700
2020-10-16	241.67	253.63	238.76	250.89	3096600
2020-10-19	251.75	257.21	243.12	245.37	1732500
2020-10-20	245.37	248.52	243.3	244.33	1199400
2020-10-21	243.6	244.89	240.86	242.83	1838400
2020-10-22	243.21	246.11	241.3	244.31	935100
2020-10-23	246.11	246.67	242.5	245.16	845100
2020-10-26	242.36	243.26	233.56	237.26	1540800
2020-10-27	237.84	242.68	237.12	240.3	975000
2020-10-28	234.77	235.05	229.26	229.27	1692000
2020-10-29	230.0	231.49	227.79	228.76	2658000
2020-10-30	227.4	228.67	217.67	222.36	2989800
2020-11-02	226.87	227.67	223.1	225.33	1865400
2020-11-03	228.0	232.26	226.94	227.33	1879500
2020-11-04	236.23	239.32	233.57	236.55	2760900
2020-11-05	244.85	244.93	239.56	242.76	1605900
2020-11-06	243.14	245.8	240.08	244.62	1218000
2020-11-09	251.93	264.18	251.93	257.82	3383700
2020-11-10	257.01	257.24	247.33	249.83	1921800
2020-11-11	251.51	253.28	245.37	245.85	1555800
2020-11-12	248.06	250.59	245.66	246.92	1241400
2020-11-13	249.44	251.77	248.24	251.13	862200
2020-11-16	253.33	254.68	249.37	252.73	1561200
2020-11-17	249.32	250.76	246.88	249.72	1152900
2020-11-18	249.08	249.24	244.33	244.46	1302000
2020-11-19	243.59	245.81	241.16	244.65	1141500
2020-11-20	243.67	245.09	242.21	243.58	1169100
2020-11-23	243.83	244.68	237.69	239.68	1503000
2020-11-24	242.3	242.88	240.34	241.61	1761600
2020-11-25	243.1	244.25	241.62	242.12	1029000
2020-11-27	245.12	245.19	242.0	243.27	796200
2020-11-30	241.8	244.63	240.33	242.02	2353800
2020-12-01	244.43	245.51	240.62	244.55	1557000
2020-12-02	243.67	251.4	243.67	250.43	1761000
2020-12-03	250.66	254.75	249.62	252.91	1634100
2020-12-04	251.16	260.63	251.16	260.11	1661700
2020-12-07	259.33	260.18	254.11	254.8	1732200
2020-12-08	254.29	255.86	251.67	255.12	1276200
2020-12-09	255.87	255.87	250.03	251.17	1587300
2020-12-10	251.87	255.6	249.36	252.69	1488000
2020-12-11	251.38	253.97	248.63	253.33	1637700
2020-12-14	254.67	260.21	254.02	254.93	1794300
2020-12-15	252.34	257.19	251.67	256.16	1297800
2020-12-16	255.25	256.65	254.02	255.35	1078800
2020-12-17	257.13	260.42	255.75	259.93	1306200
2020-12-18	262.26	263.6	258.35	263.03	2622900
2020-12-21	259.34	263.33	256.06	263.09	1541700
2020-12-22	263.37	272.28	262.76	271.75	2246100
2020-12-23	272.34	275.6	269.51	269.88	1932900
2020-12-24	270.24	270.78	267.67	269.0	489900
2020-12-28	272.74	273.33	265.74	268.39	1229700
2020-12-29	270.79	273.43	269.05	271.36	1120200
2020-12-30	273.33	274.05	270.68	271.77	775500
2020-12-31	271.84	273.68	270.1	272.7	1160700
2021-01-04	275.28	275.28	262.96	266.67	1781700
2021-01-05	264.63	270.46	263.13	268.35	1363800
2021-01-06	265.09	266.67	262.29	264.26	2071200
2021-01-07	266.29	270.14	263.33	269.4	1285500
2021-01-08	268.07	275.13	268.02	272.92	1428600
2021-01-11	272.81	272.81	267.95	271.22	1644600
2021-01-12	270.45	271.01	262.77	262.81	1903800
2021-01-13	262.46	274.67	262.0	270.48	2550000
2021-01-14	271.43	271.92	265.02	265.71	1460400
2021-01-15	266.69	267.35	259.0	259.47	2317800
2021-01-19	261.7	264.0	258.47	259.47	1920600
2021-01-20	261.85	267.22	260.54	266.19	1648200
2021-01-21	265.44	267.33	260.87	266.22	1975500
2021-01-22	261.01	263.07	247.84	248.03	5299200
2021-01-25	249.14	251.55	245.21	250.67	3307200
2021-01-26	251.49	257.54	251.01	256.55	3036900
2021-01-27	253.47	256.46	248.99	252.91	2317500
2021-01-28	255.68	259.41	254.98	255.12	1720500
2021-01-29	251.45	253.72	247.17	249.21	1890300
2021-02-01	250.67	253.62	246.67	248.7	1884000
2021-02-02	251.22	256.16	251.22	252.61	1654200
2021-02-03	251.66	252.59	248.2	248.47	1531800
2021-02-04	250.0	254.88	248.42	252.35	2277000
2021-02-05	254.87	255.44	253.5	254.08	1307100
2021-02-08	256.09	258.35	253.95	256.66	1287300
2021-02-09	257.66	262.97	256.93	259.78	1516500
2021-02-10	262.33	264.84	259.64	262.7	1681500
2021-02-11	264.67	266.8	262.74	266.28	1283700
2021-02-12	266.42	269.47	264.6	269.27	1291200
2021-02-16	270.0	270.93	262.96	263.98	2019600
2021-02-17	260.67	262.8	258.14	260.02	1118100
2021-02-18	258.19	258.81	252.6	255.84	1928100
2021-02-19	257.75	257.75	249.89	250.05	2238900
2021-02-22	250.6	250.93	245.67	247.13	1911000
2021-02-23	247.33	249.54	244.03	248.24	2106000
2021-02-24	247.91	253.22	246.1	252.9	1320000
2021-02-25	251.62	252.96	243.97	247.26	1335600
2021-02-26	247.97	249.23	242.1	245.6	2007000
2021-03-01	249.68	253.59	248.56	253.07	1677600
2021-03-02	253.33	253.33	248.93	250.0	1173000
2021-03-03	248.69	248.69	240.49	242.38	1521300
2021-03-04	241.67	242.41	233.01	236.39	2427600
2021-03-05	237.42	239.48	229.08	237.79	2277300
2021-03-08	235.12	236.86	227.47	228.3	1917600
2021-03-09	232.51	236.75	230.0	234.27	2090400
2021-03-10	240.33	242.54	237.61	239.94	2198100
2021-03-11	243.45	246.33	241.45	244.0	1492800
2021-03-12	240.37	245.47	240.0	244.66	1467300
2021-03-15	242.44	245.85	241.68	245.02	1202700
2021-03-16	246.8	247.17	240.5	242.21	1277400
2021-03-17	241.44	242.99	237.6	241.55	1056600
2021-03-18	238.57	239.86	231.69	233.11	1940400
2021-03-19	233.83	238.24	231.8	235.83	2377800
2021-03-22	235.91	240.39	234.38	238.24	1309800
2021-03-23	238.84	240.33	235.88	236.94	1005000
2021-03-24	237.33	240.11	235.16	237.02	1452000
2021-03-25	236.88	238.14	231.21	234.83	1380000
2021-03-26	235.69	243.95	234.92	243.58	1707600
2021-03-29	243.15	244.71	239.11	241.32	1350900
2021-03-30	239.7	243.0	238.17	242.16	1442400
2021-03-31	242.85	247.98	242.42	246.31	1695300
2021-04-01	250.0	252.69	248.63	249.2	1357800
2021-04-05	250.07	256.88	250.07	255.31	1697700
2021-04-06	255.71	258.76	253.6	255.62	1155900
2021-04-07	255.8	257.01	253.19	253.67	1101000
2021-04-08	255.32	258.03	255.32	256.78	906000
2021-04-09	257.86	262.11	256.16	261.49	1065900
2021-04-12	259.38	261.89	259.11	259.75	1008600
2021-04-13	259.65	265.61	259.65	264.82	1286100
2021-04-14	264.0	266.75	261.6	261.94	1113000
2021-04-15	264.22	269.33	263.1	268.24	1236900
2021-04-16	269.22	271.13	267.28	270.86	1618200
2021-04-19	269.59	271.89	267.51	270.4	1557900
2021-04-20	268.89	274.84	268.88	270.37	2079600
2021-04-21	280.31	297.93	273.33	297.13	6293700
2021-04-22	294.96	295.96	286.19	286.55	3642900
2021-04-23	283.73	294.31	280.91	291.84	2500500
2021-04-26	288.81	290.69	286.72	288.65	1753500
2021-04-27	289.0	289.0	286.17	287.13	1531200
2021-04-28	287.52	291.94	286.99	289.6	1712100
2021-04-29	291.23	291.23	285.94	287.74	1154400
2021-04-30	285.66	288.64	285.09	288.33	1432800
2021-05-03	291.16	291.66	286.71	289.18	1133400
2021-05-04	287.24	287.36	278.04	283.0	1971000
2021-05-05	284.71	286.99	278.84	279.47	1468500
2021-05-06	278.09	280.9	275.22	280.82	1263900
2021-05-07	281.77	287.76	281.77	285.7	1471800
2021-05-10	286.34	287.33	277.69	278.26	1508400
2021-05-11	274.39	280.27	273.66	278.92	1454100
2021-05-12	274.68	275.16	268.09	270.6	1708200
2021-05-13	271.07	275.69	271.07	273.53	1186500
2021-05-14	274.32	279.81	273.84	277.79	1086900
2021-05-17	276.26	276.26	270.53	272.34	2046300
2021-05-18	273.89	274.67	271.19	271.54	1588200
2021-05-19	267.25	272.34	265.9	272.32	1473600
2021-05-20	273.89	278.97	273.25	277.55	3236100
2021-05-21	280.0	281.0	274.69	275.0	1521000
2021-05-24	277.68	280.12	277.42	278.31	2175900
2021-05-25	280.1	282.25	279.46	282.0	2028900
2021-05-26	282.37	283.23	278.4	279.79	1485300
2021-05-27	279.57	282.18	276.4	278.12	3920400
2021-05-28	279.66	284.77	279.66	280.73	1575900
2021-06-01	284.26	284.26	276.25	278.68	1493700
2021-06-02	278.74	279.3	272.98	273.85	1195800
2021-06-03	270.96	274.95	270.37	272.22	1260900
2021-06-04	273.85	278.6	273.71	277.15	1374600
2021-06-07	278.39	281.06	276.27	277.04	1089000
2021-06-08	278.45	280.38	275.4	277.89	1242900
2021-06-09	278.76	281.32	278.25	280.08	1085100
2021-06-10	281.02	286.54	280.38	286.38	1189200
2021-06-11	286.67	288.1	285.12	288.09	1335600
2021-06-14	287.43	291.14	286.55	290.93	1263900
2021-06-15	291.67	291.78	289.89	290.79	1311300
2021-06-16	291.45	293.87	288.33	290.47	1344600
2021-06-17	289.75	297.09	288.79	295.0	1567200
2021-06-18	293.51	295.33	291.87	292.95	2403600
2021-06-21	294.95	300.32	291.86	298.0	1424100
2021-06-22	298.42	301.0	295.69	300.65	1349400
2021-06-23	300.0	303.79	299.73	301.81	1292400
2021-06-24	304.43	304.57	300.12	301.52	1023000
2021-06-25	301.67	304.06	301.22	302.78	1303200
2021-06-28	303.26	304.85	301.5	304.14	1245600
2021-06-29	305.0	308.68	303.66	306.91	1241100
2021-06-30	306.68	308.33	304.01	306.55	1619400
2021-07-01	305.84	309.33	305.5	309.15	1093500
2021-07-02	310.29	313.16	309.77	312.72	1015500
2021-07-06	314.18	316.43	309.16	316.01	1726200
2021-07-07	318.0	320.29	316.23	318.23	1492800
2021-07-08	313.75	317.94	312.11	317.29	1365900
2021-07-09	317.29	318.4	312.72	316.93	1023900
2021-07-12	317.45	320.22	315.51	319.68	1031100
2021-07-13	320.77	321.68	318.28	318.75	856500
2021-07-14	321.52	321.65	317.39	318.36	958200
2021-07-15	317.69	319.64	315.85	317.89	1383600
2021-07-16	318.55	319.64	316.45	316.7	1055400
2021-07-19	314.67	314.67	308.83	310.73	2106000
2021-07-20	311.65	321.99	309.64	318.35	2732700
2021-07-21	328.33	329.09	308.84	314.98	2541000
2021-07-22	317.07	325.31	315.44	324.63	1954500
2021-07-23	323.88	326.13	320.84	325.49	1317600
2021-07-26	323.28	324.67	318.08	322.03	1604100
2021-07-27	322.54	325.03	320.07	325.03	1072200
2021-07-28	325.03	326.67	322.98	324.17	971400
2021-07-29	324.33	327.71	323.47	327.16	949200
2021-07-30	326.37	331.7	325.71	330.49	1239000
2021-08-02	332.0	332.89	328.68	330.85	934800
2021-08-03	331.68	333.67	329.68	333.2	976800
2021-08-04	333.33	334.0	329.91	330.29	1285200
2021-08-05	337.33	341.33	332.89	339.7	1672200
2021-08-06	340.0	343.49	335.75	343.34	1488900
2021-08-09	344.36	345.35	341.93	344.0	1086000
2021-08-10	344.63	345.03	331.47	331.87	1800900
2021-08-11	333.17	335.67	328.89	331.88	1326300
2021-08-12	332.92	337.04	332.16	333.33	1577100
2021-08-13	333.9	335.17	332.13	334.35	1465200
2021-08-16	334.74	339.69	333.16	339.41	1147800
2021-08-17	338.64	346.67	337.2	345.0	1512300
2021-08-18	344.48	349.67	344.34	346.46	1252200
2021-08-19	345.94	352.98	344.24	351.88	1460100
2021-08-20	352.12	353.94	346.97	347.94	1841700
2021-08-23	350.57	353.27	344.78	348.67	1510800
2021-08-24	350.0	352.97	346.58	348.9	1421700
2021-08-25	348.9	350.0	346.35	347.99	1324200
2021-08-26	349.37	350.02	345.3	347.42	1405200
2021-08-27	348.51	350.05	344.67	345.51	1374600
2021-08-30	347.06	353.32	347.06	352.97	889800
2021-08-31	353.04	353.92	347.92	351.19	1377000
2021-09-01	351.67	354.79	349.18	354.24	1046400
2021-09-02	355.6	359.03	355.16	357.18	1211400
2021-09-03	357.1	358.76	352.68	357.26	1013100
2021-09-07	357.75	359.52	354.33	359.39	988800
2021-09-08	359.33	362.34	357.47	360.85	1048200
2021-09-09	361.05	361.95	356.55	356.67	1164000
2021-09-10	359.55	360.68	337.67	341.16	3431100
2021-09-13	343.81	344.19	337.0	342.61	1906500
2021-09-14	344.52	348.96	342.66	346.34	1650300
2021-09-15	346.67	348.99	343.71	348.51	1608000
2021-09-16	348.53	349.14	342.92	344.67	1540200
2021-09-17	345.1	346.82	342.68	345.76	1905900
2021-09-20	341.47	343.96	333.35	338.0	1987500
2021-09-21	340.29	343.21	337.67	338.01	1913700
2021-09-22	340.0	345.77	338.33	342.82	1578300
2021-09-23	343.75	350.63	343.51	348.28	1916100
2021-09-24	346.86	348.66	343.49	347.78	1484700
2021-09-27	346.63	346.66	334.33	337.92	1908600
2021-09-28	335.18	335.58	326.18	330.83	2054400
2021-09-29	331.97	334.68	329.67	330.78	1371300
2021-09-30	332.49	336.77	331.11	331.38	1380000
2021-10-01	331.33	340.52	325.33	336.5	2250300
2021-10-04	333.35	333.72	321.05	323.5	2107800
2021-10-05	325.93	335.08	323.6	330.07	1478200
2021-10-06	329.54	335.38	327.5	334.94	1850900
2021-10-07	341.36	346.84	337.85	338.34	1906500
2021-10-08	339.69	342.1	328.01	328.54	1367800
2021-10-11	326.5	329.21	323.84	324.18	979400
2021-10-12	328.0	329.1	321.88	324.45	1276900
2021-10-13	325.67	328.72	325.14	326.0	1866900
2021-10-14	328.39	332.78	328.32	330.95	1432300
2021-10-15	332.2	333.45	330.0	331.5	1387100
2021-10-18	330.33	332.38	323.04	332.3	1530600
2021-10-19	338.11	345.16	332.17	336.3	3642500
2021-10-20	338.0	341.9	327.39	339.8	2458200
2021-10-21	342.22	343.26	337.44	339.63	1338100
2021-10-22	339.75	342.82	337.64	341.52	1319000
2021-10-25	340.19	347.09	336.76	343.59	1938400
2021-10-26	346.71	351.19	343.59	348.7	1736800
2021-10-27	348.69	350.63	340.85	348.98	1684200
2021-10-28	349.24	356.63	349.24	355.61	1371700
2021-10-29	353.85	362.67	352.92	361.13	1558600
2021-11-01	361.69	365.52	354.53	355.03	1812400
2021-11-02	356.58	361.5	354.55	360.37	1046600
2021-11-03	360.29	362.92	353.96	361.49	1410000
2021-11-04	361.49	364.4	359.01	363.32	1067800
2021-11-05	363.42	369.69	359.49	364.95	1575400
2021-11-08	366.02	368.14	361.97	365.42	908100
2021-11-09	365.0	366.79	362.57	364.15	1123500
2021-11-10	363.0	367.48	357.89	359.49	1082100
2021-11-11	360.0	360.26	348.65	350.79	1376700
2021-11-12	353.68	356.67	350.47	354.93	928100
2021-11-15	355.51	357.19	351.73	353.56	878300
2021-11-16	351.86	362.82	351.86	361.12	1182200
2021-11-17	361.12	364.22	358.0	361.42	1449200
2021-11-18	361.46	362.66	356.42	359.2	896600
2021-11-19	359.2	359.96	346.0	348.65	1677600
2021-11-22	348.0	349.0	340.43	340.72	2041300
2021-11-23	341.0	341.69	332.81	335.9	2070800
2021-11-24	335.45	340.5	331.79	339.42	993400
2021-11-26	330.67	334.95	328.04	329.23	1491800
2021-11-29	332.81	339.67	328.2	334.74	1763600
2021-11-30	335.22	336.22	321.5	324.34	2414400
2021-12-01	328.61	330.13	319.65	319.93	1672500
2021-12-02	319.93	329.52	318.44	327.32	1350000
2021-12-03	329.2	329.99	313.69	321.63	2485100
2021-12-06	321.24	325.53	314.0	323.77	2954000
2021-12-07	329.91	342.62	329.5	340.49	2138400
2021-12-08	340.85	341.99	337.13	340.8	2094900
2021-12-09	339.73	345.98	338.77	340.34	1296700
2021-12-10	343.16	346.08	341.47	344.96	1316600
2021-12-13	344.74	345.77	339.63	340.36	1530500
2021-12-14	336.51	336.51	325.6	328.24	1482100
2021-12-15	330.35	334.9	323.79	331.66	2192100
2021-12-16	338.01	341.72	333.13	334.53	2004100
2021-12-17	332.4	343.1	332.4	337.4	2623000
2021-12-20	330.38	334.2	326.06	332.11	1560400
2021-12-21	333.45	348.77	332.64	348.09	1699200
2021-12-22	346.96	362.54	346.83	362.21	1410400
2021-12-23	360.65	365.67	357.33	363.94	1022500
2021-12-27	363.46	366.53	361.61	364.58	1136600
2021-12-28	364.58	366.72	362.03	364.54	931200
2021-12-29	365.36	369.21	364.02	365.27	897500
2021-12-30	366.09	367.65	362.81	363.3	754500
2021-12-31	363.02	366.15	358.79	359.3	1157700
2022-01-03	358.65	360.51	353.13	360.0	1573300
2022-01-04	360.0	362.0	352.57	354.63	1310900
2022-01-05	352.49	355.7	341.65	341.95	1804800
2022-01-06	339.88	341.71	333.38	334.18	1701800
2022-01-07	330.94	333.07	323.23	324.29	1746900
2022-01-10	321.18	325.81	315.25	325.53	2057500
2022-01-11	325.77	328.16	318.74	328.02	1825200
2022-01-12	324.81	327.14	319.56	323.16	2106800
2022-01-13	324.98	325.01	312.39	313.21	1717800
2022-01-14	310.39	311.51	303.89	307.74	2299900
2022-01-18	301.37	301.48	294.67	295.49	2313900
2022-01-19	296.07	299.63	293.0	293.46	1917900
2022-01-20	296.0	304.43	291.82	292.73	2772300
2022-01-21	275.04	281.58	267.3	269.53	5584200
2022-01-24	264.62	272.78	254.2	271.98	4706500
2022-01-25	261.64	268.4	260.3	264.14	2768200
2022-01-26	269.0	275.01	261.2	264.46	3512700
2022-01-27	267.59	270.83	261.02	262.77	2584300
2022-01-28	264.42	272.04	258.12	271.79	2712800
2022-01-31	276.23	285.23	273.81	284.18	2993400
2022-02-01	285.18	289.7	281.61	286.51	2098700
2022-02-02	292.08	295.26	289.07	292.94	2328900
2022-02-03	286.84	291.96	284.91	285.6	1920200
2022-02-04	282.85	288.29	280.46	285.73	1633900
2022-02-07	284.41	290.9	283.56	284.89	1721500
2022-02-08	283.65	285.35	277.81	283.39	2047900
2022-02-09	287.11	292.94	287.11	292.18	2141900
2022-02-10	287.69	294.98	286.74	292.49	2882900
2022-02-11	291.53	294.48	282.2	283.16	2267400
2022-02-14	283.24	286.17	279.03	281.14	1563300
2022-02-15	285.0	290.61	284.8	289.31	1413700
2022-02-16	289.0	292.36	282.72	291.14	1797200
2022-02-17	289.47	290.0	283.5	284.08	1573500
2022-02-18	283.37	286.6	280.24	280.78	1423600
2022-02-22	278.12	287.32	277.35	284.0	2116800
2022-02-23	284.95	286.45	275.56	276.5	1706000
2022-02-24	266.22	289.29	266.02	288.38	2733700
2022-02-25	289.08	293.62	284.65	293.51	1454800
2022-02-28	290.21	293.33	286.47	290.33	1644400
2022-03-01	289.96	293.79	287.01	291.55	1645700
2022-03-02	294.15	300.72	291.81	299.01	1748300
2022-03-03	301.22	304.28	298.41	299.82	2098600
2022-03-04	296.71	303.0	294.72	302.28	1995700
2022-03-07	300.5	304.68	291.61	292.69	2866200
2022-03-08	286.66	288.98	268.92	269.32	3452100
2022-03-09	277.45	279.8	272.74	278.82	2080700
2022-03-10	272.89	276.72	271.0	275.72	1331100
2022-03-11	278.25	281.75	273.46	273.69	1841900
2022-03-14	272.34	277.81	262.53	263.8	2722100
2022-03-15	267.65	270.84	265.0	270.0	3024600
2022-03-16	273.55	279.77	268.71	277.85	2429800
2022-03-17	277.74	283.5	276.53	282.95	1799900
2022-03-18	283.31	291.2	278.56	290.11	3152700
2022-03-21	287.66	290.09	279.51	283.28	1646000
2022-03-22	283.11	287.91	281.74	286.44	1529300
2022-03-23	284.52	284.52	274.52	275.2	1639600
2022-03-24	276.82	281.19	273.65	281.08	1513300
2022-03-25	285.09	286.94	282.28	286.87	1435100
2022-03-28	286.04	295.46	285.32	294.95	1963600
2022-03-29	298.35	302.51	298.35	302.0	1618900
2022-03-30	301.68	306.59	299.52	304.44	1914800
2022-03-31	305.08	307.85	301.59	301.68	2733600
2022-04-01	304.0	306.07	301.2	305.54	1470400
2022-04-04	306.5	308.97	301.09	302.25	1561100
2022-04-05	301.99	303.8	293.34	295.92	1488800
2022-04-06	290.95	291.77	283.25	288.67	1939600
2022-04-07	286.38	293.56	286.12	291.82	1329400
2022-04-08	290.04	293.0	287.08	289.86	959800
2022-04-11	286.28	286.68	278.47	278.96	1391300
2022-04-12	281.06	286.4	276.19	277.85	1138800
2022-04-13	279.17	286.25	278.6	285.22	1133500
2022-04-14	286.1	287.15	278.95	279.7	1582500
2022-04-18	278.99	280.28	273.41	276.35	1127100
2022-04-19	278.5	295.69	278.04	294.86	2660000
2022-04-20	297.08	307.37	294.93	302.9	2161000
2022-04-21	303.32	308.0	293.81	294.57	2496800
2022-04-22	275.0	276.32	251.52	252.34	6845300
2022-04-25	250.29	259.72	250.29	255.12	3253900
2022-04-26	253.04	255.64	244.44	244.52	2484400
2022-04-27	244.44	247.93	235.07	235.35	3849100
2022-04-28	236.29	244.59	235.95	243.26	3142500
2022-04-29	241.45	246.3	238.5	239.3	2913500
2022-05-02	239.99	242.24	234.15	240.66	2421200
2022-05-03	239.5	242.0	236.14	238.11	1648000
2022-05-04	236.99	246.99	233.82	246.31	2135700
2022-05-05	242.93	244.67	231.13	233.98	3058200
2022-05-06	232.07	232.27	221.07	224.85	3013800
2022-05-09	221.55	221.55	207.18	208.71	3754700
2022-05-10	214.7	217.31	206.6	211.39	2253000
2022-05-11	210.74	217.89	208.48	210.87	2690200
2022-05-12	208.08	214.06	207.24	211.69	2035900
2022-05-13	215.0	224.68	215.0	223.69	2250600
2022-05-16	221.12	223.3	217.57	219.53	1569600
2022-05-17	223.52	226.29	220.61	225.18	1324100
2022-05-18	221.21	223.4	214.31	215.35	2031700
2022-05-19	215.06	221.17	213.96	218.14	1722800
2022-05-20	222.31	223.27	212.91	219.07	1817900
2022-05-23	222.28	222.99	216.9	221.61	1496400
2022-05-24	219.21	219.69	214.88	218.39	1519000
2022-05-25	216.18	224.26	216.17	222.58	1466100
2022-05-26	223.41	226.06	221.14	223.3	2562800
2022-05-27	226.5	229.89	224.44	229.16	2132900
2022-05-31	228.4	230.0	224.8	227.64	2046500
2022-06-01	227.74	230.0	212.2	216.39	2426100
2022-06-02	216.4	227.34	214.07	227.21	2099500
2022-06-03	224.04	224.51	216.97	217.79	1524400
2022-06-06	221.45	222.84	215.48	216.43	1374300
2022-06-07	215.29	222.57	214.58	221.95	1351900
2022-06-08	221.04	222.82	218.15	218.6	1104500
2022-06-09	216.35	216.97	209.91	209.95	1595300
2022-06-10	206.8	208.0	203.66	205.27	1602600
2022-06-13	199.0	200.24	193.76	194.97	3539900
2022-06-14	194.63	195.33	188.81	191.1	3184200
2022-06-15	194.0	200.15	192.36	196.13	2409500
2022-06-16	191.87	193.05	186.83	190.71	2449300
2022-06-17	191.8	195.5	189.9	192.08	3802200
2022-06-21	195.64	197.65	193.93	194.32	1859500
2022-06-22	192.91	203.7	191.9	200.62	2580900
2022-06-23	202.9	206.93	201.81	204.5	1612000
2022-06-24	207.61	209.85	203.82	209.67	2270300
2022-06-27	208.8	209.88	205.88	207.94	1900800
2022-06-28	209.02	211.47	201.17	201.99	1662000
2022-06-29	201.85	203.85	197.85	202.59	1655400
2022-06-30	201.46	203.38	197.61	200.71	2224300
2022-07-01	201.07	206.33	200.0	206.1	1459700
2022-07-05	203.06	207.32	200.12	206.75	1432700
2022-07-06	207.78	209.48	204.33	205.35	1654600
2022-07-07	204.79	209.37	204.25	208.71	1396700
2022-07-08	206.05	211.22	205.73	208.81	1149300
2022-07-11	207.48	208.14	202.49	205.72	1197500
2022-07-12	206.59	209.14	201.07	202.13	1519900
2022-07-13	198.3	204.29	196.1	202.06	1482900
2022-07-14	200.41	204.51	197.3	204.31	1553700
2022-07-15	207.88	211.17	207.37	210.92	2231100
2022-07-18	211.43	213.66	205.32	206.26	1523100
2022-07-19	210.45	214.62	208.81	214.44	1951900
2022-07-20	215.0	221.09	214.17	219.22	1934400
2022-07-21	220.91	225.44	219.58	224.75	2876900
2022-07-22	207.44	217.49	203.31	211.85	6588300
2022-07-25	213.21	221.8	212.27	219.17	3170900
2022-07-26	218.11	219.92	214.08	216.79	2376900
2022-07-27	219.45	226.57	219.45	225.34	2535400
2022-07-28	224.99	231.26	221.21	230.54	2218400
2022-07-29	228.65	230.95	227.01	230.17	1941300
2022-08-01	227.31	231.5	226.57	228.54	1333300
2022-08-02	234.43	244.99	233.53	238.48	3273800
2022-08-03	239.04	243.31	236.44	242.18	1802700
2022-08-04	242.07	242.92	239.61	242.46	1180400
2022-08-05	237.68	241.68	236.55	240.32	1861100
2022-08-08	241.0	245.36	238.64	239.13	2216200
2022-08-09	238.16	238.68	232.44	232.88	1532500
2022-08-10	239.76	240.79	236.63	237.85	1943000
2022-08-11	238.38	242.56	235.23	236.02	1625000
2022-08-12	236.75	238.57	234.73	238.37	1744400
2022-08-15	237.03	239.64	235.81	238.26	1384100
2022-08-16	235.9	236.95	231.51	233.71	1646900
2022-08-17	230.71	232.47	228.35	229.71	1355000
2022-08-18	230.79	231.34	226.82	229.59	1356700
2022-08-19	227.36	227.95	223.56	224.78	2033100
2022-08-22	221.13	222.51	217.01	218.54	2130800
2022-08-23	216.99	218.52	214.86	216.81	1912800
2022-08-24	218.19	222.6	217.94	220.47	1798800
2022-08-25	222.84	225.12	220.9	225.02	1302500
2022-08-26	224.57	225.38	210.94	211.09	2475100
2022-08-29	209.27	211.68	207.84	208.9	1871900
2022-08-30	210.12	211.75	205.38	206.5	1562900
2022-08-31	208.51	210.48	205.19	205.74	1867000
2022-09-01	203.85	206.44	200.19	206.11	1500700
2022-09-02	207.72	209.37	202.04	203.67	1539800
2022-09-06	204.34	205.38	201.15	202.3	1445500
2022-09-07	203.36	211.37	202.44	210.87	1732500
2022-09-08	207.76	217.39	207.76	214.78	1827300
2022-09-09	215.86	221.89	215.45	221.32	1900400
2022-09-12	220.76	223.41	219.41	222.02	1313600
2022-09-13	214.62	216.73	210.88	211.4	2375100
2022-09-14	210.78	212.98	208.56	210.78	1490900
2022-09-15	211.0	215.49	209.17	209.62	2117500
2022-09-16	206.75	207.43	203.46	206.28	2800900
2022-09-19	203.87	204.32	199.48	202.21	2076400
2022-09-20	201.13	201.17	196.71	199.55	1627200
2022-09-21	200.39	203.52	195.0	195.04	1583300
2022-09-22	193.45	194.45	189.08	191.08	1907300
2022-09-23	190.2	191.14	186.95	190.52	1918600
2022-09-26	189.95	192.46	187.02	187.93	1751800
2022-09-27	190.56	191.5	184.94	186.38	1815800
2022-09-28	188.35	193.63	186.27	192.4	1592700
2022-09-29	189.6	191.25	187.09	189.06	1719200
2022-09-30	190.12	194.46	187.06	187.44	2094000
2022-10-03	189.4	195.17	187.97	193.36	1644600
2022-10-04	197.87	202.8	197.64	201.54	2079600
2022-10-05	198.27	202.58	196.36	201.38	1647300
2022-10-06	200.09	202.68	197.23	197.7	1502200
2022-10-07	194.65	195.6	187.62	188.68	1897100
2022-10-10	187.94	188.65	184.32	186.55	1635100
2022-10-11	186.22	189.67	183.53	185.9	1663400
2022-10-12	186.56	186.97	183.57	186.34	1628400
2022-10-13	181.11	192.44	180.07	190.38	2067300
2022-10-14	193.29	194.5	182.56	183.06	2430100
2022-10-17	186.26	190.75	185.82	190.12	2379900
2022-10-18	195.94	199.77	192.4	193.73	2957800
2022-10-19	217.94	220.98	210.36	211.14	5873000
2022-10-20	211.41	221.0	211.12	212.0	3664900
2022-10-21	210.5	219.04	206.77	218.49	3142800
2022-10-24	218.84	221.56	217.64	220.27	2430500
2022-10-25	231.03	238.07	226.11	237.87	4646800
2022-10-26	237.75	249.14	235.94	241.66	3699800
2022-10-27	242.44	244.1	238.32	241.69	2770200
2022-10-28	240.94	248.11	240.4	244.16	2901600
2022-10-31	243.0	248.41	242.79	246.47	2704400
2022-11-01	248.07	251.29	245.19	246.86	2277400
2022-11-02	245.43	247.97	236.0	236.13	2708300
2022-11-03	233.01	236.16	231.07	234.19	2341300
2022-11-04	237.92	240.77	233.7	239.53	1895900
2022-11-07	241.72	244.2	239.8	242.33	2107900
2022-11-08	242.18	245.75	237.56	240.7	1589700
2022-11-09	238.76	241.13	235.58	236.13	1761500
2022-11-10	248.66	258.73	247.03	257.86	3949800
2022-11-11	255.74	267.67	255.74	265.08	3188300
2022-11-14	262.19	263.09	257.84	259.44	2283600
2022-11-15	262.96	266.14	261.09	264.18	2068400
2022-11-16	264.84	265.38	260.99	263.04	1619900
2022-11-17	258.46	262.0	255.4	260.77	1981400
2022-11-18	264.44	266.6	260.05	262.11	1579000
2022-11-21	260.96	264.81	259.64	260.35	1805100
2022-11-22	258.99	263.75	258.48	262.9	1369100
2022-11-23	264.49	267.11	262.83	264.45	1532200
2022-11-25	263.69	265.35	261.41	265.13	788100
2022-11-28	264.54	266.5	261.82	262.64	1406500
2022-11-29	262.04	262.99	257.2	258.8	1497600
2022-11-30	260.48	270.48	260.48	270.39	3377200
2022-12-01	270.39	275.83	269.9	274.49	1870200
2022-12-02	268.15	272.96	267.43	272.25	1629100
2022-12-05	269.14	271.25	267.22	269.72	1504900
2022-12-06	269.0	269.42	264.51	266.31	1477800
2022-12-07	266.19	268.6	265.14	267.96	1195600
2022-12-08	270.71	274.2	268.63	272.02	1431600
2022-12-09	270.49	273.79	269.94	270.6	2102900
2022-12-12	272.22	274.06	270.0	273.84	1887600
2022-12-13	284.92	285.06	276.88	281.74	2938200
2022-12-14	280.75	285.09	277.39	280.65	2945100
2022-12-15	275.08	275.28	266.34	267.3	2590300
2022-12-16	264.71	265.78	261.06	264.68	5296800
2022-12-19	264.99	264.99	260.39	261.01	2004200
2022-12-20	261.1	262.11	257.76	261.8	2056600
2022-12-21	263.69	267.27	262.54	266.16	1626000
2022-12-22	263.48	264.29	259.0	263.61	2015500
2022-12-23	261.92	263.99	260.51	262.66	1042000
2022-12-27	262.76	265.5	260.59	263.97	957400
2022-12-28	262.94	267.51	261.54	261.65	855600
2022-12-29	263.24	269.83	261.85	267.79	814800
2022-12-30	265.31	265.47	261.43	265.35	871100
2023-01-03	269.59	270.89	263.67	265.63	1391900
2023-01-04	269.36	271.01	266.84	270.0	1435400
2023-01-05	267.69	271.87	266.51	268.62	1803700
2023-01-06	271.17	273.4	264.68	270.39	1659500
2023-01-09	272.59	273.58	264.21	264.93	1509000
2023-01-10	263.33	271.41	263.33	271.36	1316900
2023-01-11	261.39	265.49	254.56	259.96	3506800
2023-01-12	258.74	260.35	254.98	256.94	1925100
2023-01-13	255.4	259.8	253.77	258.9	1715900
2023-01-17	258.48	261.97	254.86	261.73	1595300
2023-01-18	261.57	264.89	255.61	256.35	1641600
2023-01-19	254.84	255.68	250.62	252.5	1758500
2023-01-20	252.44	256.84	248.96	256.77	1968300
2023-01-23	256.77	257.87	254.01	255.98	2008600
2023-01-24	254.6	259.4	254.23	257.98	3127200
2023-01-25	241.09	247.0	238.84	243.8	5863600
2023-01-26	246.48	250.82	243.5	250.55	1788300
2023-01-27	248.58	250.21	246.89	247.26	1568500
2023-01-30	245.0	246.81	241.98	242.23	1643000
2023-01-31	243.2	245.73	241.19	245.69	1782600
2023-02-01	246.8	253.54	244.66	251.19	1646600
2023-02-02	253.85	261.95	252.88	260.9	2197300
2023-02-03	257.81	260.5	252.93	254.68	1691300
2023-02-06	251.76	252.97	248.24	248.98	1329100
2023-02-07	247.81	254.55	246.9	253.06	1359500
2023-02-08	249.15	253.23	248.2	248.85	1318900
2023-02-09	250.52	251.07	243.65	244.18	1425900
2023-02-10	242.91	246.53	242.6	245.27	1199400
2023-02-13	246.09	246.54	244.74	245.13	1276800
2023-02-14	243.42	245.66	239.67	241.09	1799200
2023-02-15	239.75	245.5	239.1	244.77	1340800
2023-02-16	240.77	244.06	238.54	240.16	1615200
2023-02-17	238.95	240.02	236.61	238.91	1595600
2023-02-21	236.55	236.98	232.87	233.58	1852000
2023-02-22	233.88	236.49	232.96	233.55	1456200
2023-02-23	234.85	235.82	231.93	234.9	1427100
2023-02-24	230.61	232.39	229.04	231.05	1416900
2023-02-27	233.96	233.96	231.0	231.74	1421500
2023-02-28	230.74	231.74	228.74	229.39	1366600
2023-03-01	228.47	229.29	226.28	227.33	1290800
2023-03-02	226.07	229.41	224.48	228.9	1153000
2023-03-03	230.48	235.2	229.29	234.87	1458300
2023-03-06	233.59	236.78	233.04	234.85	1204900
2023-03-07	235.42	236.14	229.42	230.71	1680400
2023-03-08	230.0	231.71	227.96	231.09	661800
2023-03-09	232.73	235.26	228.18	228.57	1181600
2023-03-10	228.77	229.76	223.39	224.75	1778500
2023-03-13	224.0	232.45	222.65	227.78	1539200
2023-03-14	232.54	235.62	231.17	235.28	2109500
2023-03-15	232.01	235.81	229.72	234.18	1594000
2023-03-16	232.59	242.37	231.5	240.5	2072100
2023-03-17	240.39	242.0	236.26	237.8	2304600
2023-03-20	238.12	242.03	237.58	240.5	995500
2023-03-21	242.45	247.37	242.12	246.68	1560300
2023-03-22	245.44	248.28	240.54	240.81	1151800
2023-03-23	244.12	247.31	242.29	244.47	1734900
2023-03-24	248.0	257.46	248.0	256.42	3269600
2023-03-27	257.51	259.02	251.89	252.57	1682700
2023-03-28	253.0	253.37	248.5	249.49	1179500
2023-03-29	250.0	251.55	246.63	250.76	1538200
2023-03-30	254.05	254.2	248.29	251.3	1908900
2023-03-31	253.22	256.74	252.07	255.47	1575200
2023-04-03	254.3	254.44	250.01	253.53	1554700
2023-04-04	253.58	256.23	253.11	254.71	1354800
2023-04-05	254.23	258.89	253.75	257.99	1366300
2023-04-06	258.33	259.33	255.24	256.9	1026500
2023-04-10	255.6	259.11	252.04	258.94	1160800
2023-04-11	259.6	263.62	259.17	262.77	1620600
2023-04-12	265.0	265.9	261.42	261.77	1154200
2023-04-13	264.0	266.7	262.87	266.56	1444500
2023-04-14	265.54	268.4	264.57	267.02	1319600
2023-04-17	266.99	268.94	265.83	268.89	1231000
2023-04-18	270.0	270.23	266.45	269.28	2632800
2023-04-19	292.0	304.84	292.0	298.57	6178200
2023-04-20	298.96	302.23	296.76	297.41	2809100
2023-04-21	297.87	300.88	296.5	300.22	2180200
2023-04-24	299.11	303.1	297.73	300.46	2154600
2023-04-25	299.83	301.57	292.91	294.97	2431200
2023-04-26	293.03	296.95	291.02	294.96	1649600
2023-04-27	295.41	296.31	290.67	295.92	1487100
2023-04-28	297.62	301.57	296.76	301.22	1940800
2023-05-01	301.0	308.46	300.26	303.02	1440300
2023-05-02	300.71	302.89	297.63	301.22	1688400
2023-05-03	302.99	307.76	302.24	305.06	1522400
2023-05-04	303.53	304.99	300.79	303.21	1402200
2023-05-05	303.33	305.48	301.26	304.88	1225600
2023-05-08	304.54	304.6	301.01	303.09	1048900
2023-05-09	303.08	303.08	300.33	301.55	1122200
2023-05-10	303.1	304.05	300.53	302.59	1274000
2023-05-11	302.0	304.19	300.41	303.47	1305100
2023-05-12	304.28	305.95	303.09	305.27	950200
2023-05-15	305.01	308.28	304.85	308.05	1308500
2023-05-16	306.67	308.36	306.1	306.61	811900
2023-05-17	307.51	308.78	303.96	308.22	1261600
2023-05-18	307.87	312.65	307.04	312.23	1391600
2023-05-19	313.0	315.2	311.42	313.61	1370800
2023-05-22	312.83	317.81	312.57	313.62	1046200
2023-05-23	311.23	311.92	297.83	301.44	1631200
2023-05-24	300.01	303.65	299.2	302.48	1192600
2023-05-25	299.95	305.24	297.38	303.77	1672900
2023-05-26	302.76	307.86	302.76	306.9	1440600
2023-05-30	308.88	313.13	305.97	307.07	1804700
2023-05-31	307.0	308.26	300.14	307.84	2454700
2023-06-01	308.0	311.33	305.58	310.54	1175600
2023-06-02	310.54	313.47	308.82	312.18	1276200
2023-06-05	311.85	318.62	310.87	317.49	1514700
2023-06-06	316.9	318.92	313.0	315.72	1132900
2023-06-07	314.67	314.82	306.79	307.24	1368600
2023-06-08	306.32	311.23	304.79	310.82	1126600
2023-06-09	310.82	313.5	308.61	312.76	938500
2023-06-12	313.83	316.28	312.0	313.64	1470300
2023-06-13	313.47	316.98	312.69	315.45	1052700
2023-06-14	323.07	327.42	319.25	323.07	2142400
2023-06-15	322.24	330.53	320.45	328.27	1783700
2023-06-16	331.69	333.14	328.0	329.36	3113000
2023-06-20	328.0	329.68	324.07	327.83	1726100
2023-06-21	327.83	327.83	322.15	323.74	1445200
2023-06-22	323.69	328.28	322.28	327.62	864400
2023-06-23	324.71	328.68	323.72	327.26	1589100
2023-06-26	326.6	328.43	323.23	325.16	1309300
2023-06-27	329.51	330.99	325.29	330.02	1268100
2023-06-28	330.0	334.51	329.48	332.98	1089000
2023-06-29	335.0	340.59	334.61	338.49	1679300
2023-06-30	341.33	344.08	340.57	341.94	1506100
2023-07-03	339.92	339.92	334.25	336.03	826000
2023-07-05	334.16	336.28	331.44	333.89	1048400
2023-07-06	328.78	331.65	328.02	330.14	1166400
2023-07-07	329.99	332.97	327.62	331.29	2015400
2023-07-10	333.33	341.15	333.33	340.27	2036700
2023-07-11	340.92	342.76	336.64	339.11	1850400
2023-07-12	342.88	348.63	341.45	347.59	1723500
2023-07-13	348.32	349.58	345.95	346.97	2314700
2023-07-14	347.5	355.38	346.4	354.0	2072600
2023-07-17	354.0	355.54	348.6	353.84	1812200
2023-07-18	351.61	355.5	346.54	354.93	2236300
2023-07-19	357.64	358.07	348.0	349.7	2580100
2023-07-20	350.05	353.46	346.85	347.66	3442600
2023-07-21	335.91	345.4	329.53	336.66	9157600
2023-07-24	336.76	337.85	322.64	323.56	2998000
2023-07-25	322.76	331.56	322.46	330.9	2021400
2023-07-26	328.27	331.02	326.56	329.37	1258800
2023-07-27	331.71	333.68	322.66	323.56	1641400
2023-07-28	327.4	328.7	324.93	326.53	1467700
2023-07-31	325.89	326.27	321.91	324.4	1439000
2023-08-01	322.0	324.52	321.7	323.95	1346600
2023-08-02	320.59	322.62	313.34	313.87	1907100
2023-08-03	310.38	313.29	306.09	311.28	1635400
2023-08-04	311.9	313.27	308.25	309.31	1656900
2023-08-07	310.0	312.86	307.66	309.24	1658700
2023-08-08	306.24	306.27	297.17	302.87	2272400
2023-08-09	302.87	307.4	302.47	304.1	1219000
2023-08-10	305.75	308.6	303.82	304.67	1054800
2023-08-11	302.93	306.09	302.52	304.49	933700
2023-08-14	304.86	305.89	303.23	305.08	950700
2023-08-15	306.09	312.3	305.93	306.62	1342200
2023-08-16	305.6	306.27	299.1	299.32	1441500
2023-08-17	298.06	299.57	289.11	290.08	2061400
2023-08-18	287.46	291.06	284.88	285.95	2983700
2023-08-21	286.12	286.88	282.5	286.67	1776700
2023-08-22	287.73	289.08	285.73	287.16	1161000
2023-08-23	287.56	292.7	287.56	290.39	1321800
2023-08-24	292.88	293.49	285.47	285.64	1558800
2023-08-25	287.28	298.36	286.74	297.55	1920600
2023-08-28	301.22	304.91	300.0	301.48	1450300
2023-08-29	301.5	311.08	301.5	310.39	1804700
2023-08-30	312.05	319.52	312.05	318.58	2092100
2023-08-31	319.6	321.31	312.46	312.68	2076900
2023-09-01	317.55	318.2	309.2	310.41	1335700
2023-09-05	310.0	311.38	306.68	307.68	944100
2023-09-06	309.48	309.65	303.8	307.84	1171200
2023-09-07	305.53	305.97	295.01	297.22	2117300
2023-09-08	297.55	300.22	296.58	298.22	1507500
2023-09-11	300.0	304.19	298.7	302.35	1566500
2023-09-12	300.92	302.88	300.0	301.55	1205400
2023-09-13	301.05	304.95	300.14	302.7	1225300
2023-09-14	305.23	305.87	299.81	303.74	1348400
2023-09-15	303.74	304.04	294.85	295.54	2791900
2023-09-18	296.13	303.8	296.0	298.17	1007000
2023-09-19	298.17	300.48	295.25	299.65	1076500
2023-09-20	303.17	303.39	291.79	291.96	1391200
2023-09-21	290.06	290.66	283.74	284.35	2039400
2023-09-22	286.49	293.92	284.42	288.2	1962400
2023-09-25	286.4	293.39	285.74	293.25	1519300
2023-09-26	291.73	292.85	288.95	290.74	1297500
2023-09-27	292.0	297.46	288.55	291.43	1749100
2023-09-28	292.13	297.4	292.13	296.15	1206400
2023-09-29	297.87	298.35	291.7	292.29	1294200
2023-10-02	291.96	296.39	290.01	294.98	978200
2023-10-03	291.54	292.83	286.47	288.04	1059900
2023-10-04	289.62	290.82	285.47	290.28	1123900
2023-10-05	291.85	292.45	284.8	290.09	963200
2023-10-06	286.47	296.73	284.99	295.68	1444000
2023-10-09	293.13	295.13	289.6	294.49	920400
2023-10-10	295.13	301.07	292.52	297.83	1459800
2023-10-11	298.66	298.72	278.21	281.79	3560400
2023-10-12	281.93	283.27	265.6	266.12	5153300
2023-10-13	266.83	273.72	265.5	273.15	2937700
2023-10-16	276.0	278.61	270.6	274.16	2283100
2023-10-17	272.41	279.62	268.43	275.37	2518700
2023-10-18	275.0	278.7	273.05	275.52	1993100
2023-10-19	277.1	278.13	271.71	273.45	3022800
2023-10-20	260.05	269.49	256.72	266.91	7002500
2023-10-23	268.5	278.18	267.05	272.59	2556200
2023-10-24	271.93	280.02	271.77	277.39	2529000
2023-10-25	280.13	281.88	266.13	266.61	2618100
2023-10-26	264.24	264.24	255.95	259.51	2924900
2023-10-27	263.82	264.77	257.01	258.98	1861700
2023-10-30	260.08	261.15	254.85	258.49	2277800
2023-10-31	260.39	263.95	260.17	262.22	2373300
2023-11-01	262.17	272.18	262.0	270.46	2087300
2023-11-02	274.57	278.15	272.63	277.89	1965800
2023-11-03	280.22	281.58	277.39	278.52	1310900
2023-11-06	278.13	279.52	273.7	277.26	1156000
2023-11-07	277.22	279.62	275.27	278.69	1810200
2023-11-08	280.5	282.45	276.8	277.93	1620200
2023-11-09	277.98	278.95	271.9	272.4	1095200
2023-11-10	273.41	278.55	269.49	277.49	1536400
2023-11-13	285.33	289.99	281.12	282.48	1772500
2023-11-14	288.37	294.14	287.98	291.62	1847700
2023-11-15	291.39	297.34	291.39	293.22	1889600
2023-11-16	296.79	305.3	295.02	303.95	2296100
2023-11-17	306.34	311.24	304.62	305.28	2993400
2023-11-20	305.44	312.2	305.0	311.34	1746300
2023-11-21	311.0	312.22	308.85	311.82	1461600
2023-11-22	315.0	317.39	313.92	315.8	1199700
2023-11-24	316.95	318.26	316.0	318.01	601300
2023-11-27	314.68	316.0	312.02	314.98	1084300
2023-11-28	311.84	312.76	309.26	310.95	1559000
2023-11-29	312.0	316.31	309.96	310.76	1388900
2023-11-30	310.76	311.99	304.7	310.84	2437500
2023-12-01	310.59	315.64	308.73	315.2	1388700
2023-12-04	311.92	315.93	308.91	311.84	1431200
2023-12-05	312.0	312.0	304.5	309.52	1246300
2023-12-06	311.39	313.6	308.61	310.26	1182600
2023-12-07	310.97	312.75	307.72	311.56	1313400
2023-12-08	310.52	312.88	308.58	310.42	1222900
2023-12-11	310.0	319.8	309.8	315.43	1730900
2023-12-12	316.96	321.36	314.38	320.71	1371300
2023-12-13	320.68	329.45	320.22	328.96	1447000
2023-12-14	330.0	332.61	324.83	326.18	2068800
2023-12-15	325.83	327.0	322.59	324.35	3637200
2023-12-18	325.73	331.99	325.01	328.42	1937800
2023-12-19	328.42	336.58	328.0	335.72	2276700
2023-12-20	334.05	334.05	325.26	325.43	1845600
2023-12-21	328.97	333.98	327.53	333.45	1969700
2023-12-22	334.52	337.06	333.46	336.26	1024900
2023-12-26	336.92	338.35	335.21	337.39	736700
2023-12-27	337.0	337.67	335.07	337.47	750000
2023-12-28	337.01	340.49	336.34	338.39	740700
2023-12-29	337.83	339.26	336.62	337.36	1303300
2024-01-02	333.0	336.2	328.38	330.98	1379200
2024-01-03	328.1	328.1	320.68	322.13	1596500
2024-01-04	320.43	326.41	320.26	323.27	1471700
2024-01-05	322.55	327.52	321.31	322.5	1042100
2024-01-08	324.5	329.53	324.12	328.86	1463300
2024-01-09	326.03	332.8	325.77	330.56	1421600
2024-01-10	348.0	364.87	345.53	364.45	4868400
2024-01-11	364.45	366.8	357.63	362.31	2230600
2024-01-12	365.0	366.86	360.96	363.71	1456300
2024-01-16	363.39	364.48	359.4	362.33	1494800
2024-01-17	358.4	361.23	355.17	358.88	1246100
2024-01-18	369.88	374.18	366.79	371.93	2533100
2024-01-19	374.0	376.9	370.66	374.82	2392500
2024-01-22	377.91	379.39	375.07	375.81	1813100
2024-01-23	377.25	377.8	367.5	371.41	2393800
2024-01-24	383.93	384.0	362.14	370.07	4949700
2024-01-25	372.61	377.33	370.6	374.97	1873300
2024-01-26	371.6	375.06	368.01	374.76	2144700
2024-01-29	374.41	379.34	373.06	379.16	1603000
2024-01-30	377.37	381.79	376.42	377.29	1375300
2024-01-31	378.5	383.74	375.6	378.22	1802100
2024-02-01	378.41	384.29	375.67	383.83	1630100
2024-02-02	382.33	385.43	377.9	383.77	1773500
2024-02-05	384.47	388.62	380.57	383.94	1575100
2024-02-06	385.26	389.79	384.12	389.69	1694300
2024-02-07	390.38	392.0	385.72	391.38	1458800
2024-02-08	389.51	391.6	385.36	386.94	998700
2024-02-09	387.46	389.92	383.05	388.22	1233900
2024-02-12	386.09	387.36	381.07	382.13	1569900
2024-02-13	375.0	383.25	371.0	378.89	1705300
2024-02-14	380.09	381.91	378.0	381.76	1147600
2024-02-15	382.03	383.0	377.54	380.17	1053100
2024-02-16	378.29	381.15	376.0	378.63	1272000
2024-02-20	379.69	382.88	374.61	377.64	1483400
2024-02-21	376.75	380.47	373.15	380.23	1215800
2024-02-22	382.43	389.68	382.21	389.08	1540700
2024-02-23	389.08	391.25	387.28	389.77	1000300
2024-02-26	389.4	391.81	386.15	388.27	1024500
2024-02-27	386.46	389.47	385.28	386.46	1042900
2024-02-28	384.6	386.75	383.56	386.59	902800
2024-02-29	384.41	389.26	383.93	385.6	2134800
2024-03-01	383.48	399.67	382.32	397.9	2193900
2024-03-04	398.3	403.0	396.51	400.59	1943700
2024-03-05	400.0	400.41	386.3	387.32	1610500
2024-03-06	386.76	393.14	386.76	388.16	1203200
2024-03-07	393.3	396.61	390.35	392.68	1797500
2024-03-08	392.02	395.93	390.79	391.85	1738000
2024-03-11	391.0	391.0	377.44	378.9	1602300
2024-03-12	378.9	390.26	378.52	389.4	1446500
2024-03-13	389.67	390.69	380.99	382.99	1448000
2024-03-14	383.23	384.43	376.6	384.31	1413000
2024-03-15	398.16	398.16	382.63	396.28	3906800
2024-03-18	399.6	401.27	390.79	392.62	1654500
2024-03-19	391.99	392.58	381.77	390.53	1610700
2024-03-20	390.39	390.67	384.4	390.37	930000
2024-03-21	394.0	397.0	391.93	391.96	920800
2024-03-22	392.45	394.51	387.17	394.07	1562600
2024-03-25	393.59	396.9	390.5	391.71	1117300
2024-03-26	394.37	399.56	392.29	397.63	1543000
2024-03-27	403.02	403.76	397.5	400.1	1374600
2024-03-28	401.45	402.5	397.06	399.09	1124700
2024-04-01	399.0	399.64	392.22	394.87	1159800
2024-04-02	391.99	391.99	380.51	382.36	2334100
2024-04-03	383.77	388.29	382.22	383.42	1634200
2024-04-04	387.76	389.03	378.62	378.92	1602900
2024-04-05	381.12	393.66	379.24	388.39	1404400
2024-04-08	388.39	389.89	383.04	386.93	947200
2024-04-09	389.95	391.18	383.81	390.96	1120400
2024-04-10	387.16	391.46	385.51	388.46	1198800
2024-04-11	387.58	392.8	387.58	392.26	1186500
2024-04-12	387.0	388.26	380.71	384.8	1475900
2024-04-15	392.25	392.29	376.33	377.36	1650700
2024-04-16	376.63	383.85	371.54	378.55	1603000
2024-04-17	378.93	379.71	371.14	374.17	1625500
2024-04-18	372.57	375.33	369.15	372.63	2320500
2024-04-19	385.27	388.65	364.17	366.34	3975900
2024-04-22	369.54	371.83	364.31	368.93	1603100
2024-04-23	370.88	379.77	368.68	377.08	1858800
2024-04-24	374.0	383.62	372.83	375.01	1325600
2024-04-25	374.12	375.46	367.66	373.12	1262500
2024-04-26	368.1	377.83	368.1	375.33	927700
2024-04-29	375.39	377.99	372.06	374.14	983200
2024-04-30	373.18	373.68	368.75	370.62	1213200
2024-05-01	369.57	379.5	368.6	371.7	952200
2024-05-02	373.64	377.88	367.39	377.65	1208600
2024-05-03	380.0	384.47	378.87	381.36	1028800
2024-05-06	382.63	384.35	380.6	383.05	878200
2024-05-07	385.01	389.78	383.05	388.65	932800
2024-05-08	384.93	386.01	380.13	380.37	1108000
2024-05-09	381.79	387.33	380.69	385.45	882200
2024-05-10	385.55	389.76	383.88	386.7	853100
2024-05-13	389.16	389.16	380.65	380.88	1070900
2024-05-14	382.4	384.81	379.67	384.19	913300
2024-05-15	387.22	399.66	386.0	399.39	1200800
2024-05-16	398.28	401.36	396.02	396.43	1083800
2024-05-17	396.19	398.96	393.98	398.82	720300
2024-05-20	398.58	400.41	395.6	400.03	951200
2024-05-21	400.0	403.0	397.1	402.11	1283200
2024-05-22	402.56	408.43	399.17	400.9	1355700
2024-05-23	402.47	405.38	396.38	398.39	1189400
2024-05-24	397.61	407.33	397.01	404.85	1082000
2024-05-28	403.85	405.99	398.29	401.03	964200
2024-05-29	396.59	403.0	396.15	398.4	958200
2024-05-30	405.0	412.29	400.49	403.39	1650900
2024-05-31	404.94	408.9	396.48	402.12	1983000
2024-06-03	402.89	405.33	398.6	403.86	913100
2024-06-04	402.55	408.01	397.47	406.61	936200
2024-06-05	407.72	418.14	407.33	417.24	2226600
2024-06-06	413.92	419.17	405.08	418.15	1733300
2024-06-07	418.13	420.57	415.8	417.61	1199500
2024-06-10	416.6	419.87	413.52	418.38	815800
2024-06-11	417.04	420.22	415.2	418.78	907900
2024-06-12	421.06	428.86	420.86	428.1	1251700
2024-06-13	424.74	428.0	422.51	422.9	1142900
2024-06-14	418.8	426.32	413.98	425.78	941000
2024-06-17	425.36	431.6	423.58	430.0	1125200
2024-06-18	429.05	436.94	428.75	435.0	1384400
2024-06-20	435.99	437.2	428.67	432.55	1291400
2024-06-21	436.08	436.08	430.0	432.56	2754800
2024-06-24	432.78	435.7	426.97	429.04	1610400
2024-06-25	431.12	443.81	430.49	442.31	2475200
2024-06-26	441.25	443.83	437.71	442.56	1360300
2024-06-27	442.1	445.79	439.61	445.11	1225800
2024-06-28	444.74	447.11	441.49	444.85	3106100
2024-07-01	445.85	448.1	433.79	436.24	1658900
2024-07-02	436.31	439.64	432.2	438.81	1091400
2024-07-03	439.0	439.0	432.9	434.81	826400
2024-07-05	437.94	445.05	433.44	443.76	1114500
2024-07-08	442.04	445.96	441.56	444.53	1280600
2024-07-09	447.62	447.62	441.27	442.3	889100
2024-07-10	441.69	445.48	438.85	444.74	1082900
2024-07-11	444.74	449.0	442.7	443.5	1818500
2024-07-12	442.84	447.14	439.61	444.16	1151600
2024-07-15	444.0	444.4	433.91	437.25	1573000
2024-07-16	440.84	442.09	433.22	438.01	1436100
2024-07-17	430.01	436.33	426.01	426.23	2388600
2024-07-18	425.0	427.33	413.82	416.14	3856000
2024-07-19	449.43	456.81	439.0	455.01	4201300
2024-07-22	462.33	468.78	459.18	461.12	2574400
2024-07-23	459.1	462.61	454.36	455.06	1753100
2024-07-24	455.25	460.59	452.25	454.02	2296500
2024-07-25	453.22	457.37	436.2	436.74	1819200
2024-07-26	438.6	446.16	432.87	441.3	1196500
2024-07-29	446.6	448.27	439.41	443.66	1120400
2024-07-30	443.66	448.58	431.56	432.69	1547700
2024-07-31	438.5	447.31	432.41	444.61	1763200
2024-08-01	443.3	452.72	443.3	450.94	2017900
2024-08-02	455.73	455.73	439.89	449.73	2059600
2024-08-05	437.55	444.58	429.6	438.0	2465700
2024-08-06	439.01	456.24	438.66	447.66	1686100
2024-08-07	452.0	461.71	448.59	449.26	1713000
2024-08-08	453.6	464.14	451.06	463.61	1289200
2024-08-09	462.59	465.7	460.12	463.43	1022600
2024-08-12	464.76	466.82	458.27	465.53	1013800
2024-08-13	468.23	470.49	463.01	469.23	891600
2024-08-14	468.78	473.75	466.34	471.21	1109500
2024-08-15	476.87	480.54	474.16	480.17	1599900
2024-08-16	478.01	482.5	477.1	478.98	809100
2024-08-19	475.44	482.78	475.44	482.16	977800
2024-08-20	483.0	488.48	482.33	483.21	885500
2024-08-21	484.2	488.47	482.0	487.42	886300
2024-08-22	490.0	491.83	486.92	490.43	1137800
2024-08-23	492.62	493.97	478.18	486.55	1155200
2024-08-26	486.88	487.28	476.88	479.19	1170900
2024-08-27	478.44	483.57	477.0	482.35	939900
2024-08-28	482.93	485.36	479.24	482.21	960100
2024-08-29	482.21	491.66	481.25	487.17	939600
2024-08-30	489.16	493.44	485.28	492.63	1097700
2024-09-03	491.67	493.42	480.8	483.44	1356300
2024-09-04	480.96	484.65	478.28	481.73	1321000
2024-09-05	480.32	480.32	468.46	476.69	1194800
2024-09-06	476.92	478.25	466.0	471.82	1700000
2024-09-09	475.0	479.99	473.98	479.39	1121500
2024-09-10	477.5	484.79	477.5	484.24	1006500
2024-09-11	484.18	491.83	477.08	490.93	1239200
2024-09-12	491.91	494.15	486.05	494.01	1128000
2024-09-13	490.28	496.18	489.19	489.86	1238000
2024-09-16	493.47	494.01	488.57	491.39	921200
2024-09-17	491.27	491.27	482.38	483.32	1162600
2024-09-18	484.21	488.75	479.58	482.09	982300
2024-09-19	492.0	492.74	486.98	490.01	1225000
2024-09-20	485.11	486.3	480.16	486.2	2734000
2024-09-23	488.5	491.83	486.27	489.07	927200
2024-09-24	490.51	490.51	482.35	484.4	1120800
2024-09-25	486.0	487.12	482.29	484.39	897800
2024-09-26	488.25	490.95	484.76	486.33	871400
2024-09-27	490.03	490.03	478.57	479.18	1013300
2024-09-30	480.0	492.25	478.69	491.27	1654100
2024-10-01	492.5	496.48	481.71	484.76	1181100
2024-10-02	482.72	489.71	478.62	486.62	740900
2024-10-03	484.42	486.0	478.56	479.63	764500
2024-10-04	484.45	484.45	476.6	481.95	903700
2024-10-07	476.86	479.31	470.06	471.23	1175200
2024-10-08	473.79	482.88	473.79	480.79	1040300
2024-10-09	480.6	490.58	478.49	490.38	1061000
2024-10-10	486.23	488.26	483.2	483.84	942100
2024-10-11	486.0	487.58	483.12	484.78	1170000
2024-10-14	487.04	488.63	483.97	487.61	883500
2024-10-15	488.0	489.63	476.68	478.47	1313300
2024-10-16	478.11	479.52	473.51	476.59	1037500
2024-10-17	481.06	481.06	472.12	473.73	1959000
2024-10-18	496.0	523.34	495.0	521.15	4059200
2024-10-21	519.04	522.67	514.55	518.86	1309600
2024-10-22	515.0	519.18	511.81	517.5	1341500
2024-10-23	513.89	516.0	507.28	512.58	1120000
2024-10-24	510.79	515.31	509.78	511.63	755400
2024-10-25	514.0	516.89	510.46	511.27	982200
2024-10-28	513.66	514.33	508.28	510.88	842800
2024-10-29	506.52	517.5	504.35	516.31	1064800
2024-10-30	516.56	516.99	508.01	513.77	1113100
2024-10-31	510.01	511.06	500.67	503.84	1468700
2024-11-01	502.02	510.81	502.01	506.34	1041900
2024-11-04	504.32	511.21	503.85	507.42	849500
2024-11-05	506.33	518.25	506.33	515.17	1113400
2024-11-06	523.13	525.0	506.8	515.55	1776100
2024-11-07	516.0	524.83	515.58	524.28	1209000
2024-11-08	525.5	538.49	524.0	536.45	1427700
2024-11-11	539.89	542.59	534.57	535.75	2097800
2024-11-12	534.0	538.91	531.69	537.07	1455900
2024-11-13	535.43	540.02	534.04	536.69	1405200
2024-11-14	537.36	544.38	537.13	537.8	1908300
2024-11-15	533.21	536.98	526.71	527.61	1447800
2024-11-18	527.36	537.53	526.61	531.64	1268000
2024-11-19	527.57	540.08	526.01	538.82	1143200
2024-11-20	538.78	542.37	533.83	541.82	985400
2024-11-21	544.85	551.78	540.36	550.62	1396000
2024-11-22	549.84	552.0	541.99	547.87	1375400
2024-11-25	548.82	549.31	533.56	536.55	2076800
2024-11-26	542.06	545.0	537.28	542.1	1152600
2024-11-27	543.08	543.97	538.23	538.55	938400
2024-11-29	539.0	543.17	536.03	542.0	718600
2024-12-02	546.3	546.45	540.2	542.85	1005300
2024-12-03	537.02	541.99	533.01	541.71	1379300
2024-12-04	542.01	552.08	539.2	549.95	1350400
2024-12-05	548.0	551.81	544.43	547.65	945200
2024-12-06	548.21	556.23	548.21	550.41	1026200
2024-12-09	552.31	553.56	532.14	538.86	1429200
2024-12-10	540.16	543.33	536.68	538.09	1048000
2024-12-11	538.22	548.53	538.22	543.6	999400
2024-12-12	543.1	550.47	541.37	544.72	1213300
2024-12-13	542.59	547.1	539.03	539.58	1071400
2024-12-16	539.98	547.9	539.11	541.99	1534700
2024-12-17	539.5	546.01	531.42	545.16	1475800
2024-12-18	543.12	547.19	526.23	526.47	1488100
2024-12-19	532.74	536.5	523.41	523.91	2064500
2024-12-20	521.45	530.97	516.18	524.43	3933900
2024-12-23	524.88	527.94	520.03	527.22	1069800
2024-12-24	528.01	537.36	527.26	537.02	629200
2024-12-26	534.86	540.13	533.99	538.83	765700
2024-12-27	536.01	537.34	529.31	534.88	1013200
2024-12-30	528.43	529.02	520.56	526.96	899600
2024-12-31	527.77	529.81	520.01	521.96	884000
2025-01-02	521.19	528.89	520.92	524.03	907700
2025-01-03	527.61	536.65	525.35	535.29	1250900
2025-01-06	535.29	543.74	532.15	542.37	1229200
2025-01-07	547.67	550.0	530.45	531.88	1589500
2025-01-08	533.33	547.47	532.0	544.02	1359300
2025-01-10	540.56	550.18	537.17	547.47	1732300
2025-01-13	543.4	543.75	530.25	539.75	1461300
2025-01-14	539.28	544.55	535.59	538.88	1355100
2025-01-15	555.05	584.6	549.17	580.11	3553400
2025-01-16	582.6	585.5	573.0	584.08	2119400
2025-01-17	597.68	597.68	583.24	592.64	2635200
2025-01-21	598.11	606.27	593.82	604.12	1993500
2025-01-22	608.03	614.72	602.45	610.45	2100600
2025-01-23	612.0	616.0	602.0	608.66	2322200
2025-01-24	581.9	591.91	573.32	584.05	4357700
2025-01-27	574.68	579.34	563.35	573.48	2441600
2025-01-28	566.6	584.48	563.85	574.14	2332100
2025-01-29	571.11	578.41	569.49	572.71	1597900
2025-01-30	581.24	584.42	577.35	580.18	1986700
2025-01-31	576.74	586.89	570.86	571.88	1826100
2025-02-03	564.87	583.58	563.27	578.55	1830800
2025-02-04	573.21	582.85	573.08	579.65	1416100
2025-02-05	580.46	592.64	580.16	590.9	1521400
2025-02-06	592.78	592.86	585.4	588.5	1007800
2025-02-07	590.5	594.08	582.16	582.98	1061000
2025-02-10	590.0	595.96	586.77	595.7	1249000
2025-02-11	591.23	592.83	587.0	591.65	837100
2025-02-12	586.49	591.82	581.05	589.61	1115400
2025-02-13	590.86	593.17	583.23	591.39	1270400
2025-02-14	593.16	599.26	588.52	595.55	1188800
2025-02-18	595.46	601.59	586.61	600.89	1696000
2025-02-19	601.33	609.08	596.47	608.48	1286300
2025-02-20	607.15	608.17	597.77	606.57	1328200
2025-02-21	605.09	607.35	590.37	591.79	1675100
2025-02-24	594.47	600.58	590.66	591.01	1441500
2025-02-25	583.7	584.88	556.2	573.74	2549500
2025-02-26	570.85	586.74	569.64	580.93	1098300
2025-02-27	581.83	583.25	562.4	563.77	1482900
2025-02-28	566.95	574.0	556.75	573.15	2401400
2025-03-03	573.78	584.9	563.96	566.98	1708300
2025-03-04	563.69	565.8	545.54	557.96	2209300
2025-03-05	554.17	569.0	554.17	568.02	2039200
2025-03-06	558.95	561.69	537.51	538.57	2367200
2025-03-07	533.18	534.24	502.84	518.26	3687900
2025-03-10	503.91	503.91	476.37	482.61	5517400
2025-03-11	481.23	496.19	478.45	493.72	3223400
2025-03-12	511.06	519.51	496.31	497.3	2558700
2025-03-13	498.71	500.76	474.37	476.78	3645400
2025-03-14	482.69	492.28	476.57	484.44	4239200
2025-03-17	480.0	495.82	474.9	488.8	3211500
2025-03-18	487.34	488.55	478.41	483.95	1728800
2025-03-19	486.0	496.27	482.8	492.06	2098400
2025-03-20	490.4	500.29	490.28	491.81	2108800
2025-03-21	483.11	492.75	477.28	492.49	3377200
2025-03-24	504.74	510.78	501.84	508.58	1905100
2025-03-25	514.0	520.39	511.95	519.81	2527100
2025-03-26	520.89	520.89	506.69	509.03	1979500
2025-03-27	505.98	513.05	502.29	507.9	1472900
2025-03-28	505.06	505.19	488.57	491.84	1967300
2025-03-31	484.46	497.77	479.48	495.27	2289700
2025-04-01	492.26	497.3	486.24	496.36	1609800
2025-04-02	488.6	508.62	486.43	507.05	1432200
2025-04-03	487.58	504.09	484.88	494.61	2729000
2025-04-04	476.84	480.56	451.02	451.58	4108600
2025-04-07	430.97	479.89	425.0	463.62	4125800
2025-04-08	479.58	488.47	450.91	457.63	3157700
2025-04-09	450.0	529.19	442.9	522.95	6038200
2025-04-10	509.0	510.6	472.02	489.52	4056200
2025-04-11	489.27	496.61	480.29	493.6	2843700
2025-04-14	502.27	506.14	487.2	490.13	1518100
2025-04-15	487.46	494.64	483.69	488.27	1733400
2025-04-16	483.9	492.04	477.62	481.34	1990500
2025-04-17	484.85	489.25	481.39	482.74	1625900
2025-04-21	475.94	478.9	463.05	468.32	2648500
2025-04-22	475.53	482.59	464.71	478.74	3114400
2025-04-23	500.0	517.31	485.09	487.93	3770000
2025-04-24	490.82	511.76	489.43	508.13	2287100
2025-04-25	513.18	515.36	505.75	514.59	2016000
2025-04-28	515.91	518.4	508.17	514.01	1388100
2025-04-29	512.9	516.78	507.51	514.89	1321500
2025-04-30	509.99	517.6	501.67	515.8	1652200
2025-05-01	518.12	524.44	512.67	517.18	1673400
2025-05-02	526.74	535.6	525.02	529.42	1440600
2025-05-05	528.32	536.06	522.95	531.82	1376000
2025-05-06	526.16	533.56	523.59	530.46	1128100
2025-05-07	532.74	539.05	528.87	536.15	1311400
2025-05-08	540.0	546.56	538.01	538.16	1472800
2025-05-09	540.0	542.74	532.9	536.51	925600
2025-05-12	551.97	561.62	547.68	561.43	2037100
2025-05-13	561.67	568.69	559.88	563.95	1529300
2025-05-14	563.0	566.8	560.29	565.94	1409700
2025-05-15	559.32	564.06	549.55	560.28	1794600
2025-05-16	563.58	563.94	555.62	563.6	1422900
2025-05-19	554.34	562.61	553.94	561.63	1420400
2025-05-20	557.29	558.0	553.0	557.16	1234600
2025-05-21	556.56	558.76	545.53	547.07	1507800
2025-05-22	544.81	546.04	540.79	542.67	1129100
2025-05-23	535.5	542.07	529.15	539.54	1138500
2025-05-27	548.66	553.16	547.09	550.19	1244600
2025-05-28	550.51	556.16	549.43	552.41	1012100
2025-05-29	556.47	559.8	551.4	555.75	1139200
2025-05-30	554.52	555.0	545.73	552.34	2091000
2025-06-02	549.06	554.7	542.52	553.29	1059400
2025-06-03	550.68	555.13	548.02	551.85	1714400
2025-06-04	552.58	559.69	550.93	557.95	1147200
2025-06-05	560.7	563.94	557.21	558.06	1243400
2025-06-06	562.18	564.15	555.76	557.08	1104200
2025-06-09	531.5	531.59	498.17	526.15	4806200
2025-06-10	525.81	531.93	520.3	529.6	2027600
2025-06-11	529.14	529.34	521.5	522.41	1676800
2025-06-12	520.26	522.0	511.76	513.0	2392800
2025-06-13	503.29	518.17	500.29	512.18	2183000
2025-06-16	514.0	523.53	514.0	519.04	1514600
2025-06-17	515.81	517.72	508.99	512.11	1506000
2025-06-18	512.11	513.96	506.54	509.49	1173800
2025-06-20	514.7	515.01	508.76	509.36	2829900
2025-06-23	508.0	515.36	503.18	515.09	1218500
2025-06-24	518.8	523.97	510.78	523.08	1593600
2025-06-25	524.3	528.14	521.26	521.63	1178000
2025-06-26	527.01	539.63	525.84	534.19	1966300
2025-06-27	536.87	544.24	533.09	533.71	2016500
2025-06-30	534.42	544.5	534.42	543.41	1584100
2025-07-01	542.58	545.81	531.67	537.99	1649300
2025-07-02	535.34	550.7	535.34	540.6	1487500
2025-07-03	543.93	547.0	542.39	544.47	704800
2025-07-07	543.23	544.88	532.88	534.71	1191600
2025-07-08	534.0	539.59	525.67	527.3	1608700
2025-07-09	529.82	530.71	523.16	528.13	1380900
2025-07-10	527.1	528.55	520.25	526.05	1424600
2025-07-11	522.87	522.87	508.13	512.06	2951300
2025-07-14	509.88	522.1	509.88	516.44	2082700
2025-07-15	519.21	521.28	510.84	512.23	1674300
2025-07-16	512.51	515.14	506.21	512.64	1863700
2025-07-17	510.83	517.67	509.25	516.16	2003500
2025-07-18	520.21	520.96	513.27	518.62	1904100
2025-07-21	518.18	523.09	514.96	516.12	1639700
2025-07-22	516.05	519.83	508.27	511.0	2416700
2025-07-23	522.5	530.35	491.86	501.95	4659900
2025-07-24	503.52	505.74	486.54	488.61	2608000
2025-07-25	492.48	497.5	490.76	495.86	1871100
2025-07-28	498.0	502.81	493.22	493.95	2473700
2025-07-29	497.25	502.42	496.17	496.87	1831100
2025-07-30	497.71	503.22	496.95	500.51	1758800
2025-07-31	497.24	498.97	479.6	481.09	2602200
2025-08-01	475.46	486.06	473.24	483.12	2982900
2025-08-04	486.75	490.0	478.82	483.36	2493500
2025-08-05	483.22	486.51	476.75	477.0	2610100
2025-08-06	477.04	480.99	473.26	474.06	2191700
2025-08-07	478.42	479.13	463.9	469.81	1777900
2025-08-08	470.74	474.08	469.11	470.08	1446200
2025-08-11	468.16	475.83	468.05	471.85	1418200
2025-08-12	473.57	479.46	473.0	478.19	1529500
2025-08-13	481.63	482.69	474.91	482.35	1740200
2025-08-14	482.5	483.6	473.79	477.08	1894900
2025-08-15	480.02	482.04	476.5	480.26	1436500
2025-08-18	480.84	487.2	479.66	481.28	1640700
2025-08-19	480.99	485.53	476.8	479.2	1884900
2025-08-20	479.39	483.64	478.08	480.45	1409300
2025-08-21	478.22	479.32	461.25	469.88	2465300
2025-08-22	473.0	478.97	469.85	476.16	2023900
2025-08-25	475.25	477.87	467.8	468.44	1662300
2025-08-26	468.64	474.59	464.8	474.26	2931100
2025-08-27	471.35	475.6	470.13	471.15	1618700
2025-08-28	470.86	474.24	468.0	473.84	1548900
2025-08-29	474.23	475.4	468.78	473.3	1654200
2025-09-02	470.56	472.57	464.75	469.07	2230400
2025-09-03	470.11	471.0	434.8	441.18	5051700
2025-09-04	440.69	455.28	437.41	454.52	3939600
2025-09-05	454.83	467.99	454.78	466.86	2623800
2025-09-08	466.7	470.28	462.62	470.0	1936500
2025-09-09	470.0	472.69	464.36	467.54	1489400
2025-09-10	467.99	468.04	446.53	449.98	2560300
2025-09-11	451.16	463.05	449.75	455.85	2182300
2025-09-12	453.19	454.15	448.15	449.68	2219100
2025-09-15	449.29	450.58	433.02	433.99	3474800
2025-09-16	433.65	437.17	429.72	434.5	2940500
2025-09-17	434.6	438.79	430.59	433.66	1638200
2025-09-18	435.0	436.33	429.8	435.83	1980600
2025-09-19	439.46	440.5	434.74	438.72	3780700
2025-09-22	438.12	447.13	433.81	444.55	2653100
2025-09-23	444.75	450.99	443.17	447.75	2241500
2025-09-24	450.94	451.34	443.55	443.99	2437200
2025-09-25	440.39	442.17	433.43	438.12	3129000
2025-09-26	441.43	443.46	438.5	441.12	1940500
2025-09-29	442.06	443.26	437.77	439.22	3024400
2025-09-30	439.0	448.19	438.0	447.23	2134200
2025-10-01	447.0	448.31	430.34	438.04	2502300
2025-10-02	437.12	443.36	433.0	443.01	1910800
2025-10-03	443.85	456.59	443.49	452.35	2197700
2025-10-06	459.71	460.3	449.08	449.69	2478900
2025-10-07	449.24	451.0	439.47	440.94	1917500
2025-10-08	442.31	450.53	439.42	448.09	1767300
2025-10-09	447.76	450.29	443.26	443.76	1583800
2025-10-10	444.06	446.99	429.25	429.59	2773400
2025-10-13	432.43	438.1	430.0	435.73	1863200
2025-10-14	430.3	439.21	427.84	436.39	2085700
2025-10-15	437.0	440.82	432.78	435.61	1910700
2025-10-16	438.47	439.49	433.81	434.62	1966400
2025-10-17	437.17	449.09	434.57	446.13	2209200
2025-10-20	452.5	461.83	451.35	458.47	3410000
2025-10-21	459.47	466.98	456.31	462.74	4779600
2025-10-22	543.0	549.85	522.17	527.03	8347500
2025-10-23	525.37	552.5	525.08	551.3	4011300
2025-10-24	547.63	552.45	541.46	546.51	2692300
2025-10-27	544.75	551.63	538.75	551.25	2135500
2025-10-28	546.62	552.2	539.0	545.39	1586400
2025-10-29	543.0	544.95	534.45	537.59	1721800
2025-10-30	534.37	538.0	529.31	530.02	1777000
2025-10-31	528.63	538.14	526.2	534.28	1757600
2025-11-03	532.06	544.84	527.6	544.21	2075000
2025-11-04	545.09	546.0	535.4	538.82	1780200
2025-11-05	538.0	552.0	536.15	548.55	2863400
2025-11-06	547.03	548.55	538.07	547.78	2052500
2025-11-07	543.24	562.65	541.74	560.0	2712200
2025-11-10	560.0	578.3	560.0	576.2	3070200
2025-11-11	575.06	579.22	570.5	572.17	1609700
2025-11-12	574.13	580.47	569.71	572.45	1633200
2025-11-13	566.86	573.32	561.0	565.51	2116700
2025-11-14	559.5	560.02	548.92	549.51	1879900
2025-11-17	546.57	554.35	544.11	546.71	1470200
2025-11-18	546.06	549.21	538.83	546.77	2297400
2025-11-19	544.93	566.86	544.19	564.64	2440600
2025-11-20	566.92	574.45	550.0	552.23	1909000
2025-11-21	551.17	564.0	548.04	561.61	2622300
2025-11-24	562.93	570.77	560.0	568.48	2399900
2025-11-25	564.44	580.0	561.29	578.87	1684800
2025-11-26	579.85	582.41	573.75	574.23	1158900
2025-11-28	571.41	574.0	568.27	573.48	1003900
2025-12-01	568.99	573.54	566.63	567.37	1206100
2025-12-02	568.6	570.75	561.39	567.72	1748800
2025-12-03	569.48	571.77	563.04	569.71	1090600
2025-12-04	571.98	574.23	564.72	568.63	1147800
2025-12-05	569.5	576.88	569.43	575.34	1096600
2025-12-08	576.15	576.15	562.67	566.89	1298500
2025-12-09	566.5	569.0	557.5	558.13	1230000
2025-12-10	557.76	560.05	546.55	555.92	1562900
2025-12-11	545.47	553.39	542.71	547.36	1573800
2025-12-12	546.0	548.99	537.69	542.32	2116200
2025-12-15	546.05	561.62	546.05	559.52	2928100
2025-12-16	559.05	559.69	546.13	554.58	1959400
2025-12-17	554.68	561.46	554.0	556.86	1705500
2025-12-18	557.29	566.85	557.26	561.89	1545600
2025-12-19	561.63	574.57	561.31	572.47	4065300
2025-12-22	576.0	583.45	573.3	579.83	1453000
2025-12-23	577.14	579.2	573.68	577.34	1282800
2025-12-24	577.34	579.85	575.03	577.15	355200
2025-12-26	578.21	579.4	575.96	577.81	494800
2025-12-29	577.81	580.5	574.22	575.4	695100
2025-12-30	572.21	574.77	570.45	572.63	724900
2025-12-31	572.5	573.28	565.77	566.36	992500
2026-01-02	566.78	567.39	555.4	561.98	1298000
2026-01-05	561.15	567.08	558.0	566.38	1395000
2026-01-06	565.0	594.62	564.35	592.85	2629500
2026-01-07	592.89	603.88	590.8	592.27	1863500
2026-01-08	582.69	589.95	582.69	585.08	1491200
2026-01-09	587.32	589.58	579.62	586.24	1490700
2026-01-12	581.97	582.19	566.8	572.75	1826000
2026-01-13	571.45	572.59	556.04	561.82	1515800
2026-01-14	533.96	551.0	528.0	546.76	3602100
2026-01-15	553.74	553.74	535.69	541.34	1909000
2026-01-16	542.0	543.0	532.63	535.0	3015500
2026-01-20	527.0	532.61	525.23	527.44	2149700
2026-01-21	527.59	530.05	518.64	523.69	2033900
2026-01-22	525.41	532.0	522.72	525.81	2911800
2026-01-23	530.0	540.0	521.18	523.99	2799100
2026-01-26	523.95	533.97	518.65	528.81	2565100
2026-01-27	532.61	535.0	523.54	525.04	1503500
2026-01-28	523.91	529.36	520.24	522.04	1851300
2026-01-29	521.17	522.0	502.48	507.55	2167100
2026-01-30	506.7	511.03	501.39	504.22	1698300
2026-02-02	502.0	504.2	496.15	496.73	2133900
2026-02-03	495.21	499.0	476.79	478.88	3796500
2026-02-04	480.11	481.19	465.69	478.49	3405300
2026-02-05	482.78	489.51	475.17	476.32	2912000
2026-02-06	482.17	491.65	480.07	488.15	2521100
2026-02-09	486.05	493.54	483.9	492.84	2207800
2026-02-10	494.22	500.38	493.53	495.15	1813100
2026-02-11	492.75	500.34	490.66	496.12	1933700
2026-02-12	496.12	497.84	475.83	478.6	2966500
2026-02-13	480.5	495.57	479.61	485.84	1984300
2026-02-17	481.22	495.19	481.22	493.35	1583200
2026-02-18	494.24	502.88	490.64	500.76	1464300
2026-02-19	495.71	503.73	495.25	499.53	1434200
2026-02-20	497.15	504.75	495.23	504.05	1553600
2026-02-23	498.88	502.7	486.45	492.1	1764900
