	Tax Effect Of Unusual Items	Tax Rate For Calcs	Normalized EBITDA	Total Unusual Items	Total Unusual Items Excluding Goodwill	Net Income From Continuing Operation Net Minority Interest	Reconciled Depreciation	Reconciled Cost Of Revenue	EBITDA	EBIT	Net Interest Income	Interest Expense	Interest Income	Normalized Income	Net Income From Continuing And Discontinued Operation	Total Expenses	Rent Expense Supplemental	Total Operating Income As Reported	Diluted Average Shares	Basic Average Shares	Diluted EPS	Basic EPS	Diluted NI Availto Com Stockholders	Average Dilution Earnings	Net Income Common Stockholders	Net Income	Minority Interests	Net Income Including Noncontrolling Interests	Net Income Continuous Operations	Tax Provision	Pretax Income	Other Income Expense	Special Income Charges	Restructuring And Mergern Acquisition	Gain On Sale Of Security	Net Non Operating Interest Income Expense	Interest Expense Non Operating	Interest Income Non Operating	Operating Income	Operating Expense	Depreciation Amortization Depletion Income Statement	Depreciation And Amortization In Income Statement	Amortization	Amortization Of Intangibles Income Statement	Selling General And Administration	Selling And Marketing Expense	General And Administrative Expense	Other Gand A	Rent And Landing Fees	Gross Profit	Cost Of Revenue	Total Revenue	Operating Revenue	Treasury Shares Number	Ordinary Shares Number	Share Issued	Net Debt	Total Debt	Tangible Book Value	Invested Capital	Working Capital	Net Tangible Assets	Capital Lease Obligations	Common Stock Equity	Total Capitalization	Total Equity Gross Minority Interest	Minority Interest	Stockholders Equity	Gains Losses Not Affecting Retained Earnings	Other Equity Adjustments	Treasury Stock	Retained Earnings	Additional Paid In Capital	Capital Stock	Common Stock	Total Liabilities Net Minority Interest	Total Non Current Liabilities Net Minority Interest	Other Non Current Liabilities	Employee Benefits	Non Current Deferred Liabilities	Non Current Deferred Taxes Liabilities	Long Term Debt And Capital Lease Obligation	Long Term Capital Lease Obligation	Long Term Debt	Current Liabilities	Payables And Accrued Expenses	Total Assets	Total Non Current Assets	Other Non Current Assets	Investments And Advances	Other Investments	Investmentin Financial Assets	Held To Maturity Securities	Available For Sale Securities	Financial Assets Designatedas Fair Value Through Profitor Loss Total	Long Term Equity Investment	Goodwill And Other Intangible Assets	Other Intangible Assets	Goodwill	Net PPE	Accumulated Depreciation	Gross PPE	Leases	Construction In Progress	Other Properties	Machinery Furniture Equipment	Buildings And Improvements	Land And Improvements	Properties	Current Assets	Restricted Cash	Receivables	Loans Receivable	Accounts Receivable	Cash Cash Equivalents And Short Term Investments	Other Short Term Investments	Cash And Cash Equivalents	Free Cash Flow	Repurchase Of Capital Stock	Repayment Of Debt	Issuance Of Debt	Capital Expenditure	End Cash Position	Beginning Cash Position	Effect Of Exchange Rate Changes	Changes In Cash	Financing Cash Flow	Cash Flow From Continuing Financing Activities	Net Other Financing Charges	Proceeds From Stock Option Exercised	Cash Dividends Paid	Common Stock Dividend Paid	Net Common Stock Issuance	Common Stock Payments	Net Issuance Payments Of Debt	Net Long Term Debt Issuance	Long Term Debt Payments	Long Term Debt Issuance	Investing Cash Flow	Cash Flow From Continuing Investing Activities	Dividends Received Cfi	Net Investment Purchase And Sale	Sale Of Investment	Purchase Of Investment	Net Business Purchase And Sale	Purchase Of Business	Net PPE Purchase And Sale	Purchase Of PPE	Operating Cash Flow	Cash Flow From Continuing Operating Activities	Dividend Received Cfo	Change In Working Capital	Change In Other Working Capital	Change In Other Current Liabilities	Change In Other Current Assets	Change In Payables And Accrued Expense	Change In Receivables	Changes In Account Receivables	Other Non Cash Items	Stock Based Compensation	Asset Impairment Charge	Deferred Tax	Deferred Income Tax	Depreciation Amortization Depletion	Depreciation And Amortization	Operating Gains Losses	Earnings Losses From Equity Investments	Gain Loss On Investment Securities	Net Income From Continuing Operations	reportedCurrency	totalAssets	totalCurrentAssets	cashAndCashEquivalentsAtCarryingValue	cashAndShortTermInvestments	inventory	currentNetReceivables	totalNonCurrentAssets	propertyPlantEquipment	accumulatedDepreciationAmortizationPPE	intangibleAssets	intangibleAssetsExcludingGoodwill	goodwill	investments	longTermInvestments	shortTermInvestments	otherCurrentAssets	otherNonCurrentAssets	totalLiabilities	totalCurrentLiabilities	currentAccountsPayable	deferredRevenue	currentDebt	shortTermDebt	totalNonCurrentLiabilities	capitalLeaseObligations	longTermDebt	currentLongTermDebt	longTermDebtNoncurrent	shortLongTermDebtTotal	otherCurrentLiabilities	otherNonCurrentLiabilities	totalShareholderEquity	treasuryStock	retainedEarnings	commonStock	commonStockSharesOutstanding	operatingCashflow	paymentsForOperatingActivities	proceedsFromOperatingActivities	changeInOperatingLiabilities	changeInOperatingAssets	depreciationDepletionAndAmortization	capitalExpenditures	changeInReceivables	changeInInventory	profitLoss	cashflowFromInvestment	cashflowFromFinancing	proceedsFromRepaymentsOfShortTermDebt	paymentsForRepurchaseOfCommonStock	paymentsForRepurchaseOfEquity	paymentsForRepurchaseOfPreferredStock	dividendPayout	dividendPayoutCommonStock	dividendPayoutPreferredStock	proceedsFromIssuanceOfCommonStock	proceedsFromIssuanceOfLongTermDebtAndCapitalSecuritiesNet	proceedsFromIssuanceOfPreferredStock	proceedsFromRepurchaseOfEquity	proceedsFromSaleOfTreasuryStock	changeInCashAndCashEquivalents	changeInExchangeRate	netIncome	reportedDate	reportedEPS	estimatedEPS	surprise	surprisePercentage	reportTime
2025-12-31																			165400000.0	155100000.0	7.16	7.27																																																																																																																																																					169998000000.0	16626000000.0	11468000000.0	11468000000.0		5158000000.0	66381000000.0			27968000000.0	27968000000.0	35283000000.0						108456000000.0	2228000000.0				2228000000.0	106228000000.0					2228000000.0			55888000000.0		37899000000.0	2000000.0	165400000.0	-1650000000.0					-757000000.0	245000000.0				4206000000.0	539000000.0					2497000000.0	2497000000.0									-4707000000.0		13.16	12.19	0.97	7.9573	
2025-09-30	-6119178.768152	0.235353	2504000000.0	-26000000.0	-26000000.0	1323000000.0	346000000.0	3426000000.0	2478000000.0	2132000000.0	-22000000.0	135000000.0	113000000.0	1342880821.231848	1323000000.0	4464000000.0	137000000.0	1955000000.0	156900000.0	154900000.0	8.43	8.54	1393000000.0	70000000.0	1323000000.0	1323000000.0	-204000000.0	1527000000.0	1527000000.0	470000000.0	1997000000.0	-26000000.0	-93000000.0	93000000.0	67000000.0	-22000000.0	135000000.0	113000000.0	2045000000.0	945000000.0	253000000.0	253000000.0	253000000.0	253000000.0	692000000.0	82000000.0	610000000.0	473000000.0	137000000.0	2990000000.0	3519000000.0	6509000000.0	6509000000.0	1152022.0	155124267.0	156276289.0	2787000000.0	15043000000.0	-7999000000.0	68285000000.0	22078000000.0	-7999000000.0	2277000000.0	55519000000.0	68285000000.0	61855000000.0	6336000000.0	55519000000.0	-558000000.0	-558000000.0	1155000000.0	37581000000.0	19649000000.0	2000000.0	2000000.0	100827000000.0	99181000000.0	76356000000.0	2785000000.0	4997000000.0	4997000000.0	15043000000.0	2277000000.0	12766000000.0	1646000000.0	1646000000.0	162682000000.0	138958000000.0	61348000000.0	10956000000.0	5132000000.0	3357000000.0	532000000.0	552000000.0	2273000000.0	2467000000.0	63518000000.0	28162000000.0	35356000000.0	3136000000.0	-1768000000.0	4904000000.0			4904000000.0					23724000000.0	6330000000.0	4796000000.0	0.0	4796000000.0	12598000000.0	2619000000.0	9979000000.0	1336000000.0	-384000000.0	-15000000.0	0.0	-78000000.0	10001000000.0	9495000000.0	-81000000.0	587000000.0	96000000.0	96000000.0	1291000000.0	55000000.0	-851000000.0	-851000000.0	-384000000.0	-384000000.0	-15000000.0	-15000000.0	-15000000.0	0.0	-923000000.0	-923000000.0	35000000.0	-490000000.0	237000000.0	-727000000.0	-390000000.0	-390000000.0	-78000000.0	-78000000.0	1414000000.0	1414000000.0	8000000.0	624000000.0	795000000.0	536000000.0	-125000000.0	-203000000.0	-379000000.0	-379000000.0	-1232000000.0	419000000.0		-160000000.0	-160000000.0	346000000.0	346000000.0	-118000000.0	45000000.0	-163000000.0	1527000000.0		162682000000.0	23724000000.0	9979000000.0	9979000000.0		4796000000.0	138958000000.0	3136000000.0		28162000000.0	28162000000.0	35356000000.0		10956000000.0	2619000000.0	6330000000.0		100827000000.0	1646000000.0	1646000000.0			2277000000.0	99181000000.0	2277000000.0	12766000000.0			15043000000.0	1646000000.0	76356000000.0	55519000000.0		37581000000.0	2000000.0	156600000.0	1414000000.0					346000000.0	78000000.0				-923000000.0	96000000.0					851000000.0	851000000.0					-384000000.0				1527000000.0		11.55	11.34	0.21	1.8519	
2025-06-30	112343250.44405	0.260657	2211000000.0	431000000.0	431000000.0	1593000000.0	217000000.0	2747000000.0	2642000000.0	2425000000.0	-29000000.0	173000000.0	144000000.0	1274343250.44405	1593000000.0	3573000000.0	120000000.0	1731000000.0	156300000.0	154900000.0	10.19	10.29	1593000000.0		1593000000.0	1593000000.0	-72000000.0	1665000000.0	1665000000.0	587000000.0	2252000000.0	431000000.0	-115000000.0	115000000.0	546000000.0	-29000000.0	173000000.0	144000000.0	1850000000.0	746000000.0	137000000.0	137000000.0	137000000.0	137000000.0	609000000.0	93000000.0	516000000.0	396000000.0	120000000.0	2596000000.0	2827000000.0	5423000000.0	5423000000.0	1280976.0	154751073.0	156032049.0	3284000000.0	14710000000.0	-864000000.0	61903000000.0	20809000000.0	-864000000.0	1948000000.0	49141000000.0	61903000000.0	51602000000.0	2461000000.0	49141000000.0	-515000000.0	-515000000.0	1285000000.0	37068000000.0	13871000000.0	2000000.0	2000000.0	94868000000.0	93182000000.0	73157000000.0	1737000000.0	3578000000.0	3578000000.0	14710000000.0	1948000000.0	12762000000.0	1686000000.0	1686000000.0	146470000000.0	123975000000.0	62757000000.0	8501000000.0	3201000000.0	2829000000.0	551000000.0		2278000000.0	2471000000.0	50005000000.0	21677000000.0	28328000000.0	2712000000.0	-1702000000.0	4414000000.0			4414000000.0					22495000000.0	6387000000.0	4458000000.0	107000000.0	4351000000.0	11650000000.0	2172000000.0	9478000000.0	1275000000.0	-396000000.0	-801000000.0	1080000000.0	-89000000.0	9495000000.0	7764000000.0	288000000.0	1443000000.0	26000000.0	26000000.0	904000000.0	47000000.0	-808000000.0	-808000000.0	-396000000.0	-396000000.0	279000000.0	279000000.0	-801000000.0	1080000000.0	53000000.0	53000000.0	249000000.0	-124000000.0	79000000.0	-203000000.0	17000000.0	17000000.0	-89000000.0	-89000000.0	1364000000.0	1364000000.0	133000000.0	600000000.0	608000000.0	-1137000000.0	1040000000.0	98000000.0	-9000000.0	-9000000.0	-775000000.0	226000000.0		-93000000.0	-93000000.0	217000000.0	217000000.0	-609000000.0	-42000000.0	-567000000.0	1665000000.0		146470000000.0	22495000000.0	9478000000.0	9478000000.0		4458000000.0	123975000000.0	2712000000.0		21677000000.0	21677000000.0	28328000000.0		8501000000.0	2172000000.0	6387000000.0		94868000000.0	1686000000.0	1686000000.0			1948000000.0	93182000000.0	1948000000.0	12762000000.0			14710000000.0	1686000000.0	73157000000.0	49141000000.0		37068000000.0	2000000.0	156300000.0	1364000000.0					217000000.0	89000000.0				53000000.0	26000000.0					808000000.0	808000000.0					-396000000.0				1665000000.0		12.05	10.81	1.24	11.4709	
2025-03-31	-4230000.0	0.141	2153000000.0	-30000000.0	-30000000.0	1510000000.0	194000000.0	2673000000.0	2123000000.0	1929000000.0	7000000.0	166000000.0	173000000.0	1535770000.0	1510000000.0	3490000000.0	114000000.0	1698000000.0	156600000.0	155000000.0	9.64	9.74	1510000000.0		1510000000.0	1510000000.0	-5000000.0	1515000000.0	1515000000.0	248000000.0	1763000000.0	-30000000.0	-96000000.0	96000000.0	66000000.0	7000000.0	166000000.0	173000000.0	1786000000.0	740000000.0	117000000.0	117000000.0	117000000.0	117000000.0	623000000.0	97000000.0	526000000.0	412000000.0	114000000.0	2526000000.0	2750000000.0	5276000000.0	5276000000.0	1009600.0	155022449.0	156032049.0	4602000000.0	14259000000.0	-2112000000.0	60385000000.0	18388000000.0	-2112000000.0	1910000000.0	48036000000.0	60385000000.0	50190000000.0	2154000000.0	48036000000.0	-951000000.0	-951000000.0	1042000000.0	36283000000.0	13744000000.0	2000000.0	2000000.0	91752000000.0	90133000000.0	71046000000.0	1153000000.0	3675000000.0	3675000000.0	14259000000.0	1910000000.0	12349000000.0	1619000000.0	1619000000.0	141942000000.0	121935000000.0	60798000000.0	8349000000.0	2778000000.0	2738000000.0	530000000.0		2208000000.0	2833000000.0	50148000000.0	21850000000.0	28298000000.0	2640000000.0	-1630000000.0	4270000000.0			4270000000.0					20007000000.0	5896000000.0	4400000000.0	119000000.0	4281000000.0	9711000000.0	1964000000.0	7747000000.0	-1206000000.0	-657000000.0	-24000000.0	0.0	-78000000.0	7764000000.0	12779000000.0	110000000.0	-5125000000.0	-661000000.0	-661000000.0	807000000.0	51000000.0	-838000000.0	-838000000.0	-657000000.0	-657000000.0	-24000000.0	-24000000.0	-24000000.0	0.0	-3336000000.0	-3336000000.0	13000000.0	-148000000.0	151000000.0	-299000000.0	-3123000000.0	-3123000000.0	-78000000.0	-78000000.0	-1128000000.0	-1128000000.0	14000000.0	-2039000000.0	-1794000000.0	2990000000.0	-3442000000.0	84000000.0	123000000.0	123000000.0	-968000000.0	241000000.0		15000000.0	15000000.0	194000000.0	194000000.0	-100000000.0	-51000000.0	-49000000.0	1515000000.0		141942000000.0	20007000000.0	7747000000.0	7747000000.0		4400000000.0	121935000000.0	2640000000.0		21850000000.0	21850000000.0	28298000000.0		8349000000.0	1964000000.0	5896000000.0		91752000000.0	1619000000.0	1619000000.0			756000000.0	90133000000.0	1910000000.0	12349000000.0			14259000000.0	1619000000.0	71046000000.0	48036000000.0		36283000000.0	2000000.0	156600000.0	-1128000000.0					194000000.0	78000000.0				-3336000000.0	-661000000.0					838000000.0	838000000.0					-657000000.0				1515000000.0		9.64	9.77	-0.13	-1.3306	
2024-12-31	3572990.965288	0.210176	2452000000.0	17000000.0	17000000.0	1670000000.0	200000000.0	2806000000.0	2469000000.0	2269000000.0	46000000.0	166000000.0	212000000.0	1656572990.965288	1670000000.0	3637000000.0	113000000.0	2075000000.0	157000000.0	155000000.0	10.63	10.78	1670000000.0		1670000000.0	1670000000.0	9000000.0	1661000000.0	1661000000.0	442000000.0	2103000000.0	17000000.0	28000000.0	-28000000.0	-11000000.0	46000000.0	166000000.0	212000000.0	2040000000.0	756000000.0	125000000.0	125000000.0	125000000.0	125000000.0	631000000.0	92000000.0	539000000.0	426000000.0	113000000.0	2796000000.0	2881000000.0	5677000000.0	5677000000.0	370357.0	154947813.0	155318170.0		14222000000.0	803000000.0	59809000000.0	23650000000.0	803000000.0	1908000000.0	47495000000.0	59809000000.0	49355000000.0	1860000000.0	47495000000.0	-1178000000.0	-1178000000.0	386000000.0	35611000000.0	13446000000.0	2000000.0	2000000.0	89260000000.0	87724000000.0	67204000000.0	2964000000.0	3334000000.0	3334000000.0	14222000000.0	1908000000.0	12314000000.0	1536000000.0	1536000000.0	138615000000.0	113429000000.0	56407000000.0	7708000000.0	2428000000.0	2497000000.0	547000000.0		1950000000.0	2783000000.0	46692000000.0	20743000000.0	25949000000.0	2622000000.0	-1553000000.0	4175000000.0	1048000000.0	102000000.0	1519000000.0	1435000000.0	65000000.0	6000000.0	0.0	25186000000.0	6152000000.0	4449000000.0	145000000.0	4304000000.0	14585000000.0	1823000000.0	12762000000.0	2528000000.0	-386000000.0	-33000000.0	0.0	-90000000.0	12779000000.0	14054000000.0	-244000000.0	-1031000000.0	-578000000.0	-578000000.0	415000000.0	217000000.0	-791000000.0	-791000000.0	-386000000.0	-386000000.0	-33000000.0	-33000000.0	-33000000.0	0.0	-3071000000.0	-3071000000.0	22000000.0	-141000000.0	120000000.0	-261000000.0	-2862000000.0	-2862000000.0	-90000000.0	-90000000.0	2618000000.0	2618000000.0	16000000.0	773000000.0	664000000.0	-862000000.0	970000000.0	34000000.0	-33000000.0	-33000000.0	-399000000.0	242000000.0	0.0	-11000000.0	-11000000.0	200000000.0	200000000.0	136000000.0	78000000.0	58000000.0	1661000000.0		138615000000.0	25186000000.0	12762000000.0	12762000000.0		4449000000.0	113429000000.0	2622000000.0		20743000000.0	20743000000.0	25949000000.0		7708000000.0	1823000000.0	6152000000.0		89260000000.0	1536000000.0	1402000000.0			923000000.0	87724000000.0	1908000000.0	12314000000.0			14222000000.0	1536000000.0	67204000000.0	47495000000.0		35611000000.0	2000000.0	157000000.0	2618000000.0					200000000.0	90000000.0				-3071000000.0	-578000000.0					791000000.0	791000000.0					-386000000.0				1661000000.0		11.93	11.45	0.48	4.1921	
2024-09-30	44602207.505519	0.253422	2353000000.0	176000000.0	176000000.0	1631000000.0	110000000.0	2519000000.0	2529000000.0	2419000000.0	82000000.0	154000000.0	236000000.0	1499602207.505519	1631000000.0	3190000000.0	105000000.0	2006000000.0					1631000000.0		1631000000.0	1631000000.0	-60000000.0	1691000000.0	1691000000.0	574000000.0	2265000000.0	176000000.0	2000000.0	-2000000.0	174000000.0	82000000.0	154000000.0	236000000.0	2007000000.0	650000000.0	89000000.0	89000000.0	89000000.0	89000000.0	561000000.0	64000000.0	497000000.0	392000000.0	105000000.0	2657000000.0	2540000000.0	5197000000.0	5197000000.0	24121801.0	147953572.0	172075373.0		14179000000.0	7379000000.0	53548000000.0	25547000000.0	7379000000.0	1809000000.0	41178000000.0	53548000000.0	43624000000.0	2446000000.0	41178000000.0	-632000000.0	-632000000.0	12829000000.0	34732000000.0	19905000000.0	2000000.0	2000000.0	89192000000.0	87743000000.0	68105000000.0	2074000000.0	3385000000.0	3385000000.0	14179000000.0	1809000000.0	12370000000.0	1449000000.0	1449000000.0	132816000000.0	105820000000.0	61187000000.0	8320000000.0	2420000000.0	3098000000.0	566000000.0		2532000000.0	2802000000.0	33799000000.0	18134000000.0	15665000000.0	2514000000.0	-1635000000.0	4149000000.0			4149000000.0					26996000000.0	6448000000.0	4542000000.0	157000000.0	4385000000.0	16006000000.0	1969000000.0	14037000000.0	1287000000.0	-391000000.0	-25000000.0	2423000000.0	-94000000.0	14054000000.0	10245000000.0	142000000.0	3667000000.0	2360000000.0	2360000000.0	1026000000.0	84000000.0	-757000000.0	-757000000.0	-391000000.0	-391000000.0	2398000000.0	2398000000.0	-25000000.0	2423000000.0	-74000000.0	-74000000.0	27000000.0	-7000000.0	126000000.0	-133000000.0	0.0	0.0	-94000000.0	-94000000.0	1381000000.0	1381000000.0	15000000.0	419000000.0	651000000.0	-560000000.0	509000000.0	129000000.0	-310000000.0	-310000000.0	-794000000.0	156000000.0		-15000000.0	-15000000.0	110000000.0	110000000.0	-251000000.0	-27000000.0	-224000000.0	1691000000.0		132816000000.0	26996000000.0	14037000000.0	14037000000.0		4542000000.0	105820000000.0	2514000000.0		18134000000.0	18134000000.0	15665000000.0		8320000000.0	1969000000.0	6448000000.0		89192000000.0	1449000000.0	1449000000.0			0.0	87743000000.0	1809000000.0	12370000000.0			14179000000.0	1449000000.0	68105000000.0	41178000000.0		34732000000.0	2000000.0	149600000.0	1381000000.0					110000000.0	94000000.0				-74000000.0	2360000000.0					757000000.0	757000000.0					-391000000.0				1691000000.0		11.46	10.31	1.15	11.1542	
2024-06-30																																																																																														1917000000.0																																																																													125271000000.0	21526000000.0	10228000000.0	10228000000.0		4225000000.0	103745000000.0			18217000000.0	18217000000.0	15653000000.0		8173000000.0	1951000000.0	5122000000.0		83032000000.0	1351000000.0	1351000000.0			1821000000.0	81681000000.0	1821000000.0	9857000000.0			11678000000.0	1351000000.0	65142000000.0	40102000000.0		33858000000.0	2000000.0	149657889.0	1365000000.0					108000000.0	7000000.0				163000000.0	-641000000.0					758000000.0	758000000.0					-519000000.0				1537000000.0		10.36	9.96	0.4	4.0161	
2024-03-31																																																																																																																																																																											123988000000.0	19667000000.0	9374000000.0	9374000000.0	-508000000.0	4520000000.0	104321000000.0			18219000000.0	18219000000.0	15522000000.0		8562000000.0	1683000000.0	4090000000.0		82243000000.0	1445000000.0	1445000000.0			9860000000.0	80798000000.0	1772000000.0	9860000000.0			11632000000.0	1445000000.0	64649000000.0	39725000000.0		33121000000.0	2000000.0	150100000.0	-408000000.0					111000000.0	64000000.0				-22000000.0	1095000000.0					795000000.0	795000000.0					-634000000.0				1623000000.0		9.81	9.39	0.42	4.4728	
2023-12-31																																																																																																																																																																											123211000000.0	19378000000.0	8736000000.0	8736000000.0		4121000000.0	103833000000.0			18258000000.0	18258000000.0	15524000000.0		7777000000.0	1871000000.0	4650000000.0		81971000000.0	1240000000.0	1155000000.0			1175000000.0	80731000000.0	1784000000.0	7918000000.0			9702000000.0	85000000.0	65130000000.0	39347000000.0		32343000000.0	2000000.0	150200000.0	1998000000.0					111000000.0	124000000.0				-186000000.0	-503000000.0					743000000.0	743000000.0					-384000000.0				1489000000.0		9.66	8.88	0.78	8.7838	
2023-09-30																																																																																																																																																																											118585000000.0	15942000000.0	7316000000.0	7316000000.0	17887000000.0	3886000000.0	102643000000.0	2487000000.0		18291000000.0	18291000000.0	15516000000.0		9835000000.0		4740000000.0		77954000000.0	1217000000.0	1217000000.0			1000000000.0	76737000000.0	1780000000.0	7884000000.0			9664000000.0	-437000000.0	61829000000.0	38627000000.0		31711000000.0	2000000.0	150500000.0	1576000000.0					108000000.0	78000000.0		-43000000.0		-773000000.0	-735000000.0					748000000.0	748000000.0					-396000000.0				1595000000.0		10.66	8.3	2.36	28.4337	
2023-06-30																																																																																																																																																																											122644000000.0	16451000000.0	6834000000.0	6834000000.0	18150000000.0	3806000000.0	106193000000.0	2509000000.0		18228000000.0	18228000000.0	15338000000.0		9124000000.0		5811000000.0		82748000000.0	1156000000.0	1156000000.0			1000000000.0	81592000000.0	1814000000.0	7904000000.0			9718000000.0	-342000000.0	67061000000.0	38208000000.0		30855000000.0	2000000.0	150739213.0	985000000.0					102000000.0	61000000.0		19000000.0		-503000000.0	440000000.0					748000000.0	748000000.0					-383000000.0				1423000000.0		9.28	8.47	0.81	9.5632	
2023-03-31																																																																																																																																																																											121398000000.0	15689000000.0	5644000000.0	5644000000.0	17208000000.0	3580000000.0	105709000000.0	1046000000.0		18265000000.0	18265000000.0	15339000000.0		8172000000.0		6465000000.0		82333000000.0	1183000000.0	1183000000.0			999000000.0	81150000000.0	1823000000.0	6669000000.0			8492000000.0	-359000000.0	70024000000.0	37712000000.0	-10979000000.0	30237000000.0	2000000.0	151349829.0	-394000000.0					106000000.0	81000000.0	-270000000.0			-222000000.0	-1194000000.0					796000000.0	796000000.0					-721000000.0		-1810000000.0		1169000000.0		7.93	7.73	0.2	2.5873	
2022-12-31																																																																																																																																																																											117628000000.0	18221000000.0	7416000000.0	7416000000.0		3618000000.0	99407000000.0	2547000000.0		18302000000.0	18302000000.0	15341000000.0		7466000000.0	1331000000.0	5856000000.0		78843000000.0	1294000000.0	1202000000.0			1000000000.0	77549000000.0	1835000000.0	6654000000.0			8489000000.0	92000000.0	65242000000.0	37744000000.0	-10805000000.0	29876000000.0	2000000.0	151839446.0	1973000000.0					110000000.0	134000000.0	162000000.0	274000000.0		-1130000000.0	-1126000000.0					731000000.0	731000000.0					-505000000.0		431000000.0		1307000000.0		8.93	8.1	0.83	10.2469	
2022-09-30																																																																																																																																																																											115430000000.0	16025000000.0	6797000000.0	6797000000.0		3361000000.0	99405000000.0	965000000.0		18339000000.0	18339000000.0	15344000000.0		6907000000.0	6907000000.0	5867000000.0		77313000000.0	1601000000.0	1601000000.0			1773000000.0	75712000000.0	1773000000.0	6591000000.0			8364000000.0	7649000000.0	64679000000.0	37162000000.0	-10325000000.0	29348000000.0	2000000.0	152571674.0	1760000000.0					109000000.0	136000000.0	38000000.0	-241000000.0		-214000000.0	-1044000000.0					736000000.0	736000000.0					-384000000.0		502000000.0		1361000000.0		9.55	7.06	2.49	35.2691	
2022-06-30																																																																																																																																																																											125966000000.0	17231000000.0	6481000000.0	6481000000.0	7302000000.0	3471000000.0	108735000000.0	900000000.0		18377000000.0	18377000000.0	15346000000.0		7302000000.0	7302000000.0	7279000000.0		87661000000.0	1324000000.0	1324000000.0			1815000000.0	86337000000.0	1815000000.0	6635000000.0			8450000000.0	8711000000.0	75493000000.0	37089000000.0	-9969000000.0	28678000000.0	2000000.0	153064576.0	1645000000.0					99000000.0	116000000.0	243000000.0	166000000.0		-302000000.0	-1921000000.0					737000000.0	737000000.0					-507000000.0		-578000000.0		963000000.0		7.36	8.02	-0.66	-8.2294	
2022-03-31																																																																																																																																																																											143327000000.0	18146000000.0	7262000000.0	7262000000.0		3801000000.0	125181000000.0	851000000.0		18415000000.0	18415000000.0	15349000000.0		7615000000.0	7615000000.0	7083000000.0		104468000000.0	1451000000.0	1451000000.0			750000000.0	103017000000.0	1842000000.0	7430000000.0			9272000000.0	-359000000.0	91626000000.0	37489000000.0	-9478000000.0	28338000000.0	2000000.0	154146981.0	-422000000.0					100000000.0	147000000.0	-27000000.0	-48000000.0		-198000000.0	-1351000000.0					786000000.0	786000000.0					-936000000.0		-1971000000.0		1363000000.0		9.52	8.75	0.77	8.8	
2021-12-31																																																																																																																																																																											152648000000.0	20193000000.0	9323000000.0	9323000000.0	22128000000.0	3789000000.0	132455000000.0	762000000.0		18453000000.0	18453000000.0	15351000000.0		7262000000.0	7262000000.0	-15047000000.0		113755000000.0	1397000000.0	1207000000.0			7488000000.0	112358000000.0	1872000000.0	7446000000.0			14934000000.0	-7298000000.0	99203000000.0	37693000000.0	-9087000000.0	27688000000.0	2000000.0	155184936.0	1917000000.0					110000000.0	126000000.0	205000000.0	450000000.0		-358000000.0	408000000.0					627000000.0	627000000.0					-303000000.0		1967000000.0		1632000000.0		10.42	10.16	0.26	2.5591	
2021-09-30																																																																																																																																																																											169636000000.0	25482000000.0	7361000000.0	7361000000.0		4015000000.0	144154000000.0	703000000.0		18476000000.0	18476000000.0	15360000000.0		7101000000.0		14106000000.0		131270000000.0	1402000000.0	1402000000.0			1946000000.0	129868000000.0	1946000000.0	6474000000.0			8420000000.0	16478000000.0	117392000000.0	36817000000.0	-8793000000.0	26672000000.0	2000000.0	154919677.0	1774000000.0					107000000.0	37000000.0	-263000000.0			-144000000.0	-629000000.0					629000000.0	629000000.0					-309000000.0		1001000000.0		1753000000.0		10.95	9.35	1.6	17.1123	
2021-06-30																																																																																																																																																																											176962000000.0	26376000000.0	6416000000.0	6416000000.0		3790000000.0	150586000000.0	1354000000.0		18514000000.0	18514000000.0	15362000000.0		7595000000.0		16170000000.0		138572000000.0	1238000000.0	1238000000.0			0.0	137334000000.0		6491000000.0			6491000000.0	17907000000.0	125232000000.0	36033000000.0	-8498000000.0	25620000000.0	2000000.0	155037730.0	1826000000.0					101000000.0	130000000.0	47000000.0			-285000000.0	-1475000000.0					630000000.0	630000000.0					-305000000.0		66000000.0		1547000000.0		10.03	9.46	0.57	6.0254	
2021-03-31																																																																																																																																																																											173859000000.0	25803000000.0	6267000000.0	6267000000.0		3825000000.0	148056000000.0	671000000.0		18516000000.0	18516000000.0	15348000000.0		7145000000.0		15711000000.0		136019000000.0	1196000000.0	1196000000.0				134823000000.0		7232000000.0			7232000000.0	17561000000.0	122720000000.0	35380000000.0	-8204000000.0	24872000000.0	2000000.0	154921496.0	-573000000.0					97000000.0	48000000.0	-311000000.0	49000000.0		-1150000000.0	-591000000.0					661000000.0	661000000.0					-568000000.0		-2314000000.0		1273000000.0		7.77	7.64	0.13	1.7016	
2020-12-31																																																																																																																																																																											176982000000.0	28706000000.0	8664000000.0	8664000000.0	-360000000.0	3535000000.0	148276000000.0	681000000.0		18263000000.0	18263000000.0	14551000000.0		6919000000.0		16867000000.0		139326000000.0	1028000000.0	1028000000.0			4966000000.0	138298000000.0		7264000000.0			12230000000.0	-3673000000.0	124862000000.0	35283000000.0	-8009000000.0	24334000000.0	2000000.0	155133392.0	1979000000.0					16000000.0	54000000.0	231000000.0			-77000000.0	138000000.0					554000000.0	554000000.0					-17000000.0		2040000000.0		1740000000.0		10.18	9.14	1.04	11.3786	
2020-09-30																																																																																																																																																																											165118000000.0	25350000000.0	6507000000.0	6507000000.0	-221000000.0	3706000000.0	139768000000.0	693000000.0		18290000000.0	18290000000.0	14554000000.0		6307000000.0		15137000000.0		129102000000.0	988000000.0	988000000.0				128114000000.0		7227000000.0			7227000000.0	17007000000.0	115298000000.0	33873000000.0	-8018000000.0	23340000000.0	2000000.0	154359701.0	995000000.0					117000000.0	40000000.0	-664000000.0			-19000000.0	-8000000.0					556000000.0	556000000.0					-10000000.0		976000000.0		1517000000.0		9.22	7.8	1.42	18.2051	
2020-06-30																																																																																																																																																																											157342000000.0	22823000000.0	5466000000.0	5466000000.0	-253000000.0	2990000000.0	134519000000.0	697000000.0		18317000000.0	18317000000.0	14556000000.0		5171000000.0		14367000000.0		123308000000.0	914000000.0	914000000.0				122394000000.0		7190000000.0			7190000000.0	15635000000.0	110351000000.0	32730000000.0	-8030000000.0	22532000000.0	2000000.0	155333363.0	1707000000.0					114000000.0	48000000.0	125000000.0			-124000000.0	-522000000.0					554000000.0	554000000.0					-1125000000.0		1061000000.0		1402000000.0		7.85	6.99	0.86	12.3033	
2020-03-31																																																																																																																																																																											149020000000.0	22278000000.0	4406000000.0	4406000000.0	-467000000.0	3095000000.0	126742000000.0	714000000.0		18344000000.0	18344000000.0	14559000000.0		5240000000.0		14777000000.0		114510000000.0	982000000.0	982000000.0				113528000000.0		5933000000.0			5933000000.0	15651000000.0	103127000000.0	33013000000.0	-6936000000.0	21872000000.0	2000000.0	157044904.0	-938000000.0					82000000.0	52000000.0	-5000000.0			-34000000.0	628000000.0					596000000.0	596000000.0					-657000000.0		-344000000.0		806000000.0		6.6	6.36	0.24	3.7736	
2019-12-31																																																																																																																																																																											168622000000.0	23474000000.0	4829000000.0	4829000000.0	-430000000.0	3179000000.0	145148000000.0	715000000.0		18369000000.0	18369000000.0	14562000000.0		5489000000.0		15466000000.0		133693000000.0	1167000000.0	1167000000.0				132526000000.0		4955000000.0			4955000000.0	15759000000.0	121780000000.0	33547000000.0	-6732000000.0	21662000000.0	2000000.0	157524296.0	1256000000.0					111000000.0	94000000.0	-103000000.0			93000000.0	-1214000000.0					512000000.0	512000000.0					-7000000.0		135000000.0		1334000000.0		8.34	7.69	0.65	8.4525	
2019-09-30																																																																																																																																																																											163872000000.0	29230000000.0	4607000000.0	4607000000.0	-210000000.0	5924000000.0	134642000000.0	669000000.0		18407000000.0	18407000000.0	14552000000.0		2117000000.0	521000000.0	18699000000.0		130268000000.0	1252000000.0	1252000000.0				129016000000.0		5932000000.0			6118000000.0	18699000000.0	117076000000.0	32407000000.0	-6742000000.0	20873000000.0	2000000.0	157075688.0	931000000.0					105000000.0	55000000.0	-199000000.0	-69000000.0		-444000000.0	139000000.0					513000000.0	513000000.0					-109000000.0		626000000.0		1119000000.0		7.15	6.96	0.19	2.7299	
2019-06-30																																																																																																																																																																											163347000000.0	27763000000.0	4023000000.0	4023000000.0	-180000000.0	5294000000.0	135584000000.0	659000000.0		18477000000.0	18477000000.0	14511000000.0		1989000000.0	515000000.0	18446000000.0		130687000000.0	1277000000.0	1277000000.0				129410000000.0		5964000000.0			6106000000.0	18446000000.0	117899000000.0	31893000000.0	-6659000000.0	20267000000.0	2000000.0	156988694.0	922000000.0					100000000.0	47000000.0	-32000000.0	-267000000.0		-1545000000.0	604000000.0					515000000.0	515000000.0					-7000000.0		-19000000.0		1013000000.0		6.41	6.5	-0.09	-1.3846	
2019-03-31																																																																																																																																																																											165008000000.0	30215000000.0	4061000000.0	4061000000.0	-245000000.0	5363000000.0	134793000000.0	656000000.0		17824000000.0	17824000000.0	13524000000.0		1917000000.0	505000000.0	21245000000.0		132637000000.0	6191000000.0	1225000000.0			4966000000.0	126446000000.0		4966000000.0	4966000000.0		5100000000.0	20791000000.0	121449000000.0	31309000000.0	-6676000000.0	19779000000.0	2000000.0	159988382.0	-225000000.0					89000000.0	58000000.0	-99000000.0	72000000.0		-118000000.0	-2112000000.0					556000000.0	556000000.0					-1788000000.0		-2455000000.0		1060000000.0		6.61	6.13	0.48	7.8303	
2018-12-31																																																																																																																																																																											159573000000.0	29800000000.0	6488000000.0	6488000000.0	-485000000.0	2657000000.0	129773000000.0	643000000.0		17839000000.0	17839000000.0	13526000000.0		1796000000.0		20655000000.0		126033000000.0	1292000000.0	1292000000.0				124741000000.0		4979000000.0			4979000000.0	20996000000.0	112829000000.0	32374000000.0	-5387000000.0	19282000000.0	2000000.0	161094642.0	523000000.0					56000000.0	96000000.0	9000000.0	-384000000.0		-108000000.0	-472000000.0					497000000.0	497000000.0					-532000000.0		-57000000.0		927000000.0		6.08	6.27	-0.19	-3.0303	
2018-09-30																																																																																																																																																																											174862000000.0	31054000000.0	6580000000.0	6580000000.0	-176000000.0	4899000000.0	143808000000.0	588000000.0		17854000000.0	17854000000.0	13526000000.0		1760000000.0	472000000.0	20026000000.0		141789000000.0	6394000000.0	1403000000.0			4991000000.0	135395000000.0		4991000000.0	4994000000.0		5035000000.0	19575000000.0	129671000000.0	32415000000.0	-4871000000.0	18852000000.0	2000000.0	162026320.0	1265000000.0					57000000.0	45000000.0	-83000000.0	259000000.0		-558000000.0	-820000000.0					502000000.0	502000000.0					-515000000.0		-113000000.0		1203000000.0		7.52	6.84	0.68	9.9415	
2018-06-30																																																																																																																																																																											195549000000.0	34134000000.0	6724000000.0	6724000000.0	-249000000.0	4450000000.0	161415000000.0	581000000.0		17367000000.0	17367000000.0	13215000000.0		1813000000.0	385000000.0	23386000000.0		162679000000.0	1216000000.0	1216000000.0			4994000000.0	161463000000.0		4994000000.0	4994000000.0		4994000000.0	22960000000.0	151773000000.0	32130000000.0	-4388000000.0	18138000000.0	2000000.0	162813188.0	1428000000.0					54000000.0	30000000.0	43000000.0	197000000.0		-89000000.0	-599000000.0					464000000.0	464000000.0					-321000000.0		740000000.0		1078000000.0		6.66	6.55	0.11	1.6794	
2018-03-31																																																																																																																																																																											216017000000.0	37642000000.0	6081000000.0	6081000000.0	-293000000.0	4314000000.0	178375000000.0	589000000.0		17378000000.0	17378000000.0	13217000000.0		2050000000.0	614000000.0	27739000000.0		183434000000.0	1421000000.0	1421000000.0			5036000000.0	182013000000.0		5036000000.0	5036000000.0		5036000000.0	788000000.0	172673000000.0	31978000000.0	-4108000000.0	17529000000.0	2000000.0	163573252.0	-141000000.0					53000000.0	33000000.0	35000000.0	-47000000.0		-53000000.0	-874000000.0					505000000.0	505000000.0					-719000000.0		-1068000000.0		1094000000.0		6.7	6.39	0.31	4.8513	
2017-12-31																																																																																																																																																																											220217000000.0	35420000000.0	7038000000.0	7038000000.0	-779000000.0	4192000000.0	184797000000.0	592000000.0		17389000000.0	17389000000.0	13220000000.0		1981000000.0	779000000.0	25369000000.0		187926000000.0	1161000000.0	1161000000.0			5014000000.0	186765000000.0		5014000000.0	5014000000.0		5014000000.0	2153000000.0	176060000000.0	31825000000.0	-3967000000.0	16966000000.0	2000000.0	164457829.0	1342000000.0					50000000.0	55000000.0	255000000.0	0.0		-97000000.0	-547000000.0					403000000.0	403000000.0					-288000000.0		729000000.0	31000000.0	2310000000.0		6.24	6.02	0.22	3.6545	
2017-09-30																																																																																																																																																																											220567000000.0	38147000000.0	6247000000.0	6247000000.0	-638000000.0	4469000000.0	182420000000.0	571000000.0		17400000000.0	17400000000.0	13226000000.0		1928000000.0	638000000.0	28205000000.0		190150000000.0	1652000000.0	1652000000.0			5000000000.0	188498000000.0		5000000000.0	5000000000.0		5000000000.0	1614000000.0	176918000000.0	30042000000.0	-3697000000.0	15065000000.0	2000000.0	164431269.0	1347000000.0					65000000.0	45000000.0	-173000000.0	-166000000.0		-129000000.0	-620000000.0					405000000.0	405000000.0					-287000000.0		657000000.0	59000000.0	959000000.0		5.92	5.56	0.36	6.4748	
2017-06-30																																																																																																																																																																											217488000000.0	36029000000.0	5582000000.0	5582000000.0	-667000000.0	4178000000.0	181459000000.0	549000000.0		17423000000.0	17423000000.0	13199000000.0		1942000000.0	667000000.0	27062000000.0		187601000000.0	1520000000.0	1520000000.0			4970000000.0	186081000000.0		4970000000.0	4970000000.0		4970000000.0	1140000000.0	174990000000.0	29555000000.0	-3433000000.0	14523000000.0	2000000.0	164809095.0	1330000000.0					67000000.0	36000000.0	266000000.0	189000000.0		-312000000.0	-1283000000.0					407000000.0	407000000.0					-284000000.0		-195000000.0	70000000.0	867000000.0		5.24	5.4	-0.16	-2.963	
2017-03-31																																																																																																																																																																											230586000000.0	40176000000.0	5814000000.0	5814000000.0	-869000000.0	4324000000.0	190410000000.0	546000000.0		17338000000.0	17338000000.0	13113000000.0		1857000000.0	869000000.0	30038000000.0		201071000000.0	2000000000.0	2000000000.0			700000000.0	199071000000.0		5619000000.0			5619000000.0	-700000000.0	187653000000.0	29156000000.0	-3171000000.0	14073000000.0	2000000.0	165518254.0	-191000000.0					58000000.0	19000000.0	-869000000.0	-238000000.0		-49000000.0	-180000000.0					447000000.0	447000000.0					-562000000.0		-388000000.0	32000000.0	871000000.0		4.76	4.89	-0.13	-2.6585	
2016-12-31																																																																																																																																																																											220177000000.0	37325000000.0	6175000000.0	6175000000.0	-566000000.0	3358000000.0	182852000000.0	559000000.0		17363000000.0	17363000000.0	13118000000.0		1595000000.0	566000000.0	28748000000.0		190833000000.0	1094000000.0	1094000000.0			4915000000.0	189739000000.0		4915000000.0	4915000000.0		4915000000.0	1880000000.0	178104000000.0	29098000000.0	-3185000000.0	13660000000.0	2000000.0	166520246.0	1192000000.0					58000000.0	31000000.0	250000000.0	-257000000.0		55000000.0	-505000000.0					374000000.0	374000000.0					-281000000.0		637000000.0	-105000000.0	851000000.0		5.14	5.02	0.12	2.3904	
2016-09-30																																																																																																																																																																											226739000000.0	39466000000.0	5615000000.0	5615000000.0	-607000000.0	4012000000.0	187273000000.0	564000000.0		17387000000.0	17387000000.0	13124000000.0		1731000000.0	607000000.0	29839000000.0		197178000000.0	1354000000.0	1354000000.0				195824000000.0		4961000000.0			4961000000.0	31320000000.0	184550000000.0	28904000000.0	-2919000000.0	13183000000.0	2000000.0	166924293.0	1060000000.0					57000000.0	21000000.0	288000000.0	-17000000.0		-269000000.0	-370000000.0					376000000.0	376000000.0					-277000000.0		389000000.0	-32000000.0	877000000.0		5.14	5.0	0.14	2.8	
2016-06-30																																																																																																																																																																											222055000000.0	40029000000.0	5237000000.0	5237000000.0	-628000000.0	4069000000.0	182026000000.0	576000000.0		17412000000.0	17412000000.0	13128000000.0		1476000000.0	628000000.0	30723000000.0		192900000000.0	1615000000.0	1615000000.0				191285000000.0		4950000000.0			4950000000.0	1064000000.0	180372000000.0	28568000000.0	-2690000000.0	12684000000.0	2000000.0	167308522.0	467000000.0					58000000.0	37000000.0	-354000000.0	-461000000.0		-20000000.0	-263000000.0					376000000.0	376000000.0					-279000000.0		84000000.0	-100000000.0	795000000.0		4.78	4.78	0.0	0.0	
2016-03-31																																																																																																																																																																											222958000000.0	39255000000.0	5084000000.0	5084000000.0	-666000000.0	3782000000.0	183703000000.0	581000000.0		17347000000.0	17347000000.0	13119000000.0		1504000000.0	666000000.0	30389000000.0		193972000000.0	1385000000.0	1385000000.0				192587000000.0		4968000000.0			4968000000.0	672000000.0	182010000000.0	28394000000.0	-2432000000.0	12271000000.0	2000000.0	168071221.0	-565000000.0					56000000.0	30000000.0	-270000000.0	103000000.0		46000000.0	-547000000.0					419000000.0	419000000.0					-562000000.0		-1102000000.0	-36000000.0	647000000.0		4.25	4.29	-0.04	-0.9324	
2015-12-31																																																																																																																																																																											225261000000.0	40834000000.0	6231000000.0	6231000000.0	-720000000.0	3267000000.0	184427000000.0	581000000.0		17372000000.0	17372000000.0	13123000000.0		1578000000.0	720000000.0	32435000000.0		196217000000.0	1068000000.0	1068000000.0			4930000000.0	195149000000.0		4930000000.0	4930000000.0		4930000000.0	1971000000.0	183220000000.0	28503000000.0	-2489000000.0	12033000000.0	2000000.0	169309795.0	1157000000.0					51000000.0	61000000.0	307000000.0	-49000000.0		-323000000.0	-364000000.0					361000000.0	361000000.0					-278000000.0		410000000.0	-60000000.0	869000000.0		4.75	4.8	-0.05	-1.0417	
2015-09-30																																																																																																																																																																											222216000000.0	39991000000.0	5749000000.0	5749000000.0	-565000000.0	3458000000.0	182225000000.0	543000000.0		17360000000.0	17360000000.0	12965000000.0		1372000000.0	565000000.0	30784000000.0		193735000000.0	1343000000.0	1343000000.0				192392000000.0		4950000000.0			4950000000.0	1561000000.0	180763000000.0	28136000000.0	-2318000000.0	11533000000.0	2000000.0	169342672.0	1351000000.0					68000000.0	26000000.0	-208000000.0	162000000.0		-37000000.0	-509000000.0					362000000.0	362000000.0					-276000000.0		766000000.0	-39000000.0	832000000.0		5.0	4.57	0.43	9.4092	
2015-06-30																																																																																																																																																																											237008000000.0	40656000000.0	4971000000.0	4971000000.0	-593000000.0	3248000000.0	196352000000.0	545000000.0		17394000000.0	17394000000.0	12970000000.0		1436000000.0	593000000.0	32437000000.0		208878000000.0	1284000000.0	1284000000.0			4947000000.0	207594000000.0		4947000000.0			4947000000.0	1137000000.0	201538000000.0	27776000000.0	-2191000000.0	11052000000.0	2000000.0	169793933.0	986000000.0					65000000.0	36000000.0	497000000.0	-276000000.0		-6000000.0	-443000000.0					364000000.0	364000000.0					-279000000.0		614000000.0	77000000.0	791000000.0		4.96	4.8	0.16	3.3333	
2015-03-31																																																																																																																																																																											242714000000.0	46670000000.0	4572000000.0	4572000000.0	-803000000.0	6731000000.0	196044000000.0	537000000.0		17429000000.0	17429000000.0	12975000000.0		2204000000.0	803000000.0	35367000000.0		215058000000.0	1714000000.0	1714000000.0			4938000000.0	213344000000.0		8152000000.0			8902000000.0	684000000.0	198499000000.0	27375000000.0	-1927000000.0	10613000000.0	2000000.0	170404784.0	-490000000.0					63000000.0	98000000.0	-750000000.0	-337000000.0		-99000000.0	-748000000.0					389000000.0	389000000.0					-498000000.0		-1430000000.0	-93000000.0	860000000.0		4.89	4.52	0.37	8.1858	
2014-12-31																																																																																																																																																																											239808000000.0	45095000000.0	6001000000.0	6001000000.0	-472000000.0	5440000000.0	194697000000.0	467000000.0		17344000000.0	17344000000.0	12961000000.0		1921000000.0	472000000.0	33654000000.0		212288000000.0	1035000000.0	1035000000.0			4938000000.0	211237000000.0		7577000000.0	750000000.0		8311000000.0	1865000000.0	195827000000.0	27366000000.0	-1894000000.0	10145000000.0	2000000.0	171051649.0	1271000000.0					63000000.0	26000000.0	504000000.0	-112000000.0		-18000000.0	-1592000000.0					322000000.0	322000000.0					-256000000.0		-426000000.0	-87000000.0	806000000.0		4.82	4.67	0.15	3.212	
2014-09-30																																																																																																																																																																											222812000000.0	32804000000.0	6324000000.0	6324000000.0	-414000000.0	5514000000.0	190008000000.0	468000000.0		17378000000.0	17378000000.0	12966000000.0		1951000000.0	414000000.0	20966000000.0		195528000000.0	1576000000.0	1576000000.0			5937000000.0	193952000000.0		8826000000.0			8826000000.0	1487000000.0	178416000000.0	27106000000.0	-1657000000.0	9660000000.0	2000000.0	171464622.0	1284000000.0					70000000.0	6000000.0	1538000000.0	101000000.0		163000000.0	-336000000.0					324000000.0	324000000.0					-256000000.0		1022000000.0	-89000000.0	873000000.0		5.21	4.66	0.55	11.8026	
2014-06-30																																																																																																																																																																											231693000000.0	36291000000.0	5497000000.0	5497000000.0	-387000000.0	6740000000.0	195402000000.0	496000000.0		17418000000.0	17418000000.0	12971000000.0		2095000000.0	387000000.0	24054000000.0		204627000000.0	3091000000.0	3091000000.0			5936000000.0	201536000000.0		8635000000.0			8635000000.0	1079000000.0	161499000000.0	26881000000.0	-1416000000.0	9113000000.0	2000000.0	171837501.0	732000000.0					72000000.0	19000000.0	-1340000000.0	-149000000.0		-39000000.0	3000000.0					326000000.0	326000000.0					-257000000.0		733000000.0	31000000.0	841000000.0		4.89	4.46	0.43	9.6413	
2014-03-31																																																																																																																																																																											216297000000.0	27398000000.0	4585000000.0	4585000000.0	-508000000.0	5051000000.0	188899000000.0	508000000.0		17459000000.0	17459000000.0	12975000000.0		2092000000.0	508000000.0	17762000000.0		189596000000.0	1615000000.0	1615000000.0				187981000000.0		5936000000.0			8180000000.0	668000000.0	155097000000.0	26478000000.0	-1180000000.0	8604000000.0	2000000.0	172624298.0	-206000000.0					73000000.0	15000000.0	-624000000.0	-270000000.0		133000000.0	64000000.0					366000000.0	366000000.0					-575000000.0		4000000.0	13000000.0	744000000.0		4.43	4.11	0.32	7.7859	
2013-12-31																																																																																																																																																																											219873000000.0	30911000000.0	4551000000.0	4551000000.0	-428000000.0	4572000000.0	188962000000.0	525000000.0		17501000000.0	17501000000.0	12980000000.0		2151000000.0	428000000.0	21788000000.0		193203000000.0	1084000000.0	1084000000.0				192119000000.0		4939000000.0			7308000000.0	1747000000.0	155113000000.0	26460000000.0	-1210000000.0	8230000000.0	2000000.0	173694304.0	1166000000.0					76000000.0	34000000.0	2075000000.0	56000000.0		-208000000.0	-580000000.0					286000000.0	286000000.0					-259000000.0		403000000.0	25000000.0	850000000.0		4.92	4.33	0.59	13.6259	
2013-09-30																																																																																																																																																																											212717000000.0	32460000000.0	4080000000.0	4080000000.0	-448000000.0	6418000000.0	180257000000.0	523000000.0		17513000000.0	17513000000.0	12938000000.0		1878000000.0	448000000.0	21962000000.0		186531000000.0	3322000000.0	3322000000.0				183209000000.0		4938000000.0			7006000000.0	1322000000.0	146646000000.0	25999000000.0	-993000000.0	7678000000.0	2000000.0	174067777.0	1146000000.0					71000000.0	14000000.0	-2046000000.0	-154000000.0		-285000000.0	-619000000.0					287000000.0	287000000.0					-287000000.0		319000000.0	77000000.0	729000000.0		3.88	3.88	0.0	0.0	
2013-06-30																																																																																																																																																																											193745000000.0	27628000000.0	3793000000.0	3793000000.0	-368000000.0	4409000000.0	166117000000.0	524000000.0		17322000000.0	17322000000.0	12899000000.0		1773000000.0	368000000.0	19976000000.0		167920000000.0	1271000000.0	1271000000.0			19426000000.0	166649000000.0		4938000000.0			24364000000.0	948000000.0	132846000000.0	25589000000.0	-750000000.0	7233000000.0	2000000.0	174571868.0	1140000000.0					72000000.0	28000000.0	361000000.0	-195000000.0		-21000000.0	-1388000000.0					286000000.0	286000000.0					-254000000.0		-274000000.0	-5000000.0	706000000.0		4.15	3.82	0.33	8.6387	
2013-03-31																																																																																																																																																																											200738000000.0	30303000000.0	4232000000.0	4232000000.0	-249000000.0	5132000000.0	170435000000.0	529000000.0		17362000000.0	17362000000.0	12904000000.0		1711000000.0	249000000.0	20939000000.0		175071000000.0	1657000000.0	1657000000.0			100000000.0	173414000000.0		5687000000.0			8019000000.0	602000000.0	137302000000.0	25345000000.0	-523000000.0	6822000000.0	2000000.0	175262178.0	190000000.0					72000000.0	18000000.0	-376000000.0	63000000.0		31000000.0	-805000000.0					309000000.0	309000000.0					-461000000.0		-664000000.0	-80000000.0	666000000.0		3.65	3.58	0.07	1.9553	
2012-12-31																																																																																																																																																																											200451000000.0	32438000000.0	4903000000.0	4903000000.0	-217000000.0	4514000000.0	168013000000.0	557000000.0		17402000000.0	17402000000.0	12910000000.0		1750000000.0	217000000.0	23021000000.0		174834000000.0	1155000000.0	1055000000.0			100000000.0	173679000000.0		5687000000.0			8189000000.0	14000000.0	134768000000.0	25403000000.0	-432000000.0	6473000000.0	2000000.0	175879553.0	354000000.0					76000000.0	29000000.0	176000000.0	0.0		285000000.0	-283000000.0					256000000.0	256000000.0					-170000000.0		383000000.0	27000000.0	650000000.0		3.96	3.73	0.23	6.1662	
2012-09-30																																																																																																																																																																											192828000000.0	7100000000.0	4515000000.0	4515000000.0	124000000.0	2585000000.0	185728000000.0	560000000.0		17442000000.0	17442000000.0	12908000000.0		1864000000.0	0.0			167519000000.0	4598000000.0	1427000000.0			1943000000.0	162921000000.0		6186000000.0			8129000000.0	1228000000.0	128013000000.0	25057000000.0	-274000000.0	6066000000.0	2000000.0	176155150.0	1021000000.0					74000000.0	23000000.0	-421000000.0	0.0		-4000000.0	-426000000.0					259000000.0	259000000.0					-170000000.0		628000000.0	37000000.0	655000000.0		3.47	3.32	0.15	4.5181	
2012-06-30																																																																																																																																																																											182480000000.0	5794000000.0	3639000000.0	3639000000.0	169000000.0	2155000000.0	176686000000.0	571000000.0		17441000000.0	17441000000.0	12888000000.0		1879000000.0	0.0			157558000000.0	3438000000.0	848000000.0			1539000000.0	154120000000.0		6185000000.0			7724000000.0	1899000000.0	119542000000.0	24672000000.0	-124000000.0	5697000000.0	2000000.0	180311947.0	967000000.0					72000000.0	57000000.0	290000000.0	0.0		-60000000.0	158000000.0					260000000.0	260000000.0					-1043000000.0		1043000000.0	-22000000.0	560000000.0		3.1	3.01	0.09	2.99	
2012-03-31																																																																																																																																																																											185518000000.0	5098000000.0	2647000000.0	2647000000.0	265000000.0	2451000000.0	180420000000.0	545000000.0		17480000000.0	17480000000.0	12899000000.0		1951000000.0	0.0			159915000000.0	3491000000.0	1835000000.0			1647000000.0	156424000000.0		4690000000.0			6337000000.0	1844000000.0	123963000000.0	25303000000.0	-104000000.0	5390000000.0	1000000.0	182648456.0	-102000000.0					73000000.0	41000000.0	-341000000.0	0.0		-487000000.0	-393000000.0					285000000.0	285000000.0					-262000000.0		-954000000.0	28000000.0	575000000.0		3.16	3.04	0.12	3.9474	
2011-12-31																																																																																																																																																																											179896000000.0	28219000000.0	3560000000.0	3560000000.0	267000000.0	3741000000.0	151677000000.0	537000000.0		17356000000.0	17356000000.0	12792000000.0		1631000000.0	0.0	20918000000.0		154534000000.0	1045000000.0	923000000.0			100000000.0	153489000000.0		4690000000.0			6364000000.0	22000000.0	119592000000.0	25048000000.0	-218000000.0	5118000000.0	1000000.0	181917864.0	873000000.0					77000000.0	29000000.0	121000000.0	0.0		-18000000.0	-310000000.0					245000000.0	245000000.0					-102000000.0		523000000.0	-22000000.0	583000000.0		3.06	2.99	0.07	2.3411	
2011-09-30																																																																																																																																																																											174282000000.0	5201000000.0	2983000000.0	2983000000.0	141000000.0	2218000000.0	169081000000.0	545000000.0		17395000000.0	17395000000.0	12797000000.0		1525000000.0	0.0			149343000000.0	2399000000.0	2299000000.0			100000000.0	146944000000.0		4690000000.0			4790000000.0	2299000000.0	115978000000.0	24727000000.0	-128000000.0	4815000000.0	1000000.0	182555549.0	1236000000.0					76000000.0	59000000.0	-2000000.0	0.0		-82000000.0	-939000000.0					249000000.0	249000000.0					-129000000.0		187000000.0	-28000000.0	570000000.0		2.83	2.63	0.2	7.6046	
2011-06-30																																																																																																																																																																											185048000000.0	6427000000.0	2861000000.0	2861000000.0	158000000.0	2235000000.0	178621000000.0	521000000.0		17434000000.0	17434000000.0	12802000000.0		1598000000.0	1331000000.0			160378000000.0	2625000000.0	1128000000.0			600000000.0	157753000000.0		4688000000.0			5288000000.0	897000000.0	128109000000.0	24424000000.0	-1000000.0	4441000000.0	1000000.0	191345342.0	873000000.0					73000000.0	76000000.0	129000000.0	0.0		-89000000.0	-771000000.0					248000000.0	248000000.0					-2548000000.0		17000000.0	4000000.0	622000000.0		3.0	2.88	0.12	4.1667	
2011-03-31																																																																																																																																																																											178422000000.0	5138000000.0	2779000000.0	2779000000.0	130000000.0	2359000000.0	173284000000.0	479000000.0		17472000000.0	17472000000.0	12804000000.0		1528000000.0	0.0			151706000000.0	1930000000.0	1366000000.0			17236000000.0	149776000000.0		3255000000.0			20491000000.0	564000000.0	123759000000.0	26479000000.0	-2000000.0	4077000000.0	1000000.0	195076809.0	-156000000.0					73000000.0	83000000.0	-130000000.0	0.0		-15000000.0	-465000000.0					272000000.0	272000000.0					-106000000.0		-588000000.0	48000000.0	564000000.0		2.96	2.77	0.19	6.8592	
2010-12-31																																																																																																																																																																											178459000000.0	5705000000.0	3460000000.0	3460000000.0	131000000.0	2245000000.0	172754000000.0	428000000.0		17512000000.0	17512000000.0	12805000000.0		1540000000.0	0.0			152125000000.0	2745000000.0	1068000000.0			100000000.0	149380000000.0		3259000000.0			4637000000.0	1577000000.0	123006000000.0	26094000000.0	-111000000.0	3798000000.0	1000000.0	194296504.0	1073000000.0					79000000.0	36000000.0	2000000.0	0.0		-147000000.0	-166000000.0					194000000.0	194000000.0					264000000.0		731000000.0	-29000000.0	649000000.0		3.42	2.9	0.52	17.931	
2010-09-30																																																																																																																																																																											174504000000.0	4856000000.0	2636000000.0	2636000000.0	201000000.0	2220000000.0	169648000000.0	429000000.0		17546000000.0	17546000000.0	12641000000.0		1512000000.0	0.0			148824000000.0	2631000000.0	1234000000.0			100000000.0	146193000000.0		3258000000.0			3358000000.0	1297000000.0	118406000000.0	25400000000.0	-124000000.0	3354000000.0	1000000.0	193099236.0	1105000000.0					74000000.0	30000000.0	-58000000.0	0.0		-78000000.0	-632000000.0					193000000.0	193000000.0					-147000000.0		453000000.0	58000000.0	584000000.0		2.75	2.46	0.29	11.7886	
2010-06-30																																																																																																																																																																											162266000000.0	4330000000.0	2183000000.0	2183000000.0	268000000.0	2147000000.0	157936000000.0	433000000.0		17586000000.0	17586000000.0	12640000000.0		1463000000.0	0.0			137112000000.0	2519000000.0	2075000000.0			444000000.0	134593000000.0		3262000000.0			3706000000.0	2075000000.0	107332000000.0	24954000000.0	-137000000.0	2991000000.0	1000000.0	193342908.0	474000000.0					79000000.0	22000000.0	-117000000.0	0.0		-372000000.0	-617000000.0					193000000.0	193000000.0					-3000000.0		-520000000.0	-5000000.0	389000000.0		2.37	2.29	0.08	3.4934	
2010-03-31																																																																																																																																																																											168060000000.0	4741000000.0	2703000000.0	2703000000.0	237000000.0	2038000000.0	163319000000.0	450000000.0		17626000000.0	17626000000.0	12641000000.0		1096000000.0	0.0			143192000000.0	2924000000.0	2044000000.0			880000000.0	140268000000.0		3286000000.0			4166000000.0	2044000000.0	117909000000.0	24648000000.0	-3000000.0	2777000000.0	1000000.0	192923944.0	-164000000.0					78000000.0	44000000.0	-146000000.0	0.0		-30000000.0	-1755000000.0					196000000.0	196000000.0					-114000000.0		-2005000000.0	-56000000.0	428000000.0		2.4	2.45	-0.05	-2.0408	
2009-12-31																																																																																																																																																																											177994000000.0	6615000000.0	4708000000.0	4708000000.0	167000000.0	1907000000.0	171509000000.0	445000000.0		17648000000.0	17648000000.0	12570000000.0			0.0			153392000000.0	5061000000.0	840000000.0			2234000000.0	148461000000.0		3191000000.0			5668000000.0	1987000000.0		24329000000.0	-140000000.0	2436000000.0	1000000.0	192152251.0	568000000.0					64000000.0	15000000.0		0.0		-5530000000.0	6920000000.0					81000000.0	81000000.0					-5000000.0				257000000.0		2.39	2.1	0.29	13.8095	
2009-09-30																																																																																																																																																																											21380000000.0	4073000000.0	2763000000.0	2763000000.0	143000000.0	1310000000.0	17307000000.0	250000000.0		6335000000.0	6335000000.0	5718000000.0			0.0			8089000000.0	1603000000.0	712000000.0			200000000.0	6486000000.0		943000000.0			1144000000.0	1403000000.0		13060000000.0	-143000000.0	2286000000.0	1000000.0	136448031.0	557000000.0					60000000.0	19000000.0		0.0		-7000000.0	-66000000.0					108000000.0	108000000.0					-1000000.0				334000000.0		2.1	1.93	0.17	8.8083	
2009-06-30																																																																																																																																																																											20409000000.0	3476000000.0	2305000000.0	2305000000.0	134000000.0	1171000000.0	16933000000.0	252000000.0		6371000000.0	6371000000.0	5723000000.0			0.0			7451000000.0	1333000000.0	628000000.0			200000000.0	6118000000.0		942000000.0			1144000000.0	1133000000.0		12745000000.0	-143000000.0	2076000000.0	1000000.0	133900210.0	400000000.0					58000000.0	17000000.0		0.0		-86000000.0	96000000.0					103000000.0	103000000.0					-1000000.0				244000000.0		1.75	1.56	0.19	12.1795	
2009-03-31																																																																																																																																																																											19223000000.0	2856000000.0	1793000000.0	1793000000.0	195000000.0	1063000000.0	16367000000.0	256000000.0		6405000000.0	6405000000.0	5736000000.0						6949000000.0	1088000000.0	551000000.0			200000000.0	5861000000.0		943000000.0			1146000000.0	888000000.0		12073000000.0	-168000000.0	1961000000.0	1000000.0	132326493.0	-126000000.0					57000000.0	16000000.0				104000000.0	-201000000.0					105000000.0	105000000.0					-39000000.0				62000000.0		0.81	0.81	0.0	0.0	
2008-12-31																																																																																																																																																																											19924000000.0	3242000000.0	2032000000.0	2032000000.0	122000000.0	1210000000.0	16682000000.0	260000000.0		6441000000.0	6441000000.0	5533000000.0						7367000000.0	1674000000.0	545000000.0			200000000.0	5690000000.0		696000000.0			1142000000.0	929000000.0		12066000000.0	-201000000.0	1991000000.0	1000000.0	131797189.0	759788000.0					56515000.0	5224000.0		665802000.0		-22337000.0	-322282000.0					313000000.0	313000000.0					-2141000.0				52545000.0		0.68	0.99	-0.31	-31.3131	
2008-09-30																																																																																																																																																																											21696672000.0	3001870000.0	1793293000.0	1793293000.0	150660000.0	1449996000.0	12295061000.0	274295000.0		6476773000.0	6476773000.0	5543993000.0			2145744000.0	-2387163000.0		8640516000.0	1025561000.0	731367000.0			200000000.0	7614955000.0		946693000.0			1146693000.0	825561000.0		12187164000.0	-210182000.0	2042520000.0	1186000.0	132801555.0	674739000.0					60139000.0	31873000.0				-52407000.0	-167755000.0					105000000.0	105000000.0					-1000000.0				217726000.0		1.71	1.88	-0.17	-9.0426	
2008-06-30																																																																																																																																																																											22017252000.0	2996638000.0	1427522000.0	1427522000.0	167350000.0	1773592000.0	12307660000.0	265399000.0		6507087000.0	6507087000.0	5535174000.0			1941525000.0	-2146001000.0		9343155000.0	966190000.0	1029636000.0			300000000.0	8376965000.0		946552000.0			1246552000.0	666190000.0		12129709000.0	-235434000.0	1929726000.0	1186000.0	132562787.0	611806000.0					58000000.0	15309000.0				-185555000.0	-192321000.0					104000000.0	104000000.0					-7000000.0				254000000.0		2.14	1.88	0.26	13.8298	
2008-03-31																																																																																																																																																																											21816404000.0	2685017000.0	1194180000.0	1194180000.0	278572000.0	1490837000.0	12314625000.0	270607000.0		6543604000.0	6543604000.0	5500414000.0			1922928000.0	-1922928000.0		9422699000.0	719486000.0	1215245000.0			300000000.0	8703213000.0		947162000.0			1358752000.0	419486000.0		11814209000.0	-331977000.0	1759534000.0	1186000.0	132149340.0	-130333000.0					87699000.0	24594000.0		-665802000.0		-133701000.0	-204642000.0					104000000.0	104000000.0					-36000000.0				246000000.0		1.9	2.01	-0.11	-5.4726	
2007-12-31																																																																																																																																																																											22561515000.0	3067000000.0	1656200000.0	1656200000.0	395006000.0	1411000000.0	19494000000.0	266460000.0		6553122000.0	6553122000.0	5519714000.0				174849000.0		10386350000.0	2290000000.0	789000000.0			300000000.0	8097000000.0		947021000.0			1247000000.0	1201000000.0		11596955000.0	-371514000.0	1622041000.0	1186000.0	132876553.0	226134000.0					55437000.0	26377000.0		184059000.0		-819506000.0	-46325000.0					87876000.0	87876000.0					-13207000.0				322440000.0		2.52	2.15	0.37	17.2093	
2007-09-30																																																																																																																																																																											23078534000.0	3476575000.0	2320579000.0	2320579000.0	361631000.0	1252602000.0	11494242000.0	250481000.0		5789240000.0	5789240000.0	5454521000.0			2680751000.0	-2777357000.0		10351343000.0	1257870000.0	1022818000.0			450000000.0	9093473000.0		946879000.0			1642769000.0	807870000.0		11268312000.0	-276424000.0	1387478000.0	1174000.0	131843829.0	438924000.0					49305000.0	22635000.0		-156959000.0		-52639000.0	553518000.0					88821000.0	88821000.0					-83345000.0				255200000.0		2.29	1.91	0.38	19.8953	
2007-06-30																																																																																																																																																																											21992177000.0	2433904000.0	1356250000.0	1356250000.0	577777000.0	1155743000.0	11527398000.0	245120000.0		5820317000.0	5820317000.0	5461961000.0			2484127000.0	-2562216000.0		9480352000.0	1815534000.0	937237000.0			360000000.0	7664818000.0		252484000.0			703743000.0	518297000.0		11103118000.0	-222031000.0	1227568000.0	1174000.0	131911113.0	219317000.0					48020000.0	34322000.0		151979000.0		-25607000.0	127341000.0					88349000.0	88349000.0					-122362000.0				222244000.0		1.8	1.67	0.13	7.7844	
2007-03-31																																																																																																																																																																											20881989000.0	2301144000.0	1018828000.0	1018828000.0	453614000.0	1354807000.0	11384986000.0	226710000.0		5851394000.0	5851394000.0	5306882000.0			2194863000.0	-2267354000.0		8798769000.0	1797983000.0	902078000.0			550000000.0	7000786000.0		253167000.0			925976000.0	345905000.0		10998741000.0	-119454000.0	1093673000.0	1174000.0	132425269.0	-296926000.0					46062000.0	27983000.0		-179079000.0		-171080000.0	324327000.0					88417000.0	88417000.0					-164396000.0				195388000.0		1.59	1.62	-0.03	-1.8519	
2006-12-31																																																																																																																																																																											20469492000.0	2415096000.0	1160304000.0	1160304000.0	472483000.0	1077550000.0	18054396000.0	214784000.0		5882430000.0	5882430000.0	5257017000.0			2097574000.0	177242000.0		8578520000.0	2048948000.0	753839000.0				6529572000.0		253167000.0			253167000.0	1295109000.0		10781880000.0	-57354000.0	993821000.0	1174000.0	131895570.0	483027000.0					43508000.0	36979000.0		197782000.0		-295283000.0	-4081000.0					54531000.0	54531000.0					-6358000.0				322602000.0		1.61	1.54	0.07	4.5455	
2006-09-30																																																																																																																																																																											17874676000.0	3603952000.0	943901000.0	943901000.0	233276000.0	1043840000.0	14270724000.0	193752000.0		5881967000.0	5881967000.0	3504726000.0			1616211000.0	4690279000.0		6398994000.0	865295000.0	748548000.0				5533699000.0		253170000.0			531359000.0	865295000.0		10607285000.0	-52035000.0	878929000.0	1174000.0	67748529.0	205687000.0					10180000.0	19479000.0		151484000.0		412726000.0	-43667000.0					27022000.0	27022000.0					-23389000.0				18913000.0		1.06	1.15	-0.09	-7.8261	
2006-06-30																																																																																																																																																																											1923921000.0	1154216000.0	368687000.0	368687000.0	58691000.0	438276000.0	769705000.0	142526000.0		290291000.0	290291000.0	199385000.0			347253000.0	137503000.0		862818000.0	474635000.0	110764000.0				388183000.0		253170000.0			253170000.0	474635000.0		1041150000.0	-33809000.0	878335000.0	651000.0	66921162.0	94210000.0					9710000.0	12933000.0		8858000.0		-73987000.0	-22548000.0					27221000.0	27221000.0					-1187000.0				63404000.0		1.19	1.17	0.02	1.7094	
2006-03-31																																																																																																																																																																											1841052000.0	1093738000.0	368098000.0	368098000.0	68972000.0	387279000.0	747314000.0	136972000.0		292139000.0	292139000.0	200352000.0			338361000.0	117851000.0		835742000.0	384974000.0	174626000.0				450768000.0		253791000.0			253791000.0	384974000.0		988942000.0	-43157000.0	840033000.0	652000.0	66999557.0	-62040000.0					9411000.0	14602000.0		-155730000.0		-39891000.0	-14605000.0					26891000.0	26891000.0					-39000.0				70862000.0		1.23	1.12	0.11	9.8214	
2005-12-31																																																																																																																																																																											1848000000.0	1122469000.0	484223000.0	484223000.0	61882000.0	339578000.0	725531000.0	129451000.0		294168000.0	294168000.0	189814000.0			298668000.0	112098000.0		916143000.0	522637000.0	75779000.0				393506000.0		253791000.0			265684000.0	522637000.0		922243000.0	-59057000.0	806884000.0	653000.0	66731560.0	170117000.0					7788000.0	12224000.0		20923000.0		-58554000.0	-22588000.0					19099000.0	19099000.0					-4691000.0				72918000.0		1.21	1.06	0.15	14.1509	
2005-09-30																																																																																																																																																																																																																																											1.03	0.97	0.06	6.1856	
2005-06-30																																																																																																																																																																																																																																											0.91	0.9	0.01	1.1111	
2005-03-31																																																																																																																																																																																																																																											0.89	0.81	0.08	9.8765	
2004-12-31																																																																																																																																																																																																																																											0.75	0.72	0.03	4.1667	
2004-09-30																																																																																																																																																																																																																																											0.56	0.56	0.0	0.0	
2004-06-30																																																																																																																																																																																																																																											0.71	0.7	0.01	1.4286	
2004-03-31																																																																																																																																																																																																																																											0.71	0.75	-0.04	-5.3333	
2003-12-31																																																																																																																																																																																																																																											0.63	0.63	0.0	0.0	
2003-09-30																																																																																																																																																																																																																																											0.61	0.6	0.01	1.6667	
2003-06-30																																																																																																																																																																																																																																											0.58	0.57	0.01	1.7544	
2003-03-31																																																																																																																																																																																																																																											0.54	0.54	0.0	0.0	
2002-12-31																																																																																																																																																																																																																																											0.52	0.51	0.01	1.9608	
2002-09-30																																																																																																																																																																																																																																											0.51	0.51	0.0	0.0	
2002-06-30																																																																																																																																																																																																																																											0.53	0.49	0.04	8.1633	
2002-03-31																																																																																																																																																																																																																																											0.48	0.46	0.02	4.3478	
2001-12-31																																																																																																																																																																																																																																											0.44	0.43	0.01	2.3256	
2001-09-30																																																																																																																																																																																																																																											0.42	0.41	0.01	2.439	
2001-06-30																																																																																																																																																																																																																																											0.4	0.4	0.0	0.0	
2001-03-31																																																																																																																																																																																																																																											0.39	0.38	0.01	2.6316	
2000-12-31																																																																																																																																																																																																																																											0.38	0.35	0.03	8.5714	
2000-09-30																																																																																																																																																																																																																																											0.35	0.33	0.02	6.0606	
2000-06-30																																																																																																																																																																																																																																											0.32	0.32	0.0	0.0	
2000-03-31																																																																																																																																																																																																																																											0.3	0.29	0.01	3.4483	
1999-12-31																																																																																																																																																																																																																																											0.27	0.26	0.01	3.8462	
