	Tax Effect Of Unusual Items	Tax Rate For Calcs	Normalized EBITDA	Total Unusual Items	Total Unusual Items Excluding Goodwill	Net Income From Continuing Operation Net Minority Interest	Reconciled Depreciation	Reconciled Cost Of Revenue	EBITDA	EBIT	Net Interest Income	Interest Expense	Interest Income	Normalized Income	Net Income From Continuing And Discontinued Operation	Total Expenses	Diluted Average Shares	Basic Average Shares	Diluted EPS	Basic EPS	Diluted NI Availto Com Stockholders	Net Income Common Stockholders	Otherunder Preferred Stock Dividend	Preferred Stock Dividends	Net Income	Minority Interests	Net Income Including Noncontrolling Interests	Net Income Continuous Operations	Tax Provision	Pretax Income	Special Income Charges	Other Special Charges	Impairment Of Capital Assets	Net Non Operating Interest Income Expense	Total Other Finance Cost	Interest Expense Non Operating	Interest Income Non Operating	Operating Income	Operating Expense	Other Operating Expenses	Selling General And Administration	General And Administrative Expense	Gross Profit	Cost Of Revenue	Total Revenue	Operating Revenue	Treasury Shares Number	Preferred Shares Number	Ordinary Shares Number	Share Issued	Net Debt	Total Debt	Tangible Book Value	Invested Capital	Working Capital	Net Tangible Assets	Capital Lease Obligations	Common Stock Equity	Preferred Stock Equity	Total Capitalization	Total Equity Gross Minority Interest	Minority Interest	Stockholders Equity	Treasury Stock	Retained Earnings	Additional Paid In Capital	Capital Stock	Common Stock	Preferred Stock	Total Liabilities Net Minority Interest	Total Non Current Liabilities Net Minority Interest	Derivative Product Liabilities	Non Current Pension And Other Postretirement Benefit Plans	Non Current Accrued Expenses	Tradeand Other Payables Non Current	Non Current Deferred Taxes Liabilities	Long Term Debt And Capital Lease Obligation	Long Term Capital Lease Obligation	Long Term Debt	Long Term Provisions	Current Liabilities	Current Debt And Capital Lease Obligation	Current Capital Lease Obligation	Current Debt	Current Provisions	Payables	Other Payable	Total Tax Payable	Accounts Payable	Total Assets	Total Non Current Assets	Defined Pension Benefit	Non Current Prepaid Assets	Non Current Deferred Taxes Assets	Financial Assets	Other Investments	Investmentin Financial Assets	Available For Sale Securities	Financial Assets Designatedas Fair Value Through Profitor Loss Total	Long Term Equity Investment	Investmentsin Joint Venturesat Cost	Investmentsin Associatesat Cost	Goodwill And Other Intangible Assets	Other Intangible Assets	Goodwill	Net PPE	Accumulated Depreciation	Gross PPE	Other Properties	Machinery Furniture Equipment	Buildings And Improvements	Land And Improvements	Properties	Current Assets	Hedging Assets Current	Assets Held For Sale Current	Restricted Cash	Prepaid Assets	Inventory	Other Inventories	Finished Goods	Raw Materials	Other Receivables	Taxes Receivable	Accounts Receivable	Cash Cash Equivalents And Short Term Investments	Other Short Term Investments	Cash And Cash Equivalents	Free Cash Flow	Repurchase Of Capital Stock	Repayment Of Debt	Issuance Of Debt	Capital Expenditure	End Cash Position	Beginning Cash Position	Effect Of Exchange Rate Changes	Changes In Cash	Financing Cash Flow	Net Other Financing Charges	Cash Dividends Paid	Common Stock Dividend Paid	Net Common Stock Issuance	Common Stock Payments	Net Issuance Payments Of Debt	Net Short Term Debt Issuance	Net Long Term Debt Issuance	Long Term Debt Payments	Long Term Debt Issuance	Investing Cash Flow	Net Business Purchase And Sale	Sale Of Business	Purchase Of Business	Net PPE Purchase And Sale	Sale Of PPE	Capital Expenditure Reported	Operating Cash Flow	Taxes Refund Paid	Change In Working Capital	Change In Inventory	Other Non Cash Items	Stock Based Compensation	Provisionand Write Offof Assets	Depreciation And Amortization	Depreciation	Pension And Employee Benefit Expense	Net Income From Continuing Operations	reportedCurrency	totalAssets	totalCurrentAssets	cashAndCashEquivalentsAtCarryingValue	cashAndShortTermInvestments	inventory	currentNetReceivables	totalNonCurrentAssets	propertyPlantEquipment	accumulatedDepreciationAmortizationPPE	intangibleAssets	intangibleAssetsExcludingGoodwill	goodwill	investments	longTermInvestments	shortTermInvestments	otherCurrentAssets	otherNonCurrentAssets	totalLiabilities	totalCurrentLiabilities	currentAccountsPayable	deferredRevenue	currentDebt	shortTermDebt	totalNonCurrentLiabilities	capitalLeaseObligations	longTermDebt	currentLongTermDebt	longTermDebtNoncurrent	shortLongTermDebtTotal	otherCurrentLiabilities	otherNonCurrentLiabilities	totalShareholderEquity	treasuryStock	retainedEarnings	commonStock	commonStockSharesOutstanding	reportedDate	reportedEPS	estimatedEPS	surprise	surprisePercentage	reportTime
2025-12-31	-728000000.0	0.25	7249000000.0	-2912000000.0	-2912000000.0	-3422000000.0	4551000000.0	39705000000.0	4337000000.0	-214000000.0	-790000000.0	1289000000.0	452000000.0	-1238000000.0	-3422000000.0	44379000000.0	2568292500.0	2568292500.0	-1.3326	-1.3326	-3422000000.0	-3422000000.0	0.0	0.0	-3422000000.0	-297000000.0	-3125000000.0	-3125000000.0	1622000000.0	-1503000000.0	-2912000000.0	-712000000.0	3624000000.0	-790000000.0	-47000000.0	1289000000.0	452000000.0	3004000000.0	4674000000.0	104000000.0	4570000000.0	4570000000.0	7678000000.0	39705000000.0	47383000000.0	47383000000.0	1187942709.0		15298370285.0	16486312994.0	21402000000.0	72529000000.0	34555000000.0	111010000000.0	21205000000.0	34555000000.0	14571000000.0	53052000000.0		107654000000.0	74000000000.0	20948000000.0	53052000000.0							204526000000.0	123945000000.0	19667000000.0	4816000000.0	1834000000.0	7975000000.0	7642000000.0	66341000000.0	11739000000.0	54602000000.0	15670000000.0	80581000000.0	6188000000.0	2832000000.0	3356000000.0	4709000000.0	58105000000.0		1262000000.0	56843000000.0	278526000000.0	176740000000.0	7771000000.0	608000000.0	4325000000.0	20957000000.0	857000000.0				20725000000.0	13400000000.0	7325000000.0	18497000000.0	8197000000.0	10300000000.0	98633000000.0								101786000000.0	5180000000.0	6347000000.0		3422000000.0	22499000000.0				457000000.0	1153000000.0	26014000000.0	36714000000.0	158000000.0	36556000000.0	4139000000.0	-826000000.0	-2231000000.0	487000000.0	-3463000000.0	36624000000.0	34955000000.0	-2000000.0	1671000000.0	-3928000000.0	1193000000.0	-1276000000.0		-826000000.0	-826000000.0	-2105000000.0	-361000000.0	-1744000000.0	-2231000000.0	487000000.0	-2003000000.0	899000000.0	1604000000.0	-705000000.0	498000000.0	498000000.0	-3463000000.0	7602000000.0	-1862000000.0	1785000000.0		486000000.0	197000000.0	-416000000.0	4551000000.0	4551000000.0	-9000000.0	-1503000000.0		278526000000.0	101786000000.0	36556000000.0	36556000000.0	22499000000.0	27624000000.0	176740000000.0	98633000000.0		8197000000.0	8197000000.0	10300000000.0			158000000.0	14949000000.0		204526000000.0	80581000000.0	56843000000.0			6188000000.0	123945000000.0	14571000000.0	54602000000.0	3356000000.0		84268000000.0	17550000000.0		53052000000.0				2568292499.0		0.6	0.5262	0.0738	14.0251	
2025-09-30	-192750000.0	0.25	9746000000.0	-771000000.0	-771000000.0	1161000000.0	4472000000.0	39554000000.0	8975000000.0	4503000000.0	-815000000.0	1267000000.0	397000000.0	1739250000.0	1161000000.0	44049000000.0	2622504833.0	2586490000.0	0.4428	0.4488	1161000000.0	1161000000.0	0.0	0.0	1161000000.0	-348000000.0	1509000000.0	1509000000.0	1727000000.0	3236000000.0	-771000000.0	18000000.0	753000000.0	-815000000.0	-55000000.0	1267000000.0	397000000.0	4371000000.0	4495000000.0	224000000.0	4271000000.0	4271000000.0	8866000000.0	39554000000.0	48420000000.0	48420000000.0	1049328612.0		15436984382.0	16486312994.0	25279000000.0	74817000000.0	34123000000.0	118432000000.0	15498000000.0	34123000000.0	14629000000.0	58244000000.0		112341000000.0	77645000000.0	19401000000.0	58244000000.0							202814000000.0	122454000000.0	17415000000.0	5053000000.0	1693000000.0	8086000000.0	8432000000.0	65965000000.0	11868000000.0	54097000000.0	15810000000.0	80360000000.0	8852000000.0	2761000000.0	6091000000.0	5003000000.0	56187000000.0		1562000000.0	54625000000.0	280459000000.0	184601000000.0	7651000000.0	545000000.0	5702000000.0	18207000000.0	1166000000.0				22302000000.0	12392000000.0	9910000000.0	24121000000.0	9007000000.0	15114000000.0	100363000000.0								95858000000.0	4525000000.0	2831000000.0		1714000000.0	24154000000.0				444000000.0	973000000.0	26169000000.0	35048000000.0	139000000.0	34909000000.0	4615000000.0		-1250000000.0	1028000000.0	-3171000000.0	34955000000.0	35130000000.0	-51000000.0	-124000000.0	-4605000000.0	-1478000000.0	-1288000000.0	-1288000000.0	-750000000.0		-118000000.0	104000000.0	-222000000.0	-1250000000.0	1028000000.0	-3305000000.0	-212000000.0		-212000000.0	30000000.0	30000000.0	-3171000000.0	7786000000.0	-2140000000.0	494000000.0		470000000.0	264000000.0	-60000000.0	4472000000.0	4472000000.0	-96000000.0	3236000000.0		280459000000.0	95858000000.0	34909000000.0	34909000000.0	24154000000.0	27586000000.0	184601000000.0	100363000000.0		9007000000.0	9007000000.0	15114000000.0			139000000.0	9070000000.0		202814000000.0	80360000000.0	54625000000.0			8852000000.0	122454000000.0	14629000000.0	54097000000.0	6091000000.0		74817000000.0	16883000000.0		58244000000.0				2622504999.0		0.85	0.76	0.09	11.8421	
2025-06-30	-280960000.0	0.32	9631000000.0	-878000000.0	-878000000.0	1629000000.0	4641000000.0	38083000000.0	8753000000.0	4112000000.0	-798000000.0	1229000000.0	375000000.0	2226040000.0	1629000000.0	42464000000.0	2642431333.0	2607593500.0	0.6162	0.6246	1628000000.0	1628000000.0	0.0	1000000.0	1629000000.0	-300000000.0	1929000000.0	1929000000.0	954000000.0	2883000000.0	-878000000.0	-279000000.0	1157000000.0	-798000000.0	-56000000.0	1229000000.0	375000000.0	4163000000.0	4381000000.0	139000000.0	4242000000.0	4242000000.0	8544000000.0	38083000000.0	46627000000.0	46627000000.0	916089485.0		15570223509.0	16486312994.0	25279000000.0	74982000000.0	34789000000.0	119586000000.0	17982000000.0	34789000000.0	14636000000.0	59240000000.0		113743000000.0	79780000000.0	20540000000.0	59240000000.0							204957000000.0	120866000000.0	15670000000.0	5074000000.0	1565000000.0	8016000000.0	8654000000.0	66274000000.0	11771000000.0	54503000000.0	15613000000.0	84091000000.0	8708000000.0	2865000000.0	5843000000.0	5101000000.0	59567000000.0		2243000000.0	57324000000.0	284737000000.0	182664000000.0	8132000000.0	555000000.0	5936000000.0	16540000000.0	1227000000.0				19878000000.0	12299000000.0	7579000000.0	24451000000.0	9271000000.0	15180000000.0	100862000000.0								102073000000.0	4959000000.0	5402000000.0		2875000000.0	24752000000.0				224000000.0	966000000.0	27583000000.0	35312000000.0	245000000.0	35067000000.0	3035000000.0		-848000000.0	1155000000.0	-3236000000.0	35130000000.0	33831000000.0	193000000.0	1106000000.0	-2233000000.0	633000000.0	-1238000000.0	-1238000000.0	-1063000000.0		346000000.0	39000000.0	307000000.0	-848000000.0	1155000000.0	-2932000000.0	-49000000.0	76000000.0	-125000000.0	322000000.0	322000000.0	-3236000000.0	6271000000.0	-1194000000.0	-2030000000.0		126000000.0	215000000.0	666000000.0	4641000000.0	4641000000.0	-36000000.0	2883000000.0		284737000000.0	102073000000.0	35067000000.0	35067000000.0	24752000000.0	27807000000.0	182664000000.0	100862000000.0		9271000000.0	9271000000.0	15180000000.0			245000000.0	14202000000.0		204957000000.0	84091000000.0	57324000000.0			8708000000.0	120866000000.0	14636000000.0	54503000000.0	5843000000.0		74982000000.0	15816000000.0		59240000000.0				2642430999.0		0.9	0.66	0.24	36.3636	
2025-03-31	-122250000.0	0.25	9123000000.0	-489000000.0	-489000000.0	687000000.0	4183000000.0	38464000000.0	8634000000.0	4451000000.0	-884000000.0	1321000000.0	385000000.0	1053750000.0	687000000.0	42978000000.0	2682935000.0	2629716000.0	0.2562	0.261	687000000.0	687000000.0	0.0	0.0	687000000.0	-295000000.0	982000000.0	982000000.0	2148000000.0	3130000000.0	-489000000.0	-14000000.0	503000000.0	-884000000.0	-52000000.0	1321000000.0	385000000.0	3927000000.0	4514000000.0	103000000.0	4411000000.0	4411000000.0	8441000000.0	38464000000.0	46905000000.0	46905000000.0	705055556.0		15781257438.0	16486312994.0	24872000000.0	71130000000.0	34182000000.0	116861000000.0	18265000000.0	34182000000.0	12484000000.0	58215000000.0		112005000000.0	77952000000.0	19737000000.0	58215000000.0							203444000000.0	120632000000.0	17670000000.0	4825000000.0	1345000000.0	9106000000.0	8975000000.0	63560000000.0	9770000000.0	53790000000.0	15151000000.0	82812000000.0	7570000000.0	2714000000.0	4856000000.0	4436000000.0	60744000000.0		1923000000.0	58821000000.0	281396000000.0	180319000000.0	7890000000.0	572000000.0	5568000000.0	16437000000.0	1222000000.0				20056000000.0	12350000000.0	7706000000.0	24033000000.0	9124000000.0	14909000000.0	100469000000.0								101077000000.0	4597000000.0	5004000000.0		2853000000.0	24708000000.0				222000000.0	1104000000.0	28540000000.0	34049000000.0	275000000.0	33774000000.0	-517000000.0		-1366000000.0	54000000.0	-3351000000.0	33831000000.0	39269000000.0	106000000.0	-5544000000.0	-5114000000.0	228000000.0	-1257000000.0	-1257000000.0	-1847000000.0		-1437000000.0	-125000000.0	-1312000000.0	-1366000000.0	54000000.0	-3264000000.0	-236000000.0	36000000.0	-272000000.0	292000000.0	292000000.0	-3351000000.0	2834000000.0	-1393000000.0	-5069000000.0		147000000.0	401000000.0	1104000000.0	4183000000.0	4183000000.0	-11000000.0	3130000000.0		281396000000.0	101077000000.0	33774000000.0	33774000000.0	24708000000.0	28762000000.0	180319000000.0	100469000000.0		9124000000.0	9124000000.0	14909000000.0			275000000.0	13558000000.0		203444000000.0	82812000000.0	58821000000.0			7570000000.0	120632000000.0	12484000000.0	53790000000.0	4856000000.0		71130000000.0	14498000000.0		58215000000.0				2682934999.0		0.53	0.56	-0.03	-5.3571	
2024-12-31	-656500000.0	0.25	7795000000.0	-2626000000.0	-2626000000.0	-1959000000.0	4381000000.0	39964000000.0	5169000000.0	788000000.0	294000000.0	1291000000.0	1540000000.0	10500000.0	-1959000000.0	44238000000.0	2647530667.0	2647530667.0	-0.7398	-0.7398	-1959000000.0	-1959000000.0	0.0	0.0	-1959000000.0	-339000000.0	-1620000000.0	-1620000000.0	1117000000.0	-503000000.0	-2626000000.0	-481000000.0	3107000000.0	294000000.0	-45000000.0	1291000000.0	1540000000.0	1514000000.0	4274000000.0	176000000.0	4098000000.0	4098000000.0	5788000000.0	39964000000.0	45752000000.0	45752000000.0	811983840.0	12706000.0	15850481411.0	16662465251.0	25187000000.0	71547000000.0	39129000000.0	118772000000.0	20593000000.0	39150000000.0	12000000000.0	59225000000.0	21000000.0	114319000000.0	78318000000.0	19072000000.0	59246000000.0	9030000000.0	22531000000.0	16837000000.0	4186000000.0	4165000000.0	21000000.0	203910000000.0	121669000000.0	18532000000.0	4873000000.0	1326000000.0	9409000000.0	8428000000.0	64413000000.0	9340000000.0	55073000000.0	14688000000.0	82241000000.0	7134000000.0	2660000000.0	4474000000.0	3600000000.0	59984000000.0	17654000000.0	3694000000.0	38636000000.0	282228000000.0	179394000000.0	7457000000.0	548000000.0	5403000000.0	16114000000.0	61000000.0	1231000000.0	1095000000.0	136000000.0	20032000000.0	12291000000.0	7741000000.0	20096000000.0	5208000000.0	14888000000.0	104676000000.0	-175241000000.0	279917000000.0	1431000000.0	56332000000.0	2780000000.0	4060000000.0	215314000000.0	102834000000.0	5112000000.0	4081000000.0	4844000000.0	2594000000.0	23232000000.0	2127000000.0	19159000000.0	1946000000.0	4526000000.0	2261000000.0	21659000000.0	34525000000.0	165000000.0	34360000000.0	3534000000.0	-1625000000.0	-717000000.0	3260000000.0	-3893000000.0	39269000000.0	34595000000.0	-419000000.0	5093000000.0	-579000000.0	3594000000.0	-1283000000.0		-1625000000.0	-1625000000.0	-415000000.0	-2958000000.0	2543000000.0	-717000000.0	3260000000.0	-1755000000.0	1905000000.0	2231000000.0	-326000000.0	211000000.0	211000000.0	-3893000000.0	7427000000.0	-1796000000.0	2752000000.0	2752000000.0	602000000.0	228000000.0	-185000000.0	4381000000.0	4381000000.0	-64000000.0	-503000000.0		282228000000.0	102834000000.0	34360000000.0	34360000000.0	23232000000.0	26185000000.0	179394000000.0	100238000000.0		5208000000.0	5208000000.0	14888000000.0			165000000.0	18892000000.0		203910000000.0	82241000000.0	38636000000.0			7134000000.0	121669000000.0	12000000000.0	55073000000.0	4474000000.0		71547000000.0	32777000000.0		59246000000.0		22531000000.0	4165000000.0	2647530999.0		0.44	0.45	-0.01	-2.2222	
2024-09-30																																																																																																																																													-1297000000.0										274000000.0								1798000000.0									269708000000.0	93682000000.0	34595000000.0	34595000000.0	21493000000.0	26353000000.0	176026000000.0	99555000000.0		10626000000.0	10626000000.0	12873000000.0			167000000.0	11074000000.0		189762000000.0	77019000000.0	54385000000.0			7210000000.0	112743000000.0	11018000000.0	52986000000.0	4484000000.0		68488000000.0	13718000000.0		64826000000.0				2784851332.0		0.83	0.79	0.04	5.0633	
2024-06-30																																																																																																																																													-1204000000.0																		1556000000.0									273384000000.0	100623000000.0	34891000000.0	34891000000.0	23345000000.0	30080000000.0	172761000000.0			10301000000.0	10301000000.0	12390000000.0			708000000.0	11599000000.0		191185000000.0	81378000000.0	57660000000.0			6735000000.0	109807000000.0	10697000000.0	50844000000.0	4142000000.0		65683000000.0	14089000000.0		67024000000.0			67024000000.0	2776037733.0		1.02	0.92	0.1	10.8696	
2024-03-31																																																																																																																																																																								275435000000.0	101409000000.0	31510000000.0	31510000000.0	24310000000.0	30127000000.0	174026000000.0			10008000000.0	10008000000.0	12378000000.0			615000000.0	14847000000.0		190495000000.0	82288000000.0	58621000000.0			7293000000.0	108207000000.0	11057000000.0	48348000000.0	4665000000.0		64070000000.0	13570000000.0		69770000000.0			69770000000.0	2858917999.0		0.95	0.98	-0.03	-3.0612	
2023-12-31																																																																																																																																																																								280294000000.0	104146000000.0	27748000000.0	27748000000.0	22819000000.0	30335000000.0	176148000000.0			5663000000.0	5663000000.0	12472000000.0			843000000.0	22401000000.0		194801000000.0	86078000000.0	42406000000.0			5934000000.0	108723000000.0	11121000000.0	48670000000.0	3284000000.0		63075000000.0	32742000000.0		70283000000.0		35339000000.0	4475000000.0	2878262332.0		1.07	1.05	0.02	1.9048	
2023-09-30																																																																																																																																																																								280236000000.0	103407000000.0	29926000000.0	29926000000.0	25671000000.0	31921000000.0	176829000000.0	107163000000.0		9997000000.0	9997000000.0	12283000000.0			932000000.0	14957000000.0		192560000000.0	85595000000.0	60440000000.0			5408000000.0	106965000000.0	10879000000.0	45938000000.0	2872000000.0		59689000000.0	16693000000.0		72418000000.0		62545000000.0	72418000000.0	2934933999.0		1.14	1.38	-0.24	-17.3913	
2023-06-30																																																																																																																																																																								276067000000.0	95314000000.0	28914000000.0	28914000000.0	23349000000.0	28005000000.0	180753000000.0	108126000000.0		10447000000.0	10447000000.0	12206000000.0			671000000.0	14375000000.0		190464000000.0	81465000000.0	56183000000.0			4803000000.0	108999000000.0	10961000000.0	47400000000.0	2338000000.0		60699000000.0	16929000000.0		70339000000.0			70339000000.0	2983496999.0		0.9	1.2	-0.3	-25.0	
2023-03-31																																																																																																																																																																								278661000000.0	99258000000.0	30433000000.0	30433000000.0	23905000000.0	29795000000.0	179403000000.0	105744000000.0		10295000000.0	10295000000.0	12003000000.0			450000000.0	14675000000.0		191480000000.0	84587000000.0	57854000000.0			4659000000.0	106893000000.0	8605000000.0	46096000000.0	2499000000.0		57200000000.0	18491000000.0		71775000000.0			71775000000.0	3039753999.0		1.62	1.43	0.19	13.2867	
2022-12-31																																																																																																																																																																								288120000000.0	107688000000.0	23329000000.0	23329000000.0	28081000000.0	33288000000.0	180432000000.0	106044000000.0		5987000000.0	5987000000.0	11960000000.0			578000000.0	22412000000.0		205130000000.0	99018000000.0	47210000000.0			5300000000.0	106112000000.0	8549000000.0	43746000000.0	3198000000.0		55493000000.0	40082000000.0		67553000000.0		34732000000.0	4774000000.0	3084903999.0		1.56	1.67	-0.11	-6.5868	
2022-09-30																																																																																																																																																																								283482000000.0	108440000000.0	29304000000.0	29304000000.0	29492000000.0	35102000000.0	175042000000.0	105045000000.0		6311000000.0	6311000000.0	11145000000.0			300000000.0	14242000000.0		210149000000.0	104142000000.0	56270000000.0			5719000000.0	106007000000.0	7895000000.0	42683000000.0	3877000000.0		54455000000.0	38033000000.0		58181000000.0			58181000000.0	3147620999.0		2.58	1.94	0.64	32.9897	
2022-06-30																																																																																																																																																																								299133000000.0	126800000000.0	33108000000.0	33108000000.0	34257000000.0	39396000000.0	172333000000.0	107151000000.0		6433000000.0	6433000000.0	11462000000.0			130000000.0	19909000000.0		217570000000.0	109507000000.0	64015000000.0			8214000000.0	108063000000.0	8056000000.0	46387000000.0	6479000000.0		60922000000.0	33461000000.0		66609000000.0			66609000000.0	3269937999.0		2.61	2.13	0.48	22.5352	
2022-03-31																																																																																																																																																																								295512000000.0	120131000000.0	34414000000.0	34414000000.0	30109000000.0	35963000000.0	175381000000.0	109884000000.0		6352000000.0	6352000000.0	11883000000.0			103000000.0	19542000000.0		216993000000.0	101185000000.0	61195000000.0			6949000000.0	115808000000.0	8466000000.0	55394000000.0	5212000000.0		69072000000.0	30124000000.0		63299000000.0			63299000000.0	3252412999.0		1.92	1.35	0.57	42.2222	
2021-12-31																																																																																																																																																																								287272000000.0	92590000000.0	25941000000.0	25941000000.0	23711000000.0	26363000000.0	194682000000.0	112902000000.0		2162000000.0	2162000000.0	12373000000.0			280000000.0	16295000000.0		196833000000.0	80287000000.0	37327000000.0			7304000000.0	116546000000.0	8611000000.0	55619000000.0	5557000000.0		69787000000.0	31394000000.0		75463000000.0		51815000000.0	5194000000.0	3324503999.0		1.26	1.17	0.09	7.6923	
2021-09-30																																																																																																																																																																								286536000000.0	90476000000.0	30694000000.0	30694000000.0	25232000000.0	25805000000.0	196060000000.0	114458000000.0		6261000000.0	6261000000.0	12428000000.0			191000000.0	8554000000.0		197270000000.0	78112000000.0	49406000000.0			5455000000.0	119158000000.0	8628000000.0	59521000000.0	3693000000.0		71842000000.0	21905000000.0		74475000000.0			74475000000.0	3358364332.0		0.99	0.92	0.07	7.6087	
2021-06-30																																																																																																																																																																								284086000000.0	86753000000.0	34256000000.0	34256000000.0	22608000000.0	23906000000.0	197333000000.0	116177000000.0		6237000000.0	6237000000.0	12497000000.0			164000000.0	5819000000.0		190854000000.0	70570000000.0	45198000000.0			9447000000.0	120284000000.0	8863000000.0	60625000000.0	7622000000.0		77110000000.0	14496000000.0		78797000000.0			78797000000.0	3394454999.0		0.83	0.6	0.23	38.3333	
2021-03-31																																																																																																																																																																								269925000000.0	78117000000.0	31676000000.0	31676000000.0	20873000000.0	20456000000.0	191808000000.0	112927000000.0		6145000000.0	6145000000.0	12460000000.0			216000000.0	4896000000.0		179339000000.0	60715000000.0	40709000000.0			7055000000.0	118624000000.0	9030000000.0	60942000000.0	5181000000.0		75153000000.0	11706000000.0		75959000000.0			75959000000.0	3382930999.0		0.78	0.38	0.4	105.2632	
2020-12-31																																																																																																																																																																								267654000000.0	72982000000.0	29194000000.0	29194000000.0	16873000000.0	17849000000.0	194672000000.0	114836000000.0		1980000000.0	1980000000.0	12480000000.0			333000000.0	8733000000.0		182086000000.0	59799000000.0	23157000000.0			11292000000.0	122287000000.0	9262000000.0	63305000000.0	9359000000.0		81926000000.0	22209000000.0		71250000000.0	-13224000000.0	47300000000.0	5362000000.0	3388220999.0		0.04	0.09	-0.05	-55.5556	
2020-09-30																																																																																																																																																																								260250000000.0	70825000000.0	30749000000.0	30749000000.0	13840000000.0	16509000000.0	189425000000.0	116580000000.0		6293000000.0	6293000000.0	12457000000.0			298000000.0	9429000000.0		178095000000.0	58077000000.0	33823000000.0			12920000000.0	120018000000.0	9282000000.0	61796000000.0	11013000000.0		82091000000.0	10530000000.0		67955000000.0			67955000000.0	3375199832.0		0.03	-0.04	0.07	175.0	
2020-06-30																																																																																																																																																																								263181000000.0	73971000000.0	34217000000.0	34217000000.0	12504000000.0	16892000000.0	189210000000.0	117208000000.0		5987000000.0	5987000000.0	12352000000.0			122000000.0	10236000000.0		180370000000.0	57073000000.0	32134000000.0			13410000000.0	123297000000.0	9331000000.0	64527000000.0	11452000000.0		85310000000.0	10370000000.0		68864000000.0			68864000000.0	3370428999.0		-1.98	-1.84	-0.14	-7.6087	
2020-03-31																																																																																																																																																																								273864000000.0	64304000000.0	18139000000.0	18139000000.0	11641000000.0	17566000000.0	209560000000.0	130226000000.0		15555000000.0	15555000000.0	11692000000.0			88000000.0	16870000000.0		183384000000.0	63698000000.0	34420000000.0			14473000000.0	119686000000.0	9373000000.0	56741000000.0	12376000000.0		78490000000.0	13132000000.0		88286000000.0			88286000000.0	3363133832.0		0.24	0.28	-0.04	-14.2857	
2019-12-31																																																																																																																																																																								295194000000.0	82059000000.0	22472000000.0	22472000000.0	20880000000.0	24141000000.0	213135000000.0	132642000000.0		1448000000.0	1448000000.0	11868000000.0		31601000000.0	169000000.0	14397000000.0		194486000000.0	73595000000.0	30538000000.0			12554000000.0	120891000000.0	9722000000.0	57237000000.0	10487000000.0		77446000000.0	26083000000.0		98412000000.0	-14412000000.0	73706000000.0	5404000000.0	3391967999.0		0.76	0.65	0.11	16.9231	
2019-09-30																																																																																																																																																																								286263000000.0	75907000000.0	19692000000.0	19692000000.0	19240000000.0	22788000000.0	210356000000.0	134661000000.0		15084000000.0	15084000000.0	11712000000.0		29418000000.0	114000000.0	14073000000.0		186248000000.0	64968000000.0	43203000000.0			9568000000.0	121280000000.0	9639000000.0	58311000000.0	7556000000.0		75506000000.0	8587000000.0		97922000000.0	-14484000000.0	102690000000.0	97922000000.0	3395287999.0		0.66	0.59	0.07	11.8644	
2019-06-30																																																																																																																																																																								293162000000.0	71543000000.0	20674000000.0	20674000000.0	20042000000.0	24343000000.0	221619000000.0	145291000000.0		15631000000.0	15631000000.0	12158000000.0		29474000000.0	135000000.0	6349000000.0		189539000000.0	66855000000.0	44774000000.0			10771000000.0	122684000000.0	10379000000.0	58876000000.0	8677000000.0		77932000000.0	6542000000.0		101485000000.0	-14584000000.0	105374000000.0	101485000000.0	3403530999.0		0.84	0.79	0.05	6.3291	
2019-03-31																																																																																																																																																																								293281000000.0	72697000000.0	21256000000.0	21256000000.0	21426000000.0	24490000000.0	220584000000.0	144625000000.0		16505000000.0	16505000000.0	12277000000.0		29043000000.0	134000000.0	5391000000.0		189945000000.0	71272000000.0	46749000000.0			13579000000.0	118673000000.0	10294000000.0	54510000000.0	11480000000.0		76284000000.0	6248000000.0		101199000000.0	-14635000000.0	105408000000.0	101199000000.0	3380295999.0		0.7	0.67	0.03	4.4776	
2018-12-31																																																																																																																																																																								282176000000.0	71310000000.0	22468000000.0	22468000000.0	17988000000.0	20056000000.0	210866000000.0	135261000000.0		17284000000.0	17284000000.0	12204000000.0		27661000000.0	222000000.0	10576000000.0		180628000000.0	68237000000.0	26252000000.0			9373000000.0	112391000000.0		56248000000.0	7176000000.0		65799000000.0	26138000000.0		99444000000.0	-15767000000.0	78748000000.0	5381000000.0	3355514499.0		1.02	0.84	0.18	21.4286	
2018-09-30																																																																																																																																																																								282942000000.0	85652000000.0	26192000000.0	26192000000.0	21894000000.0	27401000000.0	197290000000.0	122661000000.0		17703000000.0	17703000000.0	11423000000.0		27554000000.0	100000000.0	10065000000.0		179522000000.0	69590000000.0	47125000000.0			9175000000.0	109932000000.0		54960000000.0	9175000000.0		64135000000.0	4225000000.0		101488000000.0			101488000000.0	3353075999.0		1.14	0.85	0.29	34.1176	
2018-06-30																																																																																																																																																																								275626000000.0	76691000000.0	22185000000.0	22185000000.0	21004000000.0	24923000000.0	198935000000.0	124390000000.0		17808000000.0	17808000000.0	11319000000.0		27412000000.0	106000000.0	8473000000.0		173856000000.0	69531000000.0	46635000000.0			10625000000.0	104325000000.0		49733000000.0	10625000000.0		60358000000.0	7705000000.0		99821000000.0		77618000000.0	5361000000.0	3340712999.0		0.85	0.83	0.02	2.4096	
2018-03-31																																																																																																																																																																								275287000000.0	72196000000.0	22242000000.0	22242000000.0	20802000000.0	23206000000.0	203091000000.0	129002000000.0		18003000000.0	18003000000.0	11710000000.0		27228000000.0	114000000.0	5832000000.0		173122000000.0	63807000000.0	42995000000.0			9028000000.0	109315000000.0		53161000000.0	9028000000.0		62189000000.0	7578000000.0		100187000000.0		75394000000.0	5355000000.0	3338442999.0		0.78	0.68	0.1	14.7059	
2017-12-31																																																																																																																																																																								276515000000.0	74968000000.0	25586000000.0	25586000000.0	19011000000.0	19478000000.0	201547000000.0	129471000000.0		18355000000.0	18355000000.0	11551000000.0		26230000000.0	125000000.0	10768000000.0		176111000000.0	64726000000.0	28840000000.0			7739000000.0	111385000000.0		55491000000.0	6849000000.0		63230000000.0	24775000000.0		98491000000.0	-16958000000.0	75226000000.0	5322000000.0	3321609166.0		0.66	0.57	0.09	15.7895	
2017-09-30																																																																																																																																																																								271489000000.0	72369000000.0	25780000000.0	25780000000.0	18078000000.0	21619000000.0	199120000000.0	130651000000.0		18586000000.0	18586000000.0	11514000000.0		23675000000.0	84000000.0	6808000000.0		171351000000.0	59566000000.0	39965000000.0			8891000000.0	111785000000.0		56893000000.0	8891000000.0		65784000000.0	7800000000.0		98521000000.0			98521000000.0	3311123999.0		0.57	0.5	0.07	14.0	
2017-06-30																																																																																																																																																																								263115000000.0	64718000000.0	23270000000.0	23270000000.0	16449000000.0	20178000000.0	198397000000.0	130715000000.0		17399000000.0	17399000000.0	11395000000.0		25006000000.0	77000000.0	4744000000.0		164654000000.0	54842000000.0	36642000000.0			7385000000.0	109812000000.0		55619000000.0	63004000000.0		63004000000.0	7383000000.0		96803000000.0			96803000000.0	3297257999.0		0.21	0.18	0.03	16.6667	
2017-03-31																																																																																																																																																																								264959000000.0	67006000000.0	23794000000.0	23794000000.0	17236000000.0	20740000000.0	197953000000.0	129817000000.0		18366000000.0	18366000000.0	11256000000.0		25260000000.0	39000000.0	5197000000.0		165677000000.0	56126000000.0	37548000000.0			7360000000.0	109551000000.0		54472000000.0	61832000000.0		61832000000.0	7576000000.0		97640000000.0			97640000000.0	3270260999.0		0.46	0.4	0.06	15.0	
2016-12-31																																																																																																																																																																								263316000000.0	67813000000.0	23484000000.0	23484000000.0	17655000000.0	14449000000.0	195503000000.0	129757000000.0		18183000000.0	18183000000.0	11194000000.0		23734000000.0	44000000.0	12181000000.0		166473000000.0	58354000000.0	23695000000.0			6634000000.0	108119000000.0		51666000000.0	5586000000.0		58300000000.0	24651000000.0		95286000000.0	-18443000000.0	75638000000.0	5263000000.0	3184599832.0		0.12	0.15	-0.03	-20.0	
2016-09-30																																																																																																																																																																								262216000000.0	69007000000.0	25520000000.0	25520000000.0	15897000000.0	21491000000.0	193209000000.0	128262000000.0		17163000000.0	17163000000.0	11204000000.0		22571000000.0	46000000.0	6644000000.0		169419000000.0	55041000000.0	34662000000.0			4130000000.0	114378000000.0		53308000000.0	58997000000.0		58997000000.0	11720000000.0		91376000000.0		75638000000.0	91376000000.0	3153486999.0		0.29	0.25	0.04	16.0	
2016-06-30																																																																																																																																																																								263136000000.0	72565000000.0	23517000000.0	23517000000.0	16398000000.0	22313000000.0	190571000000.0	125946000000.0		18444000000.0	18444000000.0	11288000000.0		20547000000.0	107000000.0	10230000000.0		169028000000.0	58210000000.0	36561000000.0			5120000000.0	110818000000.0		50607000000.0	55727000000.0		55727000000.0	13909000000.0		92726000000.0		75638000000.0	92726000000.0	3114199832.0		0.24	0.28	-0.04	-14.2857	
2016-03-31																																																																																																																																																																								258848000000.0	66771000000.0	23049000000.0	23049000000.0	14277000000.0	21743000000.0	192077000000.0	129253000000.0		18848000000.0	18848000000.0	11575000000.0		19753000000.0	148000000.0	7554000000.0		161559000000.0	51613000000.0	33530000000.0			4440000000.0	109946000000.0		49572000000.0	54012000000.0		54012000000.0	11243000000.0		96030000000.0		75638000000.0	96030000000.0	3078105332.0		0.17	-0.17	0.34	200.0	
2015-12-31																																																																																																																																																																								261832000000.0	70602000000.0	26389000000.0	26389000000.0	14142000000.0	13682000000.0	191230000000.0	129758000000.0		18660000000.0	18660000000.0	11627000000.0		18836000000.0	219000000.0	16170000000.0		163445000000.0	54724000000.0	18968000000.0			6944000000.0	108721000000.0		46224000000.0	5942000000.0		53168000000.0	26652000000.0		97216000000.0	-19964000000.0	81368000000.0	5028000000.0	3061510999.0		0.06	0.12	-0.06	-50.0	
2015-09-30																																																																																																																																																																								273299000000.0	81542000000.0	31702000000.0	31702000000.0	16933000000.0	24657000000.0	191757000000.0	130124000000.0		19232000000.0	19232000000.0	11692000000.0			244000000.0	8006000000.0		170700000000.0	58163000000.0	34700000000.0			8982000000.0	112537000000.0		48423000000.0			57405000000.0	11845000000.0		101383000000.0		84616000000.0	5036000000.0	3061942666.0		0.59	0.32	0.27	84.375	
2015-06-30																																																																																																																																																																								285431000000.0	90947000000.0	32589000000.0	32589000000.0	20034000000.0	28838000000.0	194484000000.0	130659000000.0		19411000000.0	19411000000.0	11837000000.0			294000000.0	9192000000.0		178080000000.0	65367000000.0	40077000000.0			9110000000.0	112713000000.0		47994000000.0			57104000000.0	12418000000.0		106119000000.0		87393000000.0	5032000000.0	3049979999.0		0.43	0.49	-0.06	-12.2449	
2015-03-31																																																																																																																																																																								282411000000.0	87430000000.0	32434000000.0	32434000000.0	18925000000.0	27677000000.0	194981000000.0	129113000000.0		20809000000.0	20809000000.0	11633000000.0			309000000.0	8085000000.0		170902000000.0	60771000000.0	37817000000.0			8538000000.0	110131000000.0		49193000000.0			57731000000.0	10462000000.0		110296000000.0			110296000000.0	3051621666.0		0.85	0.28	0.57	203.5714	
2014-12-31																																																																																																																																																																								284305000000.0	87262000000.0	29763000000.0	29763000000.0	18373000000.0	30217000000.0	197043000000.0	130692000000.0		20907000000.0	20907000000.0	11868000000.0		20384000000.0	329000000.0	19126000000.0		171663000000.0	63615000000.0	23074000000.0			6877000000.0	108048000000.0		45977000000.0	6344000000.0		52854000000.0	31653000000.0		111441000000.0	-20719000000.0	92564000000.0	5002000000.0	3055348999.0		0.74	0.51	0.23	45.098	
2014-09-30																																																																																																																																																																								309692000000.0	102517000000.0	30729000000.0	30729000000.0	26581000000.0	36445000000.0	207175000000.0	134726000000.0		21483000000.0	21483000000.0	11971000000.0			296000000.0	8466000000.0		182798000000.0	72176000000.0	49394000000.0			6453000000.0	110622000000.0		47157000000.0			53610000000.0	11503000000.0		125818000000.0			125818000000.0	3083250999.0		0.99	0.91	0.08	8.7912	
2014-06-30																																																																																																																																																																								315455000000.0	104319000000.0	27506000000.0	27506000000.0	29442000000.0	38112000000.0	211136000000.0	135854000000.0		21931000000.0	21931000000.0	12197000000.0			376000000.0	8883000000.0		182477000000.0	74431000000.0	50025000000.0			7570000000.0	108046000000.0		45336000000.0			52906000000.0	12064000000.0		131861000000.0		103931000000.0	5077000000.0	3049979999.0		1.18	1.12	0.06	5.3571	
2014-03-31																																																																																																																																																																								310274000000.0	103588000000.0	27358000000.0	27358000000.0	28843000000.0	38161000000.0	206686000000.0	133199000000.0		21696000000.0	21696000000.0	12168000000.0			428000000.0	8798000000.0		180074000000.0	74270000000.0	49637000000.0			8663000000.0	105804000000.0		44586000000.0			53249000000.0	11582000000.0		129080000000.0		102535000000.0	5084000000.0	3099085999.0		1.05	1.01	0.04	3.9604	
2013-12-31																																																																																																																																																																								305690000000.0	96840000000.0	22520000000.0	22520000000.0	29231000000.0	29993000000.0	208850000000.0	133690000000.0		22039000000.0	22039000000.0	12181000000.0		27400000000.0	467000000.0	14629000000.0		175283000000.0	72812000000.0	28926000000.0			7381000000.0	102471000000.0		40811000000.0	48396000000.0		48192000000.0	34560000000.0		129302000000.0	-20370000000.0	103787000000.0	5108000000.0	3133670999.0		0.9	0.89	0.01	1.1236	
2013-09-30																																																																																																																																																																								311389000000.0	105684000000.0	29499000000.0	29499000000.0	29389000000.0	37992000000.0	205705000000.0	130153000000.0		25822000000.0	25822000000.0	12075000000.0			536000000.0	8268000000.0		180138000000.0	74634000000.0	48309000000.0			8620000000.0	105504000000.0		41664000000.0			50284000000.0	12687000000.0		130074000000.0		102646000000.0	5181000000.0	3161197999.0		1.18	1.0	0.18	18.0	
2013-06-30																																																																																																																																																																								307252000000.0	104796000000.0	28313000000.0	28313000000.0	28314000000.0	37851000000.0	202456000000.0	128370000000.0		25360000000.0	25360000000.0	11936000000.0			712000000.0	47457000000.0		177119000000.0	75474000000.0	47831000000.0			8725000000.0	101645000000.0		38265000000.0			46990000000.0	13220000000.0		128991000000.0		102413000000.0	5209000000.0	3184777999.0		0.85	1.13	-0.28	-24.7788	
2013-03-31																																																																																																																																																																								310810000000.0	108503000000.0	27679000000.0	27679000000.0	28628000000.0	37567000000.0	202307000000.0	126848000000.0		24962000000.0	24962000000.0	11940000000.0			596000000.0	51600000000.0		179725000000.0	78592000000.0	49787000000.0			8901000000.0	101133000000.0		37524000000.0			46425000000.0	13738000000.0		129851000000.0		101994000000.0	5264000000.0	3207944999.0		1.31	1.01	0.3	29.703	
2012-12-31																																																																																																																																																																								300987000000.0	111257000000.0	19548000000.0	19548000000.0	27867000000.0	27265000000.0	189730000000.0	120448000000.0		24041000000.0	24041000000.0	11861000000.0			319000000.0	64771000000.0		181367000000.0	77862000000.0	29920000000.0			10033000000.0	103505000000.0		38767000000.0			48797000000.0	34721000000.0		118414000000.0	-20774000000.0	87576000000.0	5240000000.0	3196306999.0		1.25	1.11	0.14	12.6126	
2012-09-30																																																																																																																																																																								302258000000.0	99786000000.0	16041000000.0	16041000000.0	28300000000.0	41523000000.0	202472000000.0	119687000000.0		23184000000.0	23184000000.0	11984000000.0			318000000.0	13604000000.0		183485000000.0	79654000000.0	48829000000.0			7679000000.0	103831000000.0		41398000000.0			49077000000.0	392000000.0		117619000000.0		88344000000.0	5241000000.0	3189971999.0		1.63	1.29	0.34	26.3566	
2012-06-30																																																																																																																																																																								292558000000.0	94647000000.0	14881000000.0	14881000000.0	26434000000.0	38622000000.0	197911000000.0	117565000000.0		22345000000.0	22345000000.0	11831000000.0			304000000.0	14406000000.0		179235000000.0	76197000000.0	47149000000.0			7213000000.0	103038000000.0		40449000000.0			47662000000.0	644000000.0		112232000000.0				3214080999.0		1.16	1.38	-0.22	-15.942	
2012-03-31																																																																																																																																																																								303544000000.0	101934000000.0	14092000000.0	14092000000.0	30154000000.0	41647000000.0	201610000000.0	119991000000.0		22000000000.0	22000000000.0	12210000000.0			303000000.0	15738000000.0		184324000000.0	82854000000.0	53994000000.0			7897000000.0	101470000000.0		38573000000.0			46470000000.0	15315000000.0		118126000000.0				3206815999.0		1.52	1.64	-0.12	-7.3171	
2011-12-31																																																																																																																																																																								290927000000.0	95684000000.0	14067000000.0	14067000000.0	25661000000.0	-1900000000.0	195243000000.0	119214000000.0		21102000000.0	21102000000.0	12100000000.0			288000000.0	57568000000.0		178445000000.0	82418000000.0	29830000000.0			9044000000.0	96027000000.0		35169000000.0			44213000000.0	41562000000.0		111465000000.0	-20935000000.0	83063000000.0	43454000000.0	3202640999.0		2.41	1.59	0.82	51.5723	
2011-09-30																																																																																																																																																																								290731000000.0	100387000000.0	17997000000.0	17997000000.0	26601000000.0	41138000000.0	190344000000.0	114809000000.0		20426000000.0	20426000000.0	11139000000.0			287000000.0	14364000000.0		180436000000.0	87225000000.0	52736000000.0			11516000000.0	93211000000.0		33767000000.0			53894000000.0	-2442000000.0		109276000000.0				3197833999.0		1.63	1.66	-0.03	-1.8072	
2011-06-30																																																																																																																																																																								290995000000.0	109031000000.0	18749000000.0	18749000000.0	27477000000.0	43178000000.0	181964000000.0	112205000000.0		16768000000.0	16768000000.0	9470000000.0			1413000000.0	18214000000.0		182587000000.0	86924000000.0	51010000000.0			12445000000.0	95663000000.0		34445000000.0			46890000000.0	-2756000000.0		107494000000.0				3186474999.0		1.69	1.96	-0.27	-13.7755	
2011-03-31																																																																																																																																																																								286592000000.0	107334000000.0	18726000000.0	18726000000.0	28657000000.0	43005000000.0	179258000000.0	111476000000.0		14439000000.0	14439000000.0	8764000000.0			1439000000.0	15507000000.0		183409000000.0	88943000000.0	51345000000.0			14255000000.0	94466000000.0		32847000000.0			59774000000.0	16363000000.0		102208000000.0				3173064999.0		1.75	1.82	-0.07	-3.8462	
2010-12-31																																																																																																																																																																								272262000000.0	96853000000.0	18556000000.0	18556000000.0	26218000000.0	2641000000.0	175409000000.0	110163000000.0		14298000000.0	14298000000.0	8598000000.0			1532000000.0	47906000000.0		176371000000.0	82832000000.0	46329000000.0			14743000000.0	93539000000.0		30710000000.0			45336000000.0	1866000000.0		94987000000.0	-21085000000.0	65758000000.0	5183000000.0	3168169999.0		1.39	1.6	-0.21	-13.125	
2010-09-30																																																																																																																																																																								257113000000.0	84260000000.0	12803000000.0	12803000000.0	21957000000.0	36547000000.0	172853000000.0	107396000000.0		14822000000.0	14822000000.0	8806000000.0			6387000000.0	43113000000.0		166747000000.0	83624000000.0	43890000000.0			14022000000.0	83123000000.0		25957000000.0			39979000000.0	3725000000.0		89454000000.0				3170038999.0		1.77	1.51	0.26	17.2185	
2010-06-30																																																																																																																																																																								248615000000.0	77249000000.0	7310000000.0	7310000000.0	22106000000.0	38727000000.0	171366000000.0	106494000000.0		14198000000.0	14198000000.0	8250000000.0			6133000000.0	41700000000.0		162253000000.0	80306000000.0	45502000000.0			8321000000.0	81947000000.0		22259000000.0			30580000000.0	2332000000.0		85490000000.0				3171944999.0		1.66	1.44	0.22	15.2778	
2010-03-31																																																																																																																																																																								240637000000.0	69697000000.0	6841000000.0	6841000000.0	23221000000.0	31395000000.0	170940000000.0	108232000000.0		12675000000.0	12675000000.0	8409000000.0			5355000000.0	2885000000.0		135659000000.0	61784000000.0	38146000000.0			8356000000.0	73875000000.0		23797000000.0			32153000000.0	2906000000.0		104079000000.0				3167456999.0		1.79	1.6	0.19	11.875	
2009-12-31																																																																																																																																																																								235968000000.0	67653000000.0	8339000000.0	8339000000.0	22605000000.0	29780000000.0	168315000000.0	108275000000.0		11548000000.0	11548000000.0	8620000000.0			4967000000.0	6929000000.0		133855000000.0	59320000000.0	22886000000.0			9109000000.0	74535000000.0		25518000000.0			34627000000.0	14535000000.0		101613000000.0	-21303000000.0	72655000000.0	5158000000.0	3156200499.0		1.4	1.51	-0.11	-7.2848	
2009-09-30																																																																																																																																																																								235145000000.0	66679000000.0	9883000000.0	9883000000.0	18988000000.0	28985000000.0	168466000000.0	106692000000.0		11246000000.0	11246000000.0	10203000000.0			5536000000.0	3287000000.0		134342000000.0	58302000000.0	33597000000.0			9487000000.0	76040000000.0		27068000000.0			36555000000.0	9568000000.0		100225000000.0				3156129999.0		1.5	1.04	0.46	44.2308	
2009-06-30																																																																																																																																																																								233359000000.0	67074000000.0	8959000000.0	8959000000.0	18650000000.0	29431000000.0	166285000000.0	105779000000.0		10951000000.0	10951000000.0	10304000000.0			6760000000.0	3274000000.0		136410000000.0	63007000000.0	34764000000.0			12018000000.0	73403000000.0		24222000000.0			36240000000.0	3355000000.0		96241000000.0	-21426000000.0	100580000000.0	5156000000.0	3154987999.0		0.94	0.92	0.02	2.1739	
2009-03-31																																																																																																																																																																								223203000000.0	61057000000.0	8360000000.0	8360000000.0	15292000000.0	26403000000.0	162146000000.0	103316000000.0		10526000000.0	10526000000.0	9770000000.0			7753000000.0	3249000000.0		132024000000.0	63894000000.0	31031000000.0			15260000000.0	68130000000.0		19438000000.0			34698000000.0	5026000000.0		90473000000.0				3153418999.0		0.83	0.58	0.25	43.1034	
2008-12-31																																																																																																																																																																								228238000000.0	66384000000.0	8197000000.0	8197000000.0	16821000000.0	32856000000.0	161854000000.0	103200000000.0		10260000000.0	10260000000.0	9878000000.0				32856000000.0		136129000000.0	69793000000.0	33644000000.0			15740000000.0	66336000000.0		17464000000.0			33204000000.0	13666000000.0		91303000000.0	-21513000000.0	67080000000.0	5155000000.0	3156919499.0		0.84	1.1	-0.26	-23.6364	
2008-09-30																																																																																																																																																																								256122000000.0	85272000000.0	6142000000.0	6142000000.0	27277000000.0	51521000000.0	170850000000.0	102889000000.0		10040000000.0	10040000000.0	10566000000.0				51853000000.0		149332000000.0	80305000000.0	43948000000.0			14258000000.0	69027000000.0		14042000000.0			28300000000.0	14073000000.0		105704000000.0				3152020999.0		2.84	2.35	0.49	20.8511	
2008-06-30																																																																																																																																																																								283813000000.0	107853000000.0	3593000000.0	3593000000.0	35182000000.0	48482000000.0	175960000000.0	101787000000.0		7386000000.0	7386000000.0	11016000000.0				20596000000.0		177359000000.0	101040000000.0	54029000000.0			16638000000.0	76319000000.0		13551000000.0			30189000000.0	19011000000.0		105356000000.0				3169167999.0		2.72	2.69	0.03	1.1152	
2008-03-31																																																																																																																																																																								252668000000.0	88516000000.0	4820000000.0	4820000000.0	26855000000.0	56591000000.0	164152000000.0	99512000000.0		6729000000.0	6729000000.0	11012000000.0				56841000000.0		152964000000.0	82943000000.0	47546000000.0			13820000000.0	70021000000.0		16051000000.0			29871000000.0	11981000000.0		98642000000.0				3174219999.0		1.98	1.74	0.24	13.7931	
2007-12-31																																																																																																																																																																								236076000000.0	78916000000.0	3562000000.0	3562000000.0	26554000000.0	42479000000.0	157160000000.0	97989000000.0		6652000000.0	6652000000.0	11006000000.0				48800000000.0		141424000000.0	77068000000.0	31451000000.0			15394000000.0	64356000000.0		15651000000.0			31045000000.0	23583000000.0		93690000000.0	-22112000000.0	64510000000.0	5216000000.0	3198504499.0		1.27	1.43	-0.16	-11.1888	
2007-09-30																																																																																																																																																																								225611000000.0	74847000000.0	2410000000.0	2410000000.0	21784000000.0	3743000000.0	150764000000.0	96934000000.0		5971000000.0	5971000000.0	11138000000.0				46910000000.0		134117000000.0	73805000000.0	42649000000.0			12789000000.0	60312000000.0		12456000000.0			25245000000.0	12377000000.0		90541000000.0				3221312499.0		1.33	1.38	-0.05	-3.6232	
2007-06-30																																																																																																																																																																								221894000000.0	74204000000.0	2643000000.0	2643000000.0	20645000000.0	50738000000.0	147690000000.0	95193000000.0		5735000000.0	5735000000.0	11055000000.0				50916000000.0		132471000000.0	73066000000.0	42634000000.0			11566000000.0	59405000000.0		12188000000.0			23754000000.0	9592000000.0		88549000000.0				3219835999.0		2.29	1.64	0.65	39.6341	
2007-03-31																																																																																																																																																																								216856000000.0	72912000000.0	1956000000.0	1956000000.0	19812000000.0	51049000000.0	143944000000.0	92307000000.0		5667000000.0	5667000000.0	10991000000.0				51144000000.0		131107000000.0	73509000000.0	43681000000.0			11597000000.0	57598000000.0		12131000000.0			23728000000.0	11587000000.0		84874000000.0				3252440999.0		1.24	1.31	-0.07	-5.3435	
2006-12-31																																																																																																																																																																								217601000000.0	74261000000.0	2590000000.0	2590000000.0	18915000000.0	42383000000.0	143340000000.0	90999000000.0		5246000000.0	5246000000.0	10780000000.0				52756000000.0		132136000000.0	75298000000.0	28319000000.0			12924000000.0	56838000000.0		11086000000.0			24010000000.0	27908000000.0		84624000000.0	-22182000000.0	58487000000.0	5364000000.0	3347451999.0		1.21	1.22	-0.01	-0.8197	
2006-09-30																																																																																																																																																																								213526000000.0	77188000000.0	3199000000.0	3199000000.0	19362000000.0	3192000000.0	136338000000.0	87584000000.0		5104000000.0	5104000000.0	10624000000.0				51435000000.0		128456000000.0	72413000000.0	40589000000.0			9561000000.0	56043000000.0		10412000000.0			19973000000.0	13457000000.0		84278000000.0		59973.0		3330989999.0		2.1	1.51	0.59	39.0728	
2006-06-30																																																																																																																																																																								217601000000.0	75339000000.0	2590000000.0	2590000000.0	18915000000.0	3550000000.0	142262000000.0	85953000000.0		5246000000.0	5246000000.0	10780000000.0				50284000000.0		132136000000.0	75352000000.0	42236000000.0			12924000000.0	56784000000.0		9638000000.0			24010000000.0	14922000000.0		84624000000.0		56291.0		3399429999.0		1.82	1.76	0.06	3.4091	
2006-03-31																																																																																																																																																																								207094000000.0	75325000000.0	2939000000.0	2939000000.0	18823000000.0	3918000000.0	131769000000.0	85487000000.0		4887000000.0	4887000000.0	10322000000.0				49645000000.0		126213000000.0	71345000000.0	42712000000.0			9222000000.0	54868000000.0		9457000000.0			9222000000.0	11593000000.0		80148000000.0		46794000000.0	5164000000.0	3420311999.0		1.54	1.52	0.02	1.3158	
2005-12-31																																																																																																																																																																								206914000000.0	75290000000.0	2960000000.0	2960000000.0	19760000000.0	42712000000.0	131624000000.0	85947000000.0		4772000000.0	4772000000.0	10371000000.0				52570000000.0		126464000000.0	71997000000.0	28614000000.0			8932000000.0	54467000000.0		10230000000.0			19162000000.0	28481000000.0		79661000000.0	-10598000000.0	46151000000.0	5164000000.0	3556069999.0		1.44	1.66	-0.22	-13.253	
2005-09-30																																																																																																																																																																																																													1.52	1.72	-0.2	-11.6279	
2005-06-30																																																																																																																																																																																																													1.64	1.56	0.08	5.1282	
2005-03-31																																																																																																																																																																																																													1.39	1.29	0.1	7.7519	
2004-12-31																																																																																																																																																																																																													1.33	1.3	0.03	2.3077	
2004-09-30																																																																																																																																																																																																													1.2	1.19	0.01	0.8403	
2004-06-30																																																																																																																																																																																																													1.14	1.16	-0.02	-1.7241	
2004-03-31																																																																																																																																																																																																													0.96	1.0	-0.04	-4.0	
2003-12-31																																																																																																																																																																																																													0.72	0.84	-0.12	-14.2857	
2003-09-30																																																																																																																																																																																																													0.78	0.83	-0.05	-6.0241	
2003-06-30																																																																																																																																																																																																													0.85	0.79	0.06	7.5949	
2003-03-31																																																																																																																																																																																																													1.0	0.94	0.06	6.383	
2002-12-31																																																																																																																																																																																																													0.71	0.71	0.0	0.0	
2002-09-30																																																																																																																																																																																																													0.61	0.64	-0.03	-4.6875	
2002-06-30																																																																																																																																																																																																													0.59	0.63	-0.04	-6.3492	
2002-03-31																																																																																																																																																																																																													0.42	0.43	-0.01	-2.3256	
2001-12-31																																																																																																																																																																																																													0.59	0.56	0.03	5.3571	
2001-09-30																																																																																																																																																																																																													0.81	0.78	0.03	3.8462	
2001-06-30																																																																																																																																																																																																													1.02	0.98	0.04	4.0816	
2001-03-31																																																																																																																																																																																																													1.1	1.02	0.08	7.8431	
2000-12-31																																																																																																																																																																																																													1.1	1.01	0.09	8.9109	
2000-09-30																																																																																																																																																																																																													1.01	0.97	0.04	4.1237	
2000-06-30																																																																																																																																																																																																													0.96	0.84	0.12	14.2857	
2000-03-31																																																																																																																																																																																																													0.84	0.76	0.08	10.5263	
1999-12-31																																																																																																																																																																																																													0.66	0.64	0.02	3.125	
1999-09-30																																																																																																																																																																																																													0.6	0.57	0.03	5.2632	
1999-06-30																																																																																																																																																																																																													0.21	0.39	-0.18	-46.1538	
1999-03-31																																																																																																																																																																																																													0.03	0.22	-0.19	-86.3636	
1998-12-31																																																																																																																																																																																																													0.31	0.33	-0.02	-6.0606	
1998-09-30																																																																																																																																																																																																													0.36	0.39	-0.03	-7.6923	
1998-06-30																																																																																																																																																																																																													0.47	0.44	0.03	6.8182	
1998-03-31																																																																																																																																																																																																													0.25	0.49	-0.24	-48.9796	
1997-12-31																																																																																																																																																																																																													0.13	0.57	-0.44	-77.193	
1997-09-30																																																																																																																																																																																																													0.61	0.58	0.03	5.1724	
1997-06-30																																																																																																																																																																																																													0.64	0.58	0.06	10.3448	
1997-03-31																																																																																																																																																																																																													0.65	0.59	0.06	10.1695	
1996-12-31																																																																																																																																																																																																													0.59	0.59	0.0	0.0	
1996-09-30																																																																																																																																																																																																													0.54	0.53	0.01	1.8868	
1996-06-30																																																																																																																																																																																																													0.53	0.51	0.02	3.9216	
1996-03-31																																																																																																																																																																																																													0.52	0.46	0.06	13.0435	
