	Tax Effect Of Unusual Items	Tax Rate For Calcs	Normalized EBITDA	Net Income From Continuing Operation Net Minority Interest	Reconciled Depreciation	Reconciled Cost Of Revenue	EBITDA	EBIT	Normalized Income	Net Income From Continuing And Discontinued Operation	Total Expenses	Total Operating Income As Reported	Diluted Average Shares	Basic Average Shares	Diluted EPS	Basic EPS	Diluted NI Availto Com Stockholders	Net Income Common Stockholders	Net Income	Net Income Including Noncontrolling Interests	Net Income Continuous Operations	Tax Provision	Pretax Income	Other Income Expense	Other Non Operating Income Expenses	Operating Income	Operating Expense	Research And Development	Selling General And Administration	Gross Profit	Cost Of Revenue	Total Revenue	Operating Revenue	Ordinary Shares Number	Share Issued	Net Debt	Total Debt	Tangible Book Value	Invested Capital	Working Capital	Net Tangible Assets	Common Stock Equity	Total Capitalization	Total Equity Gross Minority Interest	Stockholders Equity	Gains Losses Not Affecting Retained Earnings	Other Equity Adjustments	Retained Earnings	Capital Stock	Common Stock	Total Liabilities Net Minority Interest	Total Non Current Liabilities Net Minority Interest	Other Non Current Liabilities	Tradeand Other Payables Non Current	Long Term Debt And Capital Lease Obligation	Long Term Debt	Current Liabilities	Other Current Liabilities	Current Deferred Liabilities	Current Deferred Revenue	Current Debt And Capital Lease Obligation	Current Debt	Other Current Borrowings	Commercial Paper	Payables And Accrued Expenses	Current Accrued Expenses	Payables	Total Tax Payable	Income Tax Payable	Accounts Payable	Total Assets	Total Non Current Assets	Other Non Current Assets	Non Current Deferred Assets	Non Current Deferred Taxes Assets	Investments And Advances	Investmentin Financial Assets	Available For Sale Securities	Net PPE	Accumulated Depreciation	Gross PPE	Leases	Machinery Furniture Equipment	Land And Improvements	Properties	Current Assets	Other Current Assets	Inventory	Finished Goods	Raw Materials	Receivables	Other Receivables	Accounts Receivable	Cash Cash Equivalents And Short Term Investments	Other Short Term Investments	Cash And Cash Equivalents	Cash Equivalents	Cash Financial	Free Cash Flow	Repurchase Of Capital Stock	Repayment Of Debt	Issuance Of Debt	Capital Expenditure	Income Tax Paid Supplemental Data	End Cash Position	Beginning Cash Position	Changes In Cash	Financing Cash Flow	Cash Flow From Continuing Financing Activities	Net Other Financing Charges	Cash Dividends Paid	Common Stock Dividend Paid	Net Common Stock Issuance	Common Stock Payments	Net Issuance Payments Of Debt	Net Short Term Debt Issuance	Short Term Debt Payments	Net Long Term Debt Issuance	Long Term Debt Payments	Long Term Debt Issuance	Investing Cash Flow	Cash Flow From Continuing Investing Activities	Net Other Investing Changes	Net Investment Purchase And Sale	Sale Of Investment	Purchase Of Investment	Net PPE Purchase And Sale	Purchase Of PPE	Operating Cash Flow	Cash Flow From Continuing Operating Activities	Change In Working Capital	Change In Other Current Liabilities	Change In Other Current Assets	Change In Payables And Accrued Expense	Change In Payable	Change In Account Payable	Change In Inventory	Change In Receivables	Changes In Account Receivables	Other Non Cash Items	Stock Based Compensation	Depreciation Amortization Depletion	Depreciation And Amortization	Net Income From Continuing Operations	reportedCurrency	grossProfit	totalRevenue	costOfRevenue	costofGoodsAndServicesSold	operatingIncome	sellingGeneralAndAdministrative	researchAndDevelopment	operatingExpenses	investmentIncomeNet	netInterestIncome	interestIncome	interestExpense	nonInterestIncome	otherNonOperatingIncome	depreciation	depreciationAndAmortization	incomeBeforeTax	incomeTaxExpense	interestAndDebtExpense	netIncomeFromContinuingOperations	comprehensiveIncomeNetOfTax	ebit	ebitda	netIncome	operatingCashflow	paymentsForOperatingActivities	proceedsFromOperatingActivities	changeInOperatingLiabilities	changeInOperatingAssets	depreciationDepletionAndAmortization	capitalExpenditures	changeInReceivables	changeInInventory	profitLoss	cashflowFromInvestment	cashflowFromFinancing	proceedsFromRepaymentsOfShortTermDebt	paymentsForRepurchaseOfCommonStock	paymentsForRepurchaseOfEquity	paymentsForRepurchaseOfPreferredStock	dividendPayout	dividendPayoutCommonStock	dividendPayoutPreferredStock	proceedsFromIssuanceOfCommonStock	proceedsFromIssuanceOfLongTermDebtAndCapitalSecuritiesNet	proceedsFromIssuanceOfPreferredStock	proceedsFromRepurchaseOfEquity	proceedsFromSaleOfTreasuryStock	changeInCashAndCashEquivalents	changeInExchangeRate
2025-12-31	0.0	0.175	54066000000.0	42097000000.0	3214000000.0	74525000000.0	54066000000.0	50852000000.0	42097000000.0	42097000000.0	92904000000.0	50852000000.0	14810356000.0	14748158000.0	2.84	2.85	42097000000.0	42097000000.0	42097000000.0	42097000000.0	42097000000.0	8905000000.0	51002000000.0	150000000.0	150000000.0	50852000000.0	18379000000.0	10887000000.0	7492000000.0	69231000000.0	74525000000.0	143756000000.0	143756000000.0	14697926000.0	14697926000.0	45192000000.0	90509000000.0	88190000000.0	178699000000.0	-4263000000.0	88190000000.0	88190000000.0	164875000000.0	88190000000.0	88190000000.0	-4854000000.0	-4854000000.0	-2177000000.0	95221000000.0	95221000000.0	291107000000.0	128740000000.0	52055000000.0		76685000000.0	76685000000.0	162367000000.0	68543000000.0	9413000000.0	9413000000.0	13824000000.0	13824000000.0	11827000000.0	1997000000.0	70587000000.0		70587000000.0			70587000000.0	379297000000.0	221193000000.0	93146000000.0			77888000000.0	77888000000.0	77888000000.0	50159000000.0	-77161000000.0	127320000000.0					158104000000.0	15002000000.0	5875000000.0			70320000000.0	30399000000.0	39921000000.0	66907000000.0	21590000000.0	45317000000.0	14491000000.0	30826000000.0	51552000000.0	-24701000000.0	-8074000000.0		-2373000000.0	3434000000.0	45317000000.0	35934000000.0	9383000000.0	-39656000000.0	-39656000000.0	-2960000000.0	-3921000000.0	-3921000000.0	-24701000000.0	-24701000000.0	-8074000000.0	-5910000000.0	-5910000000.0	-2164000000.0	-2164000000.0		-4886000000.0	-4886000000.0	-154000000.0	-2359000000.0	10334000000.0	-12693000000.0	-2373000000.0	-2373000000.0	53925000000.0	53925000000.0	5548000000.0	12533000000.0	-10250000000.0	848000000.0	848000000.0	848000000.0	-211000000.0	2628000000.0	-153000000.0	-528000000.0	3594000000.0	3214000000.0	3214000000.0	42097000000.0		69231000000	143756000000	74525000000	74525000000	50852000000	2095000000	10887000000	18379000000								3214000000	51002000000	8905000000		42097000000		51002000000	54216000000	42097000000	53925000000					3214000000	2373000000		-211000000		-4886000000	-39656000000					3921000000.0	3921000000.0					-24701000000			
2025-09-30	0.0	0.162724	35554000000.0	27466000000.0	3127000000.0	54125000000.0	35554000000.0	32427000000.0	27466000000.0	27466000000.0	70039000000.0	32427000000.0	14863609000.0	14815307000.0	1.85	1.85	27466000000.0	27466000000.0	27466000000.0	27466000000.0	27466000000.0	5338000000.0	32804000000.0	377000000.0	377000000.0	32427000000.0	15914000000.0	8866000000.0	7048000000.0	48341000000.0	54125000000.0	102466000000.0	102466000000.0	14773260000.0	14773260000.0	62723000000.0	98657000000.0	73733000000.0	172390000000.0	-17674000000.0	73733000000.0	73733000000.0	152061000000.0	73733000000.0	73733000000.0	-5571000000.0	-5571000000.0	-14264000000.0	93568000000.0	93568000000.0	285508000000.0	119877000000.0	41549000000.0		78328000000.0	78328000000.0	165631000000.0	44452000000.0	9055000000.0	9055000000.0	20329000000.0	20329000000.0	12350000000.0	7979000000.0	91795000000.0	8919000000.0	82876000000.0	13016000000.0	13016000000.0	69860000000.0	359241000000.0	211284000000.0	62950000000.0	20777000000.0	20777000000.0	77723000000.0	77723000000.0	77723000000.0	49834000000.0	-76014000000.0	125848000000.0	15091000000.0	83420000000.0	27337000000.0	0.0	147957000000.0	14585000000.0	5718000000.0			72957000000.0	33180000000.0	39777000000.0	54697000000.0	18763000000.0	35934000000.0	7667000000.0	28267000000.0	26486000000.0	-20132000000.0	-1185000000.0	0.0	-3242000000.0	6037000000.0	35934000000.0	36269000000.0	-335000000.0	-27476000000.0	-27476000000.0	-265000000.0	-3862000000.0	-3862000000.0	-20132000000.0	-20132000000.0	-3217000000.0	-1967000000.0		-1250000000.0	-1250000000.0	0.0	-2587000000.0	-2587000000.0	-505000000.0	1160000000.0	7976000000.0	-6816000000.0	-3242000000.0	-3242000000.0	29728000000.0	29728000000.0	-5707000000.0	4085000000.0	-3081000000.0	19381000000.0	19381000000.0	19381000000.0	177000000.0	-26269000000.0	-12367000000.0	1659000000.0	3183000000.0	3127000000.0	3127000000.0	27466000000.0		48341000000	102466000000	54125000000	54125000000	32427000000	7048000000	8866000000	15914000000								3127000000	32804000000	5338000000		27466000000		32427000000	35554000000	27466000000	29728000000					3127000000	3242000000		177000000		-2587000000	-27476000000					3862000000.0	3862000000.0					-20132000000			
2025-06-30	0.0	0.164	31032000000.0	23434000000.0	2830000000.0	50318000000.0	31032000000.0	28202000000.0	23434000000.0	23434000000.0	65834000000.0	28202000000.0	14948179000.0	14902886000.0	1.57	1.57	23434000000.0	23434000000.0	23434000000.0	23434000000.0	23434000000.0	4597000000.0	28031000000.0	-171000000.0	-171000000.0	28202000000.0	15516000000.0	8866000000.0	6650000000.0	43718000000.0	50318000000.0	94036000000.0	94036000000.0	14856722000.0	14856722000.0	65429000000.0	101698000000.0	65830000000.0	167528000000.0	-18629000000.0	65830000000.0	65830000000.0	148260000000.0	65830000000.0	65830000000.0	-6369000000.0	-6369000000.0	-17607000000.0	89806000000.0	89806000000.0	265665000000.0	124545000000.0	42115000000.0		82430000000.0	82430000000.0	141120000000.0	62499000000.0	8979000000.0	8979000000.0	19268000000.0	19268000000.0	9345000000.0	9923000000.0	50374000000.0		50374000000.0			50374000000.0	331495000000.0	209004000000.0	82882000000.0			77614000000.0	77614000000.0	77614000000.0	48508000000.0	-75803000000.0	124311000000.0					122491000000.0	14359000000.0	5925000000.0	3637000000.0	2288000000.0	46835000000.0	19278000000.0	27557000000.0	55372000000.0	19103000000.0	36269000000.0	9583000000.0	26686000000.0	24405000000.0	-21075000000.0	-1770000000.0		-3462000000.0	5649000000.0	36269000000.0	28162000000.0	8107000000.0	-24833000000.0	-24833000000.0	-2524000000.0	-3945000000.0	-3945000000.0	-21075000000.0	-21075000000.0	2711000000.0	3903000000.0	3903000000.0	-1192000000.0	-5673000000.0		5073000000.0	5073000000.0	-340000000.0	8875000000.0	14024000000.0	-5149000000.0	-3462000000.0	-3462000000.0	27867000000.0	27867000000.0	-2034000000.0	418000000.0	-1745000000.0	-3875000000.0	-3875000000.0	-3875000000.0	365000000.0	2803000000.0	-1581000000.0	469000000.0	3168000000.0	2830000000.0	2830000000.0	23434000000.0		43718000000	94036000000	50318000000	50318000000	28202000000	6650000000	8866000000	15516000000				1000000.0				2830000000	28031000000	4597000000		23434000000		28031000000	30861000000	23434000000	27867000000					2830000000	3462000000		365000000		5073000000	-24833000000					3945000000.0	3945000000.0					-21075000000			
2025-03-31	0.0	0.155	32250000000.0	24780000000.0	2661000000.0	50492000000.0	32250000000.0	29589000000.0	24780000000.0	24780000000.0	65770000000.0	29589000000.0	15056133000.0	14994082000.0	1.65	1.65	24780000000.0	24780000000.0	24780000000.0	24780000000.0	24780000000.0	4530000000.0	29310000000.0	-279000000.0	-279000000.0	29589000000.0	15278000000.0	8550000000.0	6728000000.0	44867000000.0	50492000000.0	95359000000.0	95359000000.0	14939315000.0	14939315000.0	70024000000.0	98186000000.0	66796000000.0	164982000000.0	-25897000000.0	66796000000.0	66796000000.0	145362000000.0	66796000000.0	66796000000.0	-6363000000.0	-6363000000.0	-15552000000.0	88711000000.0	88711000000.0	264437000000.0	119866000000.0	41300000000.0		78566000000.0	78566000000.0	144571000000.0	61849000000.0	8976000000.0	8976000000.0	19620000000.0	19620000000.0	13638000000.0	5982000000.0	54126000000.0		54126000000.0			54126000000.0	331233000000.0	212559000000.0	81259000000.0			84424000000.0	84424000000.0	84424000000.0	46876000000.0	-74303000000.0	121179000000.0					118674000000.0	14109000000.0	6269000000.0	3596000000.0	2673000000.0	49798000000.0	23662000000.0	26136000000.0	48498000000.0	20336000000.0	28162000000.0	3101000000.0	25061000000.0	20881000000.0	-25898000000.0	976000000.0		-3071000000.0	13032000000.0	28162000000.0	30299000000.0	-2137000000.0	-29006000000.0	-29006000000.0	-326000000.0	-3758000000.0	-3758000000.0	-25898000000.0	-25898000000.0	976000000.0	3976000000.0	3976000000.0	-3000000000.0	-3000000000.0		2917000000.0	2917000000.0	-32000000.0	6020000000.0	12338000000.0	-6318000000.0	-3071000000.0	-3071000000.0	23952000000.0	23952000000.0	-6507000000.0	-3581000000.0	-5310000000.0	-7933000000.0	-7933000000.0	-7933000000.0	643000000.0	9674000000.0	3669000000.0	-208000000.0	3226000000.0	2661000000.0	2661000000.0	24780000000.0		44867000000	95359000000	50492000000	50492000000	29589000000	6728000000	8550000000	15278000000								2661000000	29310000000	4530000000		24780000000		29310000000	31971000000	24780000000	23952000000					2661000000	3071000000		643000000		2917000000	-29006000000					3758000000.0	3758000000.0					-25898000000			
2024-12-31	0.0	0.147	45912000000.0	36330000000.0	3080000000.0	66025000000.0	45912000000.0	42832000000.0	36330000000.0	36330000000.0	81468000000.0	42832000000.0	15150865000.0	15081724000.0	2.4	2.41	36330000000.0	36330000000.0	36330000000.0	36330000000.0	36330000000.0	6254000000.0	42584000000.0	-248000000.0	-248000000.0	42832000000.0	15443000000.0	8268000000.0	7175000000.0	58275000000.0	66025000000.0	124300000000.0	124300000000.0	15037874000.0	15037874000.0	66500000000.0	96799000000.0	66758000000.0	163557000000.0	-11125000000.0	66758000000.0	66758000000.0	150714000000.0	66758000000.0	66758000000.0	-6789000000.0	-6789000000.0	-11221000000.0	84768000000.0	84768000000.0	277327000000.0	132962000000.0	49006000000.0		83956000000.0	83956000000.0	144365000000.0	61151000000.0	8461000000.0	8461000000.0	12843000000.0	12843000000.0	10848000000.0	1995000000.0	61910000000.0		61910000000.0			61910000000.0	344085000000.0	210845000000.0	77183000000.0			87593000000.0	87593000000.0	87593000000.0	46069000000.0	-74546000000.0	120615000000.0					133240000000.0	13248000000.0	6911000000.0	4119000000.0	2792000000.0	59306000000.0	29667000000.0	29639000000.0	53775000000.0	23476000000.0	30299000000.0	3226000000.0	27073000000.0	26995000000.0	-23606000000.0	-8953000000.0		-2940000000.0	18651000000.0	30299000000.0	29943000000.0	356000000.0	-39371000000.0	-39371000000.0	-2956000000.0	-3856000000.0	-3856000000.0	-23606000000.0	-23606000000.0	-8953000000.0	-7944000000.0	-7944000000.0	-1009000000.0	-1009000000.0		9792000000.0	9792000000.0	-603000000.0	13335000000.0	19459000000.0	-6124000000.0	-2940000000.0	-2940000000.0	29935000000.0	29935000000.0	-10752000000.0	-11998000000.0	939000000.0	-6671000000.0	-6671000000.0	-6671000000.0	215000000.0	6763000000.0	3597000000.0	-2009000000.0	3286000000.0	3080000000.0	3080000000.0	36330000000.0		58275000000	124300000000	66025000000	66025000000	42832000000	2074000000	8268000000	15443000000								3080000000	42584000000	6254000000		36330000000		42584000000	45664000000	36330000000	29935000000					3080000000	2940000000		215000000		9792000000	-39371000000					3856000000.0	3856000000.0					-23606000000			
2024-09-30																																																						9254000000.0														26601000000.0	26601000000.0					19499000000.0	19499000000.0							14233000000.0	80205000000.0	24690000000.0	0.0																	0.0																		0.0																										43879000000	94930000000	51051000000	51051000000	29591000000	6523000000	7765000000	14288000000								2911000000	29610000000	14874000000		14736000000		29591000000	32502000000	14736000000	26811000000					2911000000	2908000000		-1087000000		1445000000	-24948000000					3804000000.0	3804000000.0					-25083000000			
2024-06-30																																																																																																																					997000000.0																													39678000000	85777000000	46099000000	46099000000	25352000000	6320000000	8006000000	14326000000								2850000000	25494000000	4046000000		21448000000		25352000000	28202000000	21448000000	28858000000					2850000000	2151000000		-12000000		-127000000	-36017000000					3895000000.0	3895000000.0					-26522000000			
2024-03-31																																																																																																																																																		42271000000	90753000000	48482000000	48482000000	27900000000	6468000000	7903000000	14213000000								2836000000	28058000000	4422000000		23636000000		27900000000	30736000000	23636000000	22690000000					2836000000	1996000000		190000000		-310000000	-30433000000					3710000000.0	3710000000.0					-23205000000			
2023-12-31																																																																																																																																																		54855000000	119575000000	64720000000	64720000000	40373000000	6786000000	7696000000	14532000000				1002000000.0				2848000000	40323000000	6407000000		33916000000		40373000000	43221000000	33916000000	39895000000					2848000000	2392000000		-137000000		1927000000	-30585000000					3825000000.0	3825000000.0					-20139000000			
2023-09-30																																																																																																																																																		40427000000	89498000000	49071000000	49071000000	26969000000	6151000000	7307000000	13411000000		-18000000.0	984000000.0	1002000000.0		565000000.0		2653000000	26998000000	4042000000		22956000000		26969000000	29622000000	22956000000	21598000000					2653000000	2163000000	-21137000000.0	952000000		3705000000	-23153000000					3758000000.0	3758000000.0					-21003000000		839000000.0	
2023-06-30																																																																																																																																																		36413000000	81797000000	45384000000	45384000000	22998000000	5973000000	7442000000	13415000000		-18000000.0	980000000.0	998000000.0		-265000000.0		3052000000	22733000000	2852000000		19881000000		22998000000	26050000000	19881000000	26380000000					3052000000	2093000000	-3661000000.0	-22000000		437000000	-24048000000					3849000000.0	3849000000.0					-17478000000		2769000000.0	
2023-03-31																																																																																																																																																		41976000000	94836000000	52860000000	52860000000	28318000000	6201000000	7457000000	13594000000		-12000000.0	918000000.0	930000000.0		64000000.0		2898000000	28382000000	4222000000		24160000000		28318000000	31216000000	24160000000	28560000000					2898000000	2916000000	17786000000.0	-741000000		2319000000	-25724000000					3650000000.0	3650000000.0					-19594000000		5155000000.0	
2022-12-31																																																																																																																																																		50332000000	117154000000	66822000000	66822000000	36016000000	6607000000	7709000000	14709000000		-135000000.0	868000000.0	1003000000.0		-393000000.0		2916000000	35623000000	5625000000		29998000000		36016000000	38932000000	29998000000	34005000000					2916000000	3787000000	6595000000.0	-1807000000		-1445000000	-35563000000					3768000000.0	3768000000.0					-19475000000		-3003000000.0	
2022-09-30																																																																																																																																																		38095000000	90146000000	52051000000	52051000000	24894000000	6440000000	6761000000	13201000000		-74000000.0	753000000.0	827000000.0		237000000.0		2865000000	24657000000	3936000000		20721000000		25484000000	28349000000	20721000000	24127000000					2865000000	3289000000	-18693000000.0	435000000		-1217000000	-26794000000					3703000000.0	3703000000.0					-24428000000		-3884000000.0	
2022-06-30																																																																																																																																																		35885000000	82959000000	47074000000	47074000000	23076000000	6012000000	6797000000	12809000000		3000000.0	722000000.0	719000000.0		10000000.0		2805000000	23066000000	3624000000		19442000000		23785000000	26590000000	19442000000	22892000000					2805000000	2102000000	3165000000.0	-16000000		4234000000	-27445000000					3811000000.0	3811000000.0					-21865000000		-319000000.0	
2022-03-31																																																																																																																																																		42559000000	97278000000	54719000000	54719000000	29979000000	6193000000	6387000000	12580000000		9000000.0	700000000.0	691000000.0		160000000.0		2737000000	30139000000	5129000000		25010000000		30830000000	33567000000	25010000000	28166000000					2737000000	2514000000	19931000000.0	384000000		-9265000000	-28351000000					3595000000.0	3595000000.0					-22631000000		-9450000000.0	
2021-12-31																																																																																																																																																		54243000000	123945000000	69702000000	69702000000	41488000000	6449000000	6306000000	12755000000		-44000000.0	650000000.0	694000000.0		247000000.0		2697000000	41241000000	6611000000		34630000000		41935000000	44632000000	34630000000	46966000000					2697000000	2803000000	-13746000000.0	681000000		-16106000000	-28159000000					3732000000.0	3732000000.0					-20478000000		2701000000.0	
2021-09-30																																																																																																																																																		35174000000	83360000000	48186000000	48186000000	23786000000	5616000000	5772000000	11388000000		-13000000.0	659000000.0	672000000.0		538000000.0		2989000000	23248000000	2697000000		20551000000		23920000000	26909000000	20551000000	20200000000					2989000000	3223000000	-17604000000.0	-1429000000		835000000	-20382000000					3640000000.0	3640000000.0					-19748000000		653000000.0	
2021-06-30																																																																																																																																																		35255000000	81434000000	46179000000	46179000000	24126000000	5412000000	5717000000	11129000000		54000000.0	719000000.0	665000000.0		243000000.0		2832000000	24369000000	2625000000		21744000000		25034000000	27866000000	21744000000	21094000000					2832000000	2093000000	-869000000.0	13000000		3572000000	-29396000000					3767000000.0	3767000000.0					-22900000000		-4730000000.0	
2021-03-31																																																																																																																																																		38079000000	89584000000	51505000000	51505000000	27503000000	5314000000	5262000000	10576000000		48000000.0	718000000.0	670000000.0		508000000.0		2797000000	28011000000	4381000000		23630000000		28681000000	31478000000	23630000000	23981000000					2797000000	2269000000	25584000000.0	-276000000		-10368000000	-11326000000					3447000000.0	3447000000.0					-18548000000		2287000000.0	
2020-12-31																																																																																																																																																		44328000000	111439000000	67111000000	67111000000	33534000000	5631000000	5163000000	10794000000		109000000.0	747000000.0	638000000.0		45000000.0		2666000000	33579000000	4824000000		28755000000		34217000000	36883000000	28755000000	38763000000					2666000000	3500000000	-21139000000.0	-950000000		-8584000000	-32249000000					3613000000.0	3613000000.0					-24775000000		-2070000000.0	
2020-09-30																																																																																																																																																		24689000000	64698000000	40009000000	40009000000	14775000000	4936000000	4978000000	9914000000		134000000.0	134000000.0	634000000.0		126000000.0		2702000000	14901000000	2228000000		12673000000		15535000000	18237000000	12673000000	20576000000					2702000000	1784000000	-5364000000.0	-137000000		5531000000	-21357000000					3511000000.0	3511000000.0					-17187000000		4750000000.0	
2020-06-30																																																																																																																																																		22680000000	59685000000	37005000000	37005000000	13091000000	4831000000	4758000000	9589000000		204000000.0	901000000.0	697000000.0		46000000.0		2752000000	13137000000	1884000000		11253000000		13834000000	16586000000	11253000000	16271000000					2752000000	1565000000	-1373000000.0	-689000000		-5165000000	-19116000000					3656000000.0	3656000000.0					-15891000000		-8010000000.0	
2020-03-31																																																																																																																																																		22370000000	58313000000	35943000000	35943000000	12853000000	4952000000	4565000000	9517000000		292000000.0	1049000000.0	757000000.0		282000000.0		2786000000	13135000000	1886000000		11249000000		13892000000	16678000000	11249000000	13311000000					2786000000	1853000000	9290000000.0	727000000		9013000000	-20940000000					3375000000.0	3375000000.0					-18574000000		1384000000.0	
2019-12-31																																																																																																																																																		35217000000	91819000000	56602000000	56602000000	25569000000	5197000000	4451000000	9648000000		260000000.0	1045000000.0	785000000.0		349000000.0		2816000000	25918000000	3682000000		22236000000		26703000000	29519000000	22236000000	30516000000					2816000000	2107000000	5917000000.0	-28000000		-13668000000	-25407000000					3539000000.0	3539000000.0					-20706000000		-8559000000.0	
2019-09-30																																																																																																																																																		24313000000	64040000000	39727000000	39727000000	15625000000	4578000000	4110000000	8688000000		296000000.0	1106000000.0	810000000.0		502000000.0		3179000000	16127000000	2441000000		13686000000		16937000000	20116000000	13686000000	19910000000					3179000000	2777000000	-19320000000.0	-785000000		-798000000	-21039000000					3479000000.0	3479000000.0					-17444000000		-1927000000.0	
2019-06-30																																																																																																																																																		20227000000	53809000000	33582000000	33582000000	11544000000	4426000000	4257000000	8683000000		324000000.0	1190000000.0	866000000.0		367000000.0		2933000000	11911000000	1867000000		10044000000		12777000000	15710000000	10044000000	11636000000					2933000000	2000000000	-214000000.0	1502000000		27502000000	-26804000000					3629000000.0	3629000000.0					-16955000000		12334000000.0	
2019-03-31																																																																																																																																																		21821000000	58015000000	36194000000	36194000000	13415000000	4458000000	3948000000	8406000000		348000000.0	1358000000.0	1010000000.0		378000000.0		3040000000	13793000000	2232000000		11561000000		14803000000	17843000000	11561000000	11155000000					3040000000	2363000000	10675000000.0	70000000		13348000000	-29457000000					3443000000.0	3443000000.0					-23702000000		-4954000000.0	
2018-12-31																																																																																																																																																		32031000000	84310000000	52279000000	52279000000	23346000000	4783000000	3902000000	8685000000				890000000.0		560000000.0		3395000000	23906000000	3941000000		19965000000		24796000000	28191000000	19965000000	26690000000					3395000000	3355000000	12035000000.0	-1076000000		5844000000	-13676000000					3568000000.0	3568000000.0					-8796000000		18858000000.0	
2018-09-30																																																																																																																																																		24084000000	62900000000	38816000000	38816000000	16118000000	4216000000	3750000000	7966000000				868000000.0		303000000.0		2754000000	16421000000	2296000000		14125000000		17289000000	20043000000	14125000000	19523000000					2754000000	3041000000	-22624000000.0	1942000000		-3001000000	-22580000000					3530000000.0	3530000000.0					-19104000000		-6058000000.0	
2018-06-30																																																																																																																																																		20421000000	53265000000	32844000000	32844000000	12612000000	4108000000	3701000000	7809000000				846000000.0		672000000.0		2665000000	13284000000	1765000000		11519000000		14130000000	16795000000	11519000000	14488000000					2665000000	3267000000	-3946000000.0	1693000000		3947000000	-31523000000					3653000000.0	3653000000.0					-20783000000		-13088000000.0	
2018-03-31																																																																																																																																																		23422000000	61137000000	37715000000	37715000000	15894000000	4150000000	3378000000	7528000000				792000000.0		274000000.0		2739000000	16168000000	2346000000		13822000000		16960000000	19699000000	13822000000	15130000000					2739000000	4195000000	28468000000.0	-3241000000		28710000000	-26272000000					3190000000.0	3190000000.0					-22756000000		17568000000.0	
2017-12-31																																																																																																																																																		33912000000	88293000000	54381000000	54381000000	26274000000	4231000000	3407000000	7638000000				734000000.0		756000000.0		2745000000	27030000000	6965000000		20065000000		27764000000	30509000000	20065000000	28293000000					2745000000	2810000000	-15230000000.0	434000000		-13590000000	-7501000000					3339000000.0	3339000000.0					-10095000000		7202000000.0	
2017-09-30																																																																																																																																																		19931000000	52579000000	32648000000	32648000000	13120000000	3814000000	2997000000	6811000000				666000000.0		797000000.0		2484000000	13917000000	3203000000		10714000000		14583000000	17067000000	10714000000	15656000000					2484000000	4000000000	-13040000000.0	-1709000000		-9942000000	-3996000000					3270000000.0	3270000000.0					-7795000000		1718000000.0	
2017-06-30																																																																																																																																																		17488000000	45408000000	27920000000	27920000000	10768000000	3783000000	2937000000	6720000000				602000000.0		540000000.0		2354000000	11308000000	2591000000		8717000000		11910000000	14264000000	8717000000	8672000000					2354000000	2360000000	-2002000000.0	-236000000		-3180000000	-2078000000					3365000000.0	3365000000.0					-7093000000		3414000000.0	
2017-03-31																																																																																																																																																		20591000000	52896000000	32305000000	32305000000	14097000000	3718000000	2776000000	6494000000				530000000.0		587000000.0		2332000000	14684000000	3655000000		11029000000		15214000000	17546000000	11029000000	12570000000					2332000000	3015000000	7373000000.0	-198000000		-14202000000	418000000					3004000000.0	3004000000.0					-7161000000		-1214000000.0	
2016-12-31																																																																																																																																																		30176000000	78351000000	48175000000	48175000000	23359000000	3946000000	2871000000	6817000000				525000000.0		821000000.0		2987000000	24180000000	6289000000		17891000000		24705000000	27692000000	17891000000	27234000000					2987000000	3420000000	1322000000.0	-580000000		-19122000000	-12225000000					3130000000.0	3130000000.0					-10851000000		-4113000000.0	
2016-09-30																																																																																																																																																		17813000000	46852000000	29039000000	29039000000	11761000000	3482000000	2570000000	6052000000				450000000.0		427000000.0		2548000000	12188000000	3174000000		9014000000		12638000000	15186000000	9014000000	16126000000					2548000000	4038000000	-10257000000.0	-301000000		-7397000000	-6482000000					3092000000.0	3092000000.0					-6026000000		2247000000.0	
2016-06-30																																																																																																																																																		16106000000	42358000000	26252000000	26252000000	10105000000	3441000000	2560000000	6001000000				409000000.0		364000000.0		2526000000	10469000000	2673000000		7796000000		10878000000	13404000000	7796000000	10634000000					2526000000	2905000000	6681000000.0	450000000		-4470000000	-9441000000					3187000000.0	3187000000.0					-10166000000		-3277000000.0	
2016-03-31																																																																																																																																																		19921000000	50557000000	30636000000	30636000000	13987000000	3423000000	2511000000	5934000000				321000000.0		155000000.0		2477000000	14142000000	3626000000		10516000000		14463000000	16940000000	10516000000	11601000000					2477000000	2599000000	724000000.0	170000000		-13660000000	6884000000					2902000000.0	2902000000.0					-6667000000		4825000000.0	
2015-12-31																																																																																																																																																		30423000000	75872000000	45449000000	45449000000	24171000000	3848000000	2404000000	6252000000				276000000.0		402000000.0		2954000000	24573000000	6212000000		18361000000		24849000000	27803000000	18361000000	27463000000					2954000000	4006000000	3896000000.0	-102000000		-20450000000	-11444000000					2969000000.0	2969000000.0					-6863000000		-4431000000.0	
2015-09-30																																																																																																																																																		20548000000	51501000000	30953000000	30953000000	14623000000	3705000000	2220000000	5925000000				238000000.0		439000000.0		3119000000	15062000000	3938000000		11124000000		15300000000	18419000000	11124000000	13475000000					3119000000	3658000000	-6701000000.0	-307000000		-1375000000	-6299000000					2964000000.0	2964000000.0					-13253000000		5801000000.0	
2015-06-30																																																																																																																																																		19681000000	49605000000	29924000000	29924000000	14083000000	3564000000	2034000000	5598000000				201000000.0		390000000.0		3084000000	14473000000	3796000000		10677000000		14674000000	17758000000	10677000000	14988000000					3084000000	2089000000	-1743000000.0	354000000		-11403000000	-2755000000					3053000000.0	3053000000.0					-10000000000		830000000.0	
2015-03-31																																																																																																																																																		23656000000	58010000000	34354000000	34354000000	18278000000	3460000000	1918000000	5378000000				163000000.0		286000000.0		2479000000	18564000000	4995000000		13569000000		18727000000	21206000000	13569000000	19081000000					2479000000	2476000000	11812000000.0	-113000000		-22331000000	-1739000000					2743000000.0	2743000000.0					-6970000000		-4989000000.0	
2014-12-31																																																																																																																																																		29741000000	74599000000	44858000000	44858000000	24246000000	3600000000	1895000000	5495000000				131000000.0		170000000.0		2575000000	24416000000	6392000000		18024000000		24547000000	27122000000	18024000000	33722000000					2575000000	3265000000	-2757000000.0	-172000000		-21165000000	-6923000000					2801000000.0	2801000000.0					-5030000000		5634000000.0	
2014-09-30																																																																																																																																																		16009000000	42123000000	26114000000	26114000000	11165000000	1958000000	1686000000	4844000000				115000000.0		307000000.0		1969000000	11472000000	3005000000		8467000000		11587000000	13556000000	8467000000	13250000000					1969000000	3852000000	-10252000000.0	-246000000		2997000000	-15380000000					2829000000.0	2829000000.0					-17000000000		867000000.0	
2014-06-30																																																																																																																																																		14735000000	37432000000	22697000000	22697000000	10282000000	2850000000	1603000000	4453000000				100000000.0		202000000.0		1946000000	10484000000	2736000000		7748000000		10584000000	12530000000	7748000000	10255000000					1946000000	2431000000	-1020000000.0	235000000		-22214000000	5987000000					2867000000.0	2867000000.0					-5000000000		-5972000000.0	
2014-03-31																																																																																																																																																		17947000000	45646000000	27699000000	27699000000	13593000000	2932000000	1422000000	4354000000				85000000.0		225000000.0		1887000000	13818000000	3595000000		10223000000		13903000000	15790000000	10223000000	13538000000					1887000000	1486000000	9377000000.0	293000000		11741000000	-20407000000					2661000000.0	2661000000.0					-17971000000		4872000000.0	
2013-12-31																																																																																																																																																		21846000000	57594000000	35748000000	35748000000	17463000000	3053000000	1330000000	4383000000				84000000.0		246000000.0		2144000000	17709000000	4637000000		13072000000		17793000000	19937000000	13072000000	22670000000					2144000000	2044000000	-4557000000.0	-358000000		-15103000000	-7749000000					2769000000.0	2769000000.0					-5029000000		-182000000.0	
2013-09-30																																																																																																																																																		13871000000	37472000000	23601000000	23601000000	10030000000	9730000000	1168000000	3841000000				83000000.0		113000000.0		1783000000	10143000000	2631000000		7512000000		10226000000	12009000000	7512000000	9908000000					1783000000	2306000000	-7188000000.0	-67000000		611000000	-7508000000					2769000000.0	2769000000.0					-4910000000		3011000000.0	
2013-06-30																																																																																																																																																		13024000000	35323000000	22299000000	22299000000	9201000000	2645000000	1178000000	3823000000				53000000.0		234000000.0		1694000000	9435000000	2535000000		6900000000		9488000000	11182000000	6900000000	7828000000					1694000000	2016000000	-117000000.0	-452000000		-6507000000	-2126000000					2811000000.0	2811000000.0					-16000000000		-805000000.0	
2013-03-31																																																																																																																																																		16349000000	43603000000	27254000000	27254000000	12558000000	2672000000	1119000000	3791000000				347000000.0		347000000.0		1692000000	12905000000	3358000000		9547000000		12905000000	14597000000	9547000000	12504000000					1692000000	2299000000	8198000000.0	210000000		-14357000000	-2248000000					2491000000.0	2491000000.0					-54000000		-4101000000.0	
2012-12-31																																																																																																																																																		21060000000	54512000000	33452000000	33452000000	17210000000	2840000000	1010000000	3850000000				462000000.0		462000000.0		1588000000	17672000000	4594000000		13078000000		17672000000	19260000000	13078000000	23426000000					1588000000	2455000000	-2842000000.0	-664000000		-13521000000	-4497000000					2493000000.0	2493000000.0					-1950000000		5408000000.0	
2012-09-30																																																																																																																																																		13871000000	37472000000	23601000000	23601000000	10030000000	1573000000	1168000000	3841000000				83000000.0		-51000000.0		1783000000	10143000000	2631000000		8223000000		10226000000	12009000000	7512000000	9136000000					981000000	3501000000	-4394000000.0	331000000		-4313000000	-2022000000					2488000000.0	2488000000.0					-81000000		2801000000.0	
2012-06-30																																																																																																																																																		14994000000	35023000000	20029000000	20029000000	11573000000	2545000000	876000000	3421000000				288000000.0		288000000.0		835000000	11861000000	3037000000		8824000000		11861000000	12696000000	8824000000	10189000000					835000000	2963000000	-529000000.0	-20000000		-12310000000	-55000000											56000000		-2176000000.0	
2012-03-31																																																																																																																																																		18564000000	39186000000	20622000000	20622000000	15384000000	2339000000	841000000	3180000000				148000000.0		148000000.0		740000000	15532000000	3910000000		11622000000		15384000000	16124000000	11622000000	13977000000					740000000	1509000000	2725000000.0	134000000		-14476000000	310000000											286000000		-189000000.0	
2011-12-31																																																																																																																																																		20703000000	46333000000	25630000000	25630000000	17340000000	2605000000	758000000	3363000000				137000000.0		137000000.0		721000000	17477000000	4413000000		13064000000		17340000000	18061000000	13064000000	17554000000					721000000	1429000000	-4767000000.0	-460000000		-17128000000	69000000											91000000		495000000.0	
2011-09-30																																																																																																																																																		11380000000	28270000000	16890000000	16890000000	8710000000	2025000000	645000000	2670000000				81000000.0		81000000.0		543000000	8791000000	2168000000		6623000000		8710000000	9253000000	6623000000	10429000000					543000000	4571000000	-244000000.0	113000000		-13136000000	431000000											254000000		-2276000000.0	
2011-06-30																																																																																																																																																		11922000000	28571000000	16649000000	16649000000	9379000000	1915000000	628000000	2543000000				172000000.0		172000000.0		481000000	9551000000	2243000000		7308000000		9379000000	9860000000	7308000000	11108000000					481000000	962000000	-376000000.0	41000000		-15032000000	37000000											83000000		-3887000000.0	
2011-03-31																																																																																																																																																		10218000000	24667000000	14449000000	14449000000	7874000000	1763000000	581000000	2344000000				26000000.0		26000000.0		434000000	7900000000	1913000000		5987000000		7874000000	8308000000	5987000000	6219000000					434000000	656000000	-221000000.0	-45000000		-1522000000	547000000											286000000		5244000000.0	
2010-12-31																																																																																																																																																		10298000000	26741000000	16443000000	16443000000	7827000000	1896000000	575000000	2471000000				136000000.0		136000000.0		356000000	7963000000	1959000000		6004000000		7827000000	8183000000	6004000000	9773000000					356000000	1263000000	-950000000.0	166000000		-10729000000	429000000											208000000		-527000000.0	
2010-09-30																																																																																																																																																		7512000000	20343000000	12831000000	12831000000	5447000000	1571000000	494000000	2065000000				14000000.0		14000000.0		329000000	5461000000	1153000000		4308000000		5447000000	5776000000	4308000000	5683000000					329000000	813000000	-3525000000.0	-109000000		-4383000000	256000000											179000000		1556000000.0	
2010-06-30																																																																																																																																																		6136000000	15700000000	9564000000	9564000000	4234000000	1438000000	464000000	1902000000				58000000.0		58000000.0		273000000	4292000000	1039000000		3253000000		4234000000	4507000000	3253000000	4801000000					273000000	626000000	-1817000000.0	-304000000		-5430000000	316000000											199000000		-313000000.0	
2010-03-31																																																																																																																																																		5625000000	13499000000	7874000000	7874000000	3979000000	1220000000	426000000	1646000000				266000000.0		50000000.0		216000000	4029000000	955000000		3074000000		3979000000	4195000000	3074000000	2330000000					216000000	301000000	211000000.0	-62000000		-83000000	162000000											160000000		2409000000.0	
2009-12-31																																																																																																																																																		6411000000	15683000000	9272000000	9272000000	4725000000	1288000000	398000000	1686000000				33000000.0		33000000.0		209000000	4758000000	1380000000		3378000000		4725000000	4934000000	3378000000	5781000000					209000000	381000000	271000000.0	-121000000		-3958000000	523000000											374000000		2346000000.0	
2009-09-30																																																																																																																																																		3614000000	9870000000	6256000000	6256000000	2193000000	1063000000	358000000	1421000000				45000000.0				197000000	2238000000	573000000		0		2193000000	2390000000	1665000000	3110000000					197000000	472000000		-75000000		-3771000000	319000000											187000000		-342000000.0	
2009-06-30																																																																																																																																																		3983000000	9734000000	5751000000	5751000000	2632000000	1010000000	341000000	1351000000				236000000.0		60000000.0		182000000	2692000000	864000000		1229000000		2632000000	2814000000	1828000000	2270000000					182000000	272000000		-68000000		-1339000000	208000000											166000000		1139000000.0	
2009-03-31																																																																																																																																																		3627000000	9084000000	5457000000	5457000000	2323000000	985000000	319000000	1304000000				63000000.0				181000000	2386000000	766000000		0		2323000000	2504000000	1620000000	841000000					181000000	116000000		84000000		-3685000000	74000000											45000000		-2770000000.0	
2008-12-31																																																																																																																																																		4507000000	11880000000	7373000000	7373000000	3101000000	1091000000	315000000	1406000000				158000000.0				168000000	3259000000	1004000000		0		3101000000	3269000000	2255000000	3938000000					168000000	353000000		113000000		-8639000000	62000000											77000000		-4639000000.0	
2008-09-30																																																																																																																																																		2739000000	7895000000	5156000000	5156000000	1442000000	999000000	298000000	1297000000				140000000.0				134000000	1582000000	446000000		0		1442000000	1576000000	1136000000	4295000000					134000000	422000000		36000000		-1993000000	200000000											9000000		2502000000.0	
2008-06-30																																																																																																																																																		2600000000	7464000000	4864000000	4864000000	1392000000	916000000	292000000	1208000000				118000000.0				117000000	1510000000	438000000		0		1392000000	1509000000	1072000000	1321000000					117000000	330000000		-181000000		-1372000000	354000000											178000000		303000000.0	
2008-03-31																																																																																																																																																		2474000000	7512000000	5038000000	5038000000	1315000000	886000000	273000000	1159000000				162000000.0				116000000	1477000000	432000000		0		1315000000	1431000000	1045000000	1193000000					116000000	215000000		95000000		-1362000000	77000000											54000000		-92000000.0	
2007-12-31																																																																																																																																																		3332000000	9608000000	6276000000	6276000000	2126000000	960000000	246000000	1206000000				200000000.0				106000000	2326000000	745000000		0		2126000000	2232000000	1581000000	2787000000					106000000	232000000		-113000000		-3462000000	485000000											-9000000		-190000000.0	
2007-09-30																																																																																																																																																		2090000000	6217000000	4127000000	4127000000	1060000000	823000000	207000000	1030000000				170000000.0				93000000	1230000000	326000000		0		1060000000	1153000000	904000000	1696000000					93000000	234000000		-95000000		396000000	142000000											-3000000		2234000000.0	
2007-06-30																																																																																																																																																		1995000000	5410000000	3415000000	3415000000	1041000000	746000000	208000000	954000000				155000000.0				81000000	1196000000	378000000		0		1041000000	1122000000	818000000	1227000000					81000000	289000000		-43000000		-1433000000	229000000											118000000		23000000.0	
2007-03-31																																																																																																																																																		1849000000	5264000000	3415000000	3415000000	986000000	680000000	183000000	863000000				148000000.0				69000000	1134000000	364000000		0		986000000	1055000000	770000000	734000000					69000000	206000000		95000000		-978000000	180000000											75000000		-64000000.0	
2006-12-31																																																																																																																																																		2220000000	7115000000	4895000000	4895000000	1322000000	714000000	184000000	898000000				126000000.0				74000000	1448000000	444000000		0		1322000000	1396000000	1004000000	1813000000					74000000	257000000		-33000000		-1234000000	188000000											101000000		767000000.0	
2006-09-30																																																																																																																																																		1412000000	4370000000	3425000000	3425000000	608000000	584000000	179000000	804000000				252000000.0				66000000	721000000	179000000		0		661000000	718000000	542000000	1055000000					66000000	145000000		-57000000		357000000	53000000											-1000000		-1621000000.0	
2006-06-30																																																																																																																																																		1325000000	4370000000	3045000000	3045000000	566000000	584000000	175000000	759000000				0.0				57000000	661000000	189000000		0		566000000	623000000	472000000	1007000000					57000000	237000000		-9000000		3086000000	129000000											73000000		1667000000.0	
2006-03-31																																																																																																																																																		1297000000	4359000000	3062000000	3062000000	529000000	592000000	176000000	768000000				76000000.0				50000000	605000000	195000000		0		529000000	579000000	410000000	-125000000					50000000	193000000		40000000		2462000000	-141000000											-275000000		2196000000.0	
2005-12-31																																																																																																																																																		1564000000	5749000000	4185000000	4185000000	750000000	632000000	182000000	814000000				81000000.0				52000000	831000000	266000000		0		750000000	802000000	565000000	283000000					52000000	82000000		-79000000		93000000	283000000											134000000		659000000.0	
