	Tax Effect Of Unusual Items	Tax Rate For Calcs	Normalized EBITDA	Total Unusual Items	Total Unusual Items Excluding Goodwill	Net Income From Continuing Operation Net Minority Interest	Reconciled Depreciation	Reconciled Cost Of Revenue	EBITDA	EBIT	Net Interest Income	Interest Expense	Interest Income	Normalized Income	Net Income From Continuing And Discontinued Operation	Total Expenses	Total Operating Income As Reported	Diluted Average Shares	Basic Average Shares	Diluted EPS	Basic EPS	Diluted NI Availto Com Stockholders	Net Income Common Stockholders	Net Income	Minority Interests	Net Income Including Noncontrolling Interests	Net Income Discontinuous Operations	Net Income Continuous Operations	Tax Provision	Pretax Income	Other Income Expense	Other Non Operating Income Expenses	Special Income Charges	Gain On Sale Of Security	Net Non Operating Interest Income Expense	Interest Expense Non Operating	Interest Income Non Operating	Operating Income	Operating Expense	Other Operating Expenses	Depreciation Amortization Depletion Income Statement	Depreciation And Amortization In Income Statement	Selling General And Administration	Gross Profit	Cost Of Revenue	Total Revenue	Operating Revenue	Treasury Shares Number	Ordinary Shares Number	Share Issued	Net Debt	Total Debt	Tangible Book Value	Invested Capital	Working Capital	Net Tangible Assets	Capital Lease Obligations	Common Stock Equity	Total Capitalization	Total Equity Gross Minority Interest	Minority Interest	Stockholders Equity	Gains Losses Not Affecting Retained Earnings	Other Equity Adjustments	Treasury Stock	Retained Earnings	Additional Paid In Capital	Capital Stock	Common Stock	Total Liabilities Net Minority Interest	Total Non Current Liabilities Net Minority Interest	Other Non Current Liabilities	Liabilities Heldfor Sale Non Current	Non Current Deferred Liabilities	Non Current Deferred Revenue	Non Current Deferred Taxes Liabilities	Long Term Debt And Capital Lease Obligation	Long Term Capital Lease Obligation	Long Term Debt	Long Term Provisions	Current Liabilities	Current Deferred Liabilities	Current Deferred Revenue	Current Debt And Capital Lease Obligation	Current Capital Lease Obligation	Current Debt	Other Current Borrowings	Payables And Accrued Expenses	Current Accrued Expenses	Interest Payable	Payables	Other Payable	Dividends Payable	Total Tax Payable	Income Tax Payable	Accounts Payable	Total Assets	Total Non Current Assets	Other Non Current Assets	Non Current Deferred Assets	Non Current Deferred Taxes Assets	Goodwill And Other Intangible Assets	Other Intangible Assets	Goodwill	Net PPE	Accumulated Depreciation	Gross PPE	Construction In Progress	Other Properties	Buildings And Improvements	Land And Improvements	Properties	Current Assets	Other Current Assets	Assets Held For Sale Current	Restricted Cash	Prepaid Assets	Receivables	Other Receivables	Taxes Receivable	Accounts Receivable	Allowance For Doubtful Accounts Receivable	Gross Accounts Receivable	Cash Cash Equivalents And Short Term Investments	Cash And Cash Equivalents	Free Cash Flow	Repayment Of Debt	Issuance Of Debt	Capital Expenditure	Interest Paid Supplemental Data	Income Tax Paid Supplemental Data	End Cash Position	Beginning Cash Position	Effect Of Exchange Rate Changes	Changes In Cash	Financing Cash Flow	Cash Flow From Continuing Financing Activities	Net Other Financing Charges	Proceeds From Stock Option Exercised	Cash Dividends Paid	Common Stock Dividend Paid	Net Issuance Payments Of Debt	Net Short Term Debt Issuance	Short Term Debt Issuance	Net Long Term Debt Issuance	Long Term Debt Payments	Long Term Debt Issuance	Investing Cash Flow	Cash Flow From Continuing Investing Activities	Net Other Investing Changes	Net Investment Purchase And Sale	Sale Of Investment	Net Business Purchase And Sale	Sale Of Business	Purchase Of Business	Net PPE Purchase And Sale	Purchase Of PPE	Operating Cash Flow	Cash Flow From Continuing Operating Activities	Change In Working Capital	Change In Other Working Capital	Change In Other Current Liabilities	Change In Other Current Assets	Other Non Cash Items	Stock Based Compensation	Depreciation Amortization Depletion	Depreciation And Amortization	Operating Gains Losses	Gain Loss On Sale Of Business	Net Income From Continuing Operations	reportedCurrency	grossProfit	totalRevenue	costOfRevenue	costofGoodsAndServicesSold	operatingIncome	sellingGeneralAndAdministrative	researchAndDevelopment	operatingExpenses	investmentIncomeNet	netInterestIncome	interestIncome	interestExpense	nonInterestIncome	otherNonOperatingIncome	depreciation	depreciationAndAmortization	incomeBeforeTax	incomeTaxExpense	interestAndDebtExpense	netIncomeFromContinuingOperations	comprehensiveIncomeNetOfTax	ebit	ebitda	netIncome	totalAssets	totalCurrentAssets	cashAndCashEquivalentsAtCarryingValue	cashAndShortTermInvestments	inventory	currentNetReceivables	totalNonCurrentAssets	propertyPlantEquipment	accumulatedDepreciationAmortizationPPE	intangibleAssets	intangibleAssetsExcludingGoodwill	goodwill	investments	longTermInvestments	shortTermInvestments	otherCurrentAssets	otherNonCurrentAssets	totalLiabilities	totalCurrentLiabilities	currentAccountsPayable	deferredRevenue	currentDebt	shortTermDebt	totalNonCurrentLiabilities	capitalLeaseObligations	longTermDebt	currentLongTermDebt	longTermDebtNoncurrent	shortLongTermDebtTotal	otherCurrentLiabilities	otherNonCurrentLiabilities	totalShareholderEquity	treasuryStock	retainedEarnings	commonStock	commonStockSharesOutstanding	reportedDate	reportedEPS	estimatedEPS	surprise	surprisePercentage	reportTime
2025-12-31																																																																																																																																																																												1935700000.0	2738000000.0	802300000.0	802300000.0	1160700000.0	240000000.0		775000000.0				350000000.0				535000000.0	964900000.0	128100000.0				1314900000.0	1849900000.0	821000000.0	63190400000.0	2494800000.0	1474800000.0	1474800000.0		650300000.0	60695600000.0			14530700000.0	14530700000.0	12255500000.0				369700000.0		52835100000.0	6913800000.0	259800000.0			3972700000.0	48862400000.0					44963900000.0	2356300000.0		3652500000.0		-5086000000.0	4800000.0	469142857.0		1.75	1.4699	0.2801	19.0557	
2025-09-30	702000.0	0.039	1802000000.0	18000000.0	18000000.0	853300000.0	522900000.0	710800000.0	1820000000.0	1297100000.0	-311000000.0	347100000.0	36100000.0	836002000.0	853300000.0	1484100000.0	1233300000.0	469039000.0	468287000.0	1.82	1.82	853300000.0	853300000.0	853300000.0	-59300000.0	912600000.0	0.0	912600000.0	37400000.0	950000000.0	27700000.0	9700000.0		18000000.0	-311000000.0	347100000.0	36100000.0	1233300000.0	773300000.0	17400000.0	522900000.0	522900000.0	233000000.0	2006600000.0	710800000.0	2717400000.0	2717400000.0	11004447.0	468290797.0	479295244.0	35288200000.0	45011200000.0	-23045200000.0	41191600000.0	-2458100000.0	-23045200000.0	7772300000.0	3952700000.0	38803900000.0	10765900000.0	6813200000.0	3952700000.0	-4817700000.0	-4817700000.0	1301200000.0	-5111300000.0	15178100000.0	4800000.0	4800000.0	53122800000.0	47129300000.0	1067800000.0		1513400000.0		1513400000.0	42008100000.0	7156900000.0	34851200000.0	2540000000.0	5993500000.0	437600000.0	437600000.0	3003100000.0	615400000.0	2387700000.0	2387700000.0	2552800000.0	1074800000.0	267800000.0	1478000000.0	193300000.0	820600000.0	225100000.0	23300000.0	239000000.0	63888700000.0	60353300000.0	821400000.0	3978800000.0	166000000.0	26997900000.0	14742400000.0	12255500000.0	28555200000.0		28555200000.0		28555200000.0				3535400000.0	219700000.0		150100000.0	214900000.0	1000000000.0	222400000.0	40600000.0	737000000.0			1950700000.0	1950700000.0	994500000.0	-2482200000.0	2268300000.0	-465500000.0	421000000.0	40400000.0	2100800000.0	2209600000.0	-4100000.0	-104700000.0	-1014200000.0	-1014200000.0	-8500000.0	4500000.0	-796300000.0	-796300000.0	-213900000.0	5307300000.0	5307300000.0	-5521200000.0	-2482200000.0	-3039000000.0	-550500000.0	-550500000.0	2900000.0	0.0	0.0	-87900000.0		-87900000.0	-465500000.0	-465500000.0	1460000000.0	1460000000.0	-5500000.0	7400000.0	5000000.0	-17900000.0	-11900000.0	41900000.0	522900000.0	522900000.0			912600000.0		2041400000.0	2717400000.0	676000000.0	676000000.0	1268100000.0	233000000.0		773300000.0		-311000000.0	36100000.0	347100000.0				522900000.0	950000000.0	37400000.0		912600000.0		950000000.0	1472900000.0	853300000.0	63888700000.0	3535400000.0	1950700000.0	1950700000.0		1000000000.0	60353300000.0	28555200000.0		14742400000.0	14742400000.0	12255500000.0				584700000.0		53122800000.0	5993500000.0	239000000.0			3003100000.0	47129300000.0	7772300000.0	34851200000.0	2387700000.0		45011200000.0	2313800000.0	1067800000.0	3952700000.0		-5111300000.0	4800000.0	468856000.0		1.82	1.65	0.17	10.303	
2025-06-30	-124388000.0	0.257	1848700000.0	-484000000.0	-484000000.0	366800000.0	510300000.0	688700000.0	1364700000.0	854400000.0	-312000000.0	342600000.0	30600000.0	726412000.0	366800000.0	1429200000.0	1197700000.0	468791000.0	468178000.0	0.78	0.78	366800000.0	366800000.0	366800000.0	-13700000.0	380500000.0	0.0	380500000.0	131300000.0	511800000.0	-373900000.0	110100000.0		-484000000.0	-312000000.0	342600000.0	30600000.0	1197700000.0	740500000.0	-3500000.0	510300000.0	510300000.0	233700000.0	1938200000.0	688700000.0	2626900000.0	2626900000.0	11004447.0	468224049.0	479228496.0	35408500000.0	45213200000.0	-23495800000.0	41197300000.0	-2262200000.0	-23495800000.0	7728700000.0	3712800000.0	38906500000.0	10478900000.0	6766100000.0	3712800000.0	-4959700000.0	-4959700000.0	1301200000.0	-5164400000.0	15133300000.0	4800000.0	4800000.0	53275600000.0	47412000000.0	1032200000.0		1546000000.0		1546000000.0	42308800000.0	7115100000.0	35193700000.0	2525000000.0	5863600000.0	419700000.0	419700000.0	2904400000.0	613600000.0	2290800000.0	2290800000.0	2539500000.0	1071300000.0	347400000.0	1468200000.0	194200000.0	817700000.0	226600000.0	16700000.0	229700000.0	63754500000.0	60153100000.0	824500000.0	3936500000.0	157000000.0	27208600000.0	14963100000.0	12245500000.0	28183500000.0		28183500000.0		28183500000.0				3601400000.0	123100000.0		133600000.0	211300000.0	1057400000.0	246800000.0	38500000.0	772100000.0			2076000000.0	2076000000.0	976900000.0	-3477500000.0	3344300000.0	-304600000.0	314100000.0	98500000.0	2209600000.0	2239200000.0	86700000.0	-116300000.0	-906700000.0	-906700000.0	11800000.0	10900000.0	-796200000.0	-796200000.0	-133200000.0	-850000000.0	-850000000.0	716800000.0	-3477500000.0	4194300000.0	-491100000.0	-491100000.0	-1800000.0	0.0	0.0	-184700000.0		-184700000.0	-304600000.0	-304600000.0	1281500000.0	1281500000.0	-145600000.0	-91200000.0	9600000.0	-64000000.0	489000000.0	47300000.0	510300000.0	510300000.0			380500000.0		1938200000.0	2626900000.0	688700000.0	688700000.0	1197700000.0	233700000.0		740500000.0		-312000000.0	796000000.0	342600000.0				510300000.0	511800000.0	131300000.0		380500000.0		1197700000.0	1708000000.0	366800000.0	63754500000.0	3601400000.0	2076000000.0	2076000000.0		1057400000.0	60153100000.0	28183500000.0		14963100000.0	14963100000.0	12245500000.0				468000000.0		53275600000.0	5863600000.0	229700000.0			2904400000.0	47412000000.0	7728700000.0	35193700000.0	2290800000.0		45213200000.0	2309800000.0	1032200000.0	3712800000.0		-5164400000.0	4800000.0	468717000.0		0.78	1.66	-0.88	-53.012	
2025-03-31	-66720100.0	0.193	1781000000.0	-345700000.0	-345700000.0	488700000.0	492500000.0	634500000.0	1435300000.0	942800000.0	-298400000.0	325300000.0	26900000.0	767679900.0	488700000.0	1308700000.0	1254100000.0	468519000.0	467640000.0	1.04	1.05	488700000.0	488700000.0	488700000.0	-9900000.0	498600000.0	0.0	498600000.0	118900000.0	617500000.0	-338200000.0	7500000.0		-345700000.0	-298400000.0	325300000.0	26900000.0	1254100000.0	674200000.0	-55800000.0	492500000.0	492500000.0	237500000.0	1928300000.0	634500000.0	2562800000.0	2562800000.0	11004447.0	468127120.0	479131567.0	34758600000.0	44383600000.0	-23029200000.0	40397100000.0	-2815900000.0	-23029200000.0	7521300000.0	3534800000.0	37580200000.0	9936300000.0	6401500000.0	3534800000.0	-5514000000.0	-5514000000.0	1301200000.0	-4732500000.0	15077700000.0	4800000.0	4800000.0	52119300000.0	45797300000.0	1019900000.0		1357900000.0		1357900000.0	40974200000.0	6928800000.0	34045400000.0	2445300000.0	6322000000.0	450500000.0	450500000.0	3409400000.0	592500000.0	2816900000.0	2816900000.0	2462100000.0	1030900000.0	325200000.0	1431200000.0	169700000.0	816200000.0	245700000.0	47900000.0	199600000.0	62055600000.0	58549500000.0	691800000.0	3861100000.0	133000000.0	26564000000.0	14642500000.0	11921500000.0	27432600000.0		27432600000.0		27432600000.0				3506100000.0	119200000.0		135500000.0	179400000.0	968300000.0	243100000.0	41900000.0	683300000.0			2103700000.0	2103700000.0	963900000.0	-1840700000.0	1849200000.0	-331100000.0	370100000.0	32900000.0	2239200000.0	2108200000.0	29900000.0	101100000.0	-843800000.0	-843800000.0	-103000000.0	19200000.0	-768500000.0	-768500000.0	8500000.0	850000000.0	850000000.0	-841500000.0	-1840700000.0	999200000.0	-350100000.0	-350100000.0	-9100000.0	137700000.0	137700000.0	-147600000.0		-147600000.0	-331100000.0	-331100000.0	1295000000.0	1295000000.0	-116400000.0	92700000.0	-53300000.0	-155800000.0	366900000.0	53400000.0	492500000.0	492500000.0			498600000.0		1928300000.0	2562800000.0	634500000.0	634500000.0	1254100000.0	237500000.0		674200000.0		-298400000.0	26900000.0	325300000.0				492500000.0	617500000.0	118900000.0		498600000.0		942800000.0	1435300000.0	488700000.0	62055600000.0	3506100000.0	2103700000.0	2103700000.0		968300000.0	58549500000.0	27432600000.0		14642500000.0	14642500000.0	11921500000.0			0.0	434100000.0		52119300000.0	6322000000.0	199600000.0			3409400000.0	45797300000.0	7521300000.0	34045400000.0	2816900000.0		44383600000.0	2262500000.0	1019900000.0	3534800000.0		-4732500000.0	4800000.0	468519000.0		1.04	1.5651	-0.5251	-33.5506	
2024-12-31	26101432.181971	0.057594	1674600000.0	453200000.0	453200000.0	1229600000.0	500900000.0	654400000.0	2127800000.0	1626900000.0	-289100000.0	321200000.0	32100000.0	802501432.181971	1229600000.0	1381000000.0	1080100000.0	468418000.0	467337000.0	2.62	2.63	1229600000.0	1229600000.0	1229600000.0	-900000.0	1230500000.0	0.0	1230500000.0	75200000.0	1305700000.0	428200000.0	-25000000.0	-86500000.0	539700000.0	-289100000.0	321200000.0	32100000.0	1166600000.0	726600000.0	-17400000.0	500900000.0	500900000.0	243100000.0	1893200000.0	654400000.0	2547600000.0	2547600000.0	11004447.0	467384103.0	478388550.0	34502200000.0	43954100000.0	-22860200000.0	39884000000.0	-3896800000.0	-22860200000.0	7452300000.0	3382200000.0	36191000000.0	9648700000.0	6266500000.0	3382200000.0	-5954600000.0	-5954600000.0	1301200000.0	-4424100000.0	15057300000.0	4800000.0	4800000.0	51428700000.0	44353100000.0	492000000.0	0.0	1782900000.0	520900000.0	1262000000.0	39684400000.0	6875600000.0	32808800000.0	2393800000.0	7075600000.0	329200000.0	329200000.0	4269700000.0	576700000.0	3693000000.0	3693000000.0	2476700000.0	1054600000.0	373600000.0	1422100000.0	181100000.0	780300000.0	219900000.0	20600000.0	240800000.0	61077400000.0	57898600000.0	676900000.0	3832900000.0	122700000.0	26242400000.0	14474300000.0	11768100000.0	27146400000.0	-11005700000.0	38152100000.0	1298400000.0	28756400000.0	3786300000.0	4311000000.0	0.0	3178800000.0	126000000.0	0.0	108600000.0	159800000.0	784800000.0	189300000.0	55500000.0	540000000.0	-404100000.0	944100000.0	1999600000.0	1999600000.0	755600000.0	-1993800000.0	1979500000.0	-443400000.0	207600000.0	126400000.0	2108200000.0	2282200000.0	-103800000.0	-70200000.0	-908500000.0	-908500000.0	-144500000.0	8300000.0	-758000000.0	-758000000.0	-14300000.0	-6147900000.0	-6147900000.0	6133600000.0	-1993800000.0	8127400000.0	-360700000.0	-360700000.0	90800000.0	0.0	0.0	-8100000.0	0.0	-8100000.0	-443400000.0	-443400000.0	1199000000.0	1199000000.0	-49300000.0	-211900000.0	64500000.0		-293800000.0	41900000.0	500900000.0	500900000.0	-380100000.0	0.0	1230500000.0		1893200000.0	2547600000.0	654400000.0	654400000.0	1080100000.0	243100000.0		813100000.0		-289100000.0	32100000.0	321200000.0				500900000.0	1305700000.0	75200000.0		1230500000.0		1626900000.0	2127800000.0	1229600000.0	61077400000.0	3178800000.0	1999600000.0	1999600000.0		784800000.0	57898600000.0	27146400000.0		14474300000.0	14474300000.0	11768100000.0				394400000.0		51428700000.0	7075600000.0	240800000.0			4269700000.0	44353100000.0	7452300000.0	32808800000.0	3693000000.0		43954100000.0	2016000000.0	492000000.0	3382200000.0		-4424100000.0	4800000.0	468418000.0		2.62	1.57	1.05	66.879	
2024-09-30	-74902800.0	0.222	1757500000.0	-337400000.0	-337400000.0	416200000.0	512800000.0	637500000.0	1420100000.0	907300000.0	-319100000.0	356800000.0	37700000.0	678697200.0	-792300000.0	1383100000.0	1139200000.0	468261000.0	467196000.0	-1.7	-1.7	-792300000.0	-792300000.0	-792300000.0	-11900000.0	-780400000.0	-1208500000.0	428100000.0	122400000.0	550500000.0	-269600000.0	67800000.0	0.0	-337400000.0	-319100000.0	356800000.0	37700000.0	1139200000.0	731300000.0	5100000.0	498500000.0	498500000.0	227700000.0	1870500000.0	651800000.0	2522300000.0	2522300000.0	11004447.0	467276568.0	478281015.0	34948000000.0	44781300000.0	-23599100000.0	40740000000.0	-3669900000.0	-23599100000.0	7683000000.0	3641700000.0	37009500000.0	10192900000.0	6551200000.0	3641700000.0	-5182200000.0	-5182200000.0	1301200000.0	-4893500000.0	15013800000.0	4800000.0	4800000.0	52623900000.0	45554400000.0	1198900000.0	0.0	1401400000.0		1401400000.0	40451000000.0	7083200000.0	33367800000.0	2503100000.0	7069500000.0	496200000.0	496200000.0	4330300000.0	599800000.0	3730500000.0	3730500000.0	2243000000.0	919400000.0	260100000.0	1323600000.0	84300000.0	779300000.0	238700000.0	29500000.0	221300000.0	62816800000.0	59417200000.0	764300000.0	3805700000.0	143300000.0	27240800000.0	15195100000.0	12045700000.0	27606400000.0		27606400000.0		27606400000.0				3399600000.0	100400000.0	0.0	131900000.0	204300000.0	812700000.0	243000000.0	31900000.0	537800000.0			2150300000.0	2150300000.0	1044700000.0	-3246100000.0	1050100000.0	-424700000.0	413600000.0	45200000.0	2282200000.0	2618600000.0	23400000.0	-359800000.0	-3125800000.0	-3125800000.0	-186500000.0	14400000.0	-757700000.0	-757700000.0	-2196000000.0	6148000000.0	6148000000.0	-8344000000.0	-3246100000.0	-5097900000.0	1296600000.0	1296600000.0	-379300000.0	1700000.0	1700000.0	2098900000.0		-59900000.0	-424700000.0	-424700000.0	1469400000.0	1469400000.0	89900000.0	20700000.0	80300000.0	-11100000.0	351100000.0	50500000.0	512800000.0	512800000.0			-780400000.0		1870500000.0	2522300000.0	651800000.0	651800000.0	1139200000.0	227700000.0		731300000.0		-319100000.0	37700000.0	356800000.0				512800000.0	550500000.0	122400000.0		428100000.0		907300000.0	1420100000.0	-792300000.0	62816800000.0	3399600000.0	2150300000.0	2150300000.0	204300000.0	812700000.0	59417200000.0	27606400000.0		15195100000.0	15195100000.0	12045700000.0				436600000.0		52623900000.0	7069500000.0	221300000.0			4330300000.0	45554400000.0	7683000000.0	33367800000.0	3730500000.0		44781300000.0	1783000000.0	1198900000.0	3641700000.0		-4893500000.0	4800000.0	468261000.0		0.89	1.57	-0.68	-43.3121	
2024-06-30																																	0.0																																																																																																																																		-19900000.0									2078400000.0	2900300000.0	821900000.0	821900000.0	1284300000.0	234300000.0		794100000.0		-321700000.0	43700000.0	365400000.0				561700000.0	1028400000.0	120000000.0		908400000.0		1393800000.0	1955500000.0	900300000.0	65837800000.0	4114100000.0	2492100000.0	2492100000.0		1116900000.0	61723700000.0			15759100000.0	15759100000.0	12483100000.0				505100000.0		55414300000.0	6888700000.0	206000000.0			4032600000.0	48525600000.0	8421100000.0	35639200000.0	3329200000.0		47389500000.0	1928400000.0	1207100000.0	3856000000.0		-3340800000.0	4800000.0	467781000.0		1.92	1.57	0.35	22.293	
2024-03-31																																																																																																																																																																												2045800000.0	2834100000.0	788300000.0	788300000.0	1236600000.0	257000000.0		809200000.0		-318700000.0	48000000.0	366700000.0				549400000.0	1030900000.0	109200000.0		921700000.0		1397600000.0	1947000000.0	917400000.0	66679000000.0	4239700000.0	2389100000.0	2389100000.0	1.0	1180200000.0	62439300000.0			16119300000.0	16119300000.0	12556800000.0				670400000.0		56017300000.0	6729800000.0	182100000.0			3782800000.0	49287500000.0	8581500000.0	36191900000.0	3067600000.0		47841000000.0	1899300000.0	1227800000.0	4047800000.0		-3481200000.0	4800000.0	467660000.0		1.96	1.78	0.18	10.1124	
2023-12-31																																																																																																																																																																												1975300000.0	2786700000.0	811400000.0	811400000.0	716900000.0	252300000.0		1258400000.0		-314400000.0	36300000.0	350700000.0				764900000.0	35200000.0	21900000.0		13300000.0		385900000.0	1150800000.0	84900000.0	66027600000.0	3710000000.0	1753700000.0	1753700000.0		813200000.0	62317600000.0			16520700000.0	16520700000.0	12639000000.0				1143100000.0		55162200000.0	7249300000.0	251300000.0			3757700000.0	47912900000.0	8233300000.0	35734000000.0	3187500000.0		46307000000.0	2490000000.0	745300000.0	4198200000.0		-3638800000.0	4800000.0	467453000.0		0.18	0.94	-0.76	-80.8511	
2023-09-30																																																																																																																																																																												1883100000.0	2521100000.0	638000000.0	638000000.0	913000000.0	231900000.0		970100000.0		-313500000.0	45700000.0	356500000.0				762900000.0	824300000.0	49500000.0		577300000.0		1180800000.0	1943700000.0	586900000.0	65653000000.0	3849900000.0	2118900000.0	2118900000.0	112700000.0	1047800000.0	61803100000.0	28413100000.0		16655100000.0	16655100000.0	12569700000.0		24400000.0		683200000.0		54418500000.0	6868700000.0	216200000.0			3937100000.0	47549800000.0	8216300000.0	35442400000.0	3157500000.0		46816200000.0	1918200000.0	1135100000.0	4533300000.0		-2927400000.0	4800000.0	467161000.0		1.26	1.13	0.13	11.5044	
2023-06-30																																																																																																																																																																												1944400000.0	2771700000.0	827300000.0	827300000.0	873700000.0	244400000.0		1070700000.0		-317500000.0	30600000.0	348100000.0		-50900000.0		764600000.0	474700000.0	13200000.0		461500000.0		822800000.0	1587400000.0	475700000.0	66879000000.0	3681400000.0	2015700000.0	2015700000.0	133700000.0	1071400000.0	63197600000.0	28740500000.0		17286000000.0	17286000000.0	13050700000.0				594300000.0		54871800000.0	6925700000.0	216200000.0			3999600000.0	47946100000.0	8381900000.0	35589500000.0	3205100000.0		47176500000.0	1877500000.0	1158600000.0	5166400000.0		-2755800000.0	4800000.0	466979000.0		1.02	1.1	-0.08	-7.2727	
2023-03-31																																																																																																																																																																												1961100000.0	2767200000.0	806100000.0	806100000.0	775600000.0	391400000.0		1185500000.0		-309400000.0	225300000.0	340200000.0		-67000000.0		794100000.0	368400000.0	53400000.0		315000000.0		708600000.0	1502700000.0	335800000.0	66817700000.0	3450100000.0	1803000000.0	1803000000.0	122400000.0	1072100000.0	63367600000.0	28795700000.0		17637100000.0	17637100000.0	12997200000.0				575000000.0		54567400000.0	7532100000.0	206000000.0			4646500000.0	47035300000.0	8367000000.0	34685600000.0	3856400000.0		46909000000.0	1819400000.0	10844100000.0	5406600000.0		-2496500000.0	4800000.0	466810000.0		0.72	1.09	-0.37	-33.945	
2022-12-31																																																																																																																																																																												1900000000.0	2705000000.0	805000000.0	805000000.0	192000000.0	224300000.0		1708000000.0		-274900000.0	936800000.0	303500000.0		-647100000.0		814700000.0	-758600000.0	-42000000.0		-716600000.0		-455100000.0	359600000.0	-683800000.0	67194500000.0	3622300000.0	2028400000.0	2028400000.0	112300000.0	1125700000.0	63572200000.0	28917200000.0		17983300000.0	17983300000.0	12956700000.0				468200000.0		54786000000.0	8311900000.0	218600000.0			5303100000.0	46474100000.0	8380800000.0	34156000000.0	4514200000.0		47051000000.0	2050600000.0	697300000.0	5572400000.0		-2101900000.0	4800000.0	466696000.0		-1.47	1.04	-2.51	-241.3462	
2022-09-30																																																																																																																																																																												1835000000.0	2671500000.0	836500000.0	836500000.0	652900000.0	231200000.0		1182100000.0		-275200000.0	199300000.0	294000000.0		496900000.0		898100000.0	855800000.0	36100000.0		819700000.0		1149800000.0	2047900000.0	839700000.0	66512800000.0	3759000000.0	2121800000.0	2121800000.0	414700000.0	1119000000.0	62753800000.0	28260100000.0		18320300000.0	18320300000.0	12686200000.0				518200000.0		54194200000.0	6622600000.0	212000000.0			3781500000.0	47571600000.0	8332700000.0	35313900000.0	3015200000.0		46661800000.0	1799700000.0	10760900000.0	6281800000.0		-689300000.0	4800000.0	466801003.0		1.8	1.13	0.67	59.292	
2022-06-30																																																																																																																																																																												1851400000.0	2674300000.0	822900000.0	822900000.0	782300000.0	222900000.0		1069100000.0		-262300000.0	14300000.0	276600000.0		392600000.0		826500000.0	898300000.0	7400000.0		890900000.0		1174900000.0	2001400000.0	898200000.0	68116800000.0	3725600000.0	2066700000.0	2066700000.0	136400000.0	1169600000.0	64391200000.0	28875200000.0		19225600000.0	19225600000.0	12969500000.0				489300000.0		57390600000.0	7461700000.0	194500000.0			4366500000.0	49928900000.0	8624600000.0	37240100000.0	3603900000.0		49468600000.0	1869800000.0	11083900000.0	6958700000.0	-1282400000.0	-842300000.0	4800000.0	459819003.0		1.95	0.96	0.99	103.125	
2022-03-31																																																																																																																																																																												1860900000.0	2660300000.0	799400000.0	799400000.0	725100000.0	293900000.0		1135800000.0		-252500000.0	9900000.0	262400000.0		262500000.0		815800000.0	725200000.0	22500000.0		702700000.0		987600000.0	1803400000.0	711700000.0	69763500000.0	3791900000.0	1941500000.0	1941500000.0	574700000.0	1187100000.0	65971600000.0	29183500000.0		20224800000.0	20224800000.0	13306600000.0				663300000.0		60512800000.0	9300000000.0	215400000.0			6041300000.0	51212800000.0	8758500000.0	38154500000.0	5309900000.0		52222900000.0	1730600000.0	11272900000.0	5363000000.0	-1282400000.0	-1072400000.0	4700000.0	457211000.0		1.56	1.12	0.44	39.2857	
2021-12-31																																																																																																																																																																												1709700000.0	2445200000.0	735500000.0	735500000.0	626600000.0	439200000.0		1083100000.0		-212100000.0	1192100000.0	224100000.0		137400000.0		643900000.0	528500000.0	87300000.0		441200000.0		752600000.0	1396500000.0	453400000.0	69887900000.0	3729400000.0	1949900000.0	1949900000.0	-353500000.0	1082400000.0	66158500000.0	29009100000.0		20727200000.0	20727200000.0	13350100000.0				697100000.0		60818300000.0	9067300000.0	272400000.0			5281300000.0	51751000000.0	8754400000.0	38685500000.0	4568700000.0		52008600000.0	1969500000.0	11234600000.0	5081200000.0	-1282400000.0	-1142400000.0	4700000.0	457131003.0		0.99	1.15	-0.16	-13.913	
2021-09-30																																																																																																																																																																												1730000000.0	2454300000.0	724300000.0	724300000.0	827500000.0	205900000.0		902500000.0		-216700000.0	36200000.0	226100000.0		176200000.0		611400000.0	777600000.0	51400000.0		726200000.0		1003700000.0	1615100000.0	723000000.0	60530000000.0	5041900000.0	3277200000.0	3277200000.0	603300000.0	1079500000.0	55488100000.0	23290000000.0		18768400000.0	18768400000.0	10480800000.0				685200000.0		50841600000.0	6524100000.0	217400000.0			2840700000.0	44317500000.0	8597500000.0	31439000000.0	2106400000.0		42142900000.0	1744600000.0	1157600000.0	5411200000.0	-1282400000.0	-960400000.0	4700000.0	456977003.0		1.58	1.2	0.38	31.6667	
2021-06-30																																																																																																																																																																												1651000000.0	2298900000.0	647900000.0	647900000.0	849200000.0	207200000.0		801800000.0		-206100000.0	59200000.0	213700000.0		185200000.0		554800000.0	820700000.0	72800000.0		747900000.0		1034400000.0	1589200000.0	746300000.0	58982900000.0	3356000000.0	1928000000.0	1928000000.0	293900000.0	1017100000.0	55626900000.0	23409700000.0		18785000000.0	18785000000.0	10575400000.0				410900000.0		51950100000.0	5952100000.0	193800000.0			3359500000.0	45998000000.0	8759500000.0	32947600000.0	2636000000.0		44343100000.0	1583400000.0	1126700000.0	5754200000.0	-1282400000.0	-1085000000.0	4700000.0	452354003.0		1.65	1.29	0.36	27.907	
2021-03-31																																																																																																																																																																												1584200000.0	2158500000.0	574300000.0	574300000.0	828700000.0	233000000.0		755500000.0		-195600000.0	11400000.0	207000000.0		69500000.0		522500000.0	702600000.0	50300000.0		652300000.0		909600000.0	1432100000.0	645000000.0	46942500000.0	3021600000.0	1913600000.0	1913600000.0	256200000.0	756600000.0	43920900000.0	20432400000.0		13507300000.0	13507300000.0	7262400000.0				351400000.0		42390700000.0	4196600000.0	130100000.0			1892300000.0	38194100000.0	7368700000.0	27990300000.0	1336500000.0		36695500000.0	1423400000.0	9349100000.0	3883400000.0	-1282400000.0	-1251800000.0	4600000.0	446294003.0		1.45	1.27	0.18	14.1732	
2020-12-31																																																																																																																																																																												1552900000.0	2122500000.0	569600000.0	569600000.0	674300000.0	217800000.0		878600000.0		-184600000.0	11500000.0	196100000.0		-58500000.0		481000000.0	419700000.0	58100000.0		361600000.0		616000000.0	1097000000.0	365100000.0	47233500000.0	2905600000.0	1746300000.0	1746300000.0	115100000.0	754800000.0	44327900000.0	20597900000.0		13839800000.0	13839800000.0	7282700000.0				404500000.0		42453000000.0	3655500000.0	139100000.0			1329700000.0	38797500000.0	7424300000.0	28497700000.0	789800000.0		36711800000.0	1556400000.0	9440300000.0	4093500000.0	-1282400000.0	-1343000000.0	4600000.0	446347003.0		0.82	1.27	-0.45	-35.4331	
2020-09-30																																																																																																																																																																												1450300000.0	2012900000.0	562600000.0	562600000.0	785100000.0	176000000.0		665200000.0		-181200000.0	181200000.0	190900000.0		-92000000.0		473900000.0	502200000.0	39300000.0		462900000.0		693100000.0	1167000000.0	464400000.0	41462200000.0	2852500000.0	1626000000.0	1626000000.0	397600000.0	744200000.0	38609700000.0	18895600000.0		11517300000.0	11517300000.0	5848600000.0				482300000.0		36718200000.0	3266100000.0	117000000.0			1258600000.0	33452100000.0	6911700000.0	24011000000.0	771300000.0		31694000000.0	1291900000.0	8670700000.0	3731700000.0	-1282400000.0	-1168800000.0	4500000.0	446156003.0		1.04	1.1	-0.06	-5.4545	
2020-06-30																																																																																																																																																																												1373000000.0	1913000000.0	540000000.0	540000000.0	691300000.0	188600000.0		681700000.0		-189300000.0	8400000.0	197700000.0		-34100000.0		454900000.0	459500000.0	11100000.0		448400000.0		657200000.0	1112100000.0	446100000.0	41515900000.0	3226600000.0	2038100000.0	2038100000.0	378400000.0	732300000.0	38289300000.0	18479800000.0		11613800000.0	11613800000.0	5822400000.0				456200000.0		36913300000.0	5944900000.0	108200000.0			3860300000.0	30968400000.0	6581100000.0	21849200000.0	3366000000.0		31796300000.0	1345000000.0	8315000000.0	3620300000.0	-1282400000.0	-1125100000.0	4500000.0	445867003.0		1.0	1.03	-0.03	-2.9126	
2020-03-31																																																																																																																																																																												1441100000.0	1993100000.0	552000000.0	552000000.0	736800000.0	217800000.0		704300000.0		-198700000.0	10100000.0	208800000.0		-88300000.0		472300000.0	439700000.0	21100000.0		418600000.0		648500000.0	1120800000.0	415000000.0	40789100000.0	2504900000.0	1326000000.0	1326000000.0	333800000.0	785000000.0	38284200000.0	18419600000.0		11600600000.0	11600600000.0	5948800000.0				393900000.0		36183100000.0	5154400000.0	120600000.0			3116800000.0	31028700000.0	6614600000.0	21937400000.0	2640000000.0		31192000000.0	1239800000.0	8360300000.0	3634400000.0	-1271500000.0	-1082500000.0	4500000.0	445832003.0		0.93	1.05	-0.12	-11.4286	
2019-12-31																																																																																																																																																																												1373500000.0	1923700000.0	550200000.0	550200000.0	661300000.0	179600000.0		712200000.0		-190400000.0	10500000.0	200900000.0		20900000.0		9700000.0	468900000.0	-100500000.0		569400000.0		669800000.0	679500000.0	562700000.0	42801600000.0	2553800000.0	1501200000.0	1501200000.0	76800000.0	675800000.0	40247800000.0	19441800000.0		12318400000.0	12318400000.0	6178300000.0				376800000.0		36214700000.0	5487700000.0	148100000.0			3422700000.0	30727000000.0	7004900000.0	21127200000.0	2928200000.0		31060300000.0	1369300000.0	8831500000.0	5055400000.0	-1226400000.0	-1016800000.0	4500000.0	445923003.0		1.26	1.03	0.23	22.3301	
2019-09-30																																																																																																																																																																												1393700000.0	1953600000.0	559900000.0	559900000.0	728300000.0	187900000.0		665400000.0		-189100000.0	12200000.0	201300000.0		15000000.0		454500000.0	542000000.0	36700000.0		505300000.0		743300000.0	1197800000.0	498600000.0	39307200000.0	2362000000.0	1352600000.0	1352600000.0	298900000.0	630700000.0	36945200000.0	11283200000.0		10895800000.0	10895800000.0	5481400000.0				378700000.0		32937300000.0	4787400000.0	136200000.0			2918700000.0	28149900000.0	6923100000.0	19040000000.0	2443600000.0		28406700000.0	1195200000.0	8571400000.0	5240400000.0	-1206800000.0	-1130100000.0	4500000.0	445829003.0		1.12	0.95	0.17	17.8947	
2019-06-30																																																																																																																																																																												1326300000.0	1889600000.0	563300000.0	563300000.0	683900000.0	164800000.0		642400000.0		-192800000.0	11700000.0	204500000.0		-15500000.0		468200000.0	463900000.0	29600000.0		434300000.0		668400000.0	1136600000.0	429100000.0	39072700000.0	2232400000.0	1192200000.0	1192200000.0	302000000.0	656900000.0	36840300000.0	11268600000.0		10895200000.0	10895200000.0	5557800000.0				383300000.0		32439400000.0	4821600000.0	144900000.0			2939100000.0	27617800000.0	6832300000.0	18615900000.0	2442200000.0		27890400000.0	1195600000.0	8455700000.0	5477500000.0	-1206800000.0	-1206200000.0	4500000.0	445337003.0		0.96	0.9	0.06	6.6667	
2019-03-31																																																																																																																																																																												1270000000.0	1813400000.0	543400000.0	543400000.0	614900000.0	198100000.0		655100000.0		-195100000.0	175000000.0	207500000.0		21800000.0		457100000.0	441600000.0	34000000.0		407600000.0		649100000.0	1106200000.0	397400000.0	38926800000.0	2062300000.0	1004800000.0	1004800000.0	251100000.0	689400000.0	36864500000.0	11202600000.0		11042800000.0	11042800000.0	5538200000.0		18400000.0	18400000.0	349700000.0		32437500000.0	4411900000.0	130000000.0			2595600000.0	28025600000.0	6814500000.0	19085300000.0	2097200000.0		28018800000.0	1183400000.0	8407700000.0	5347000000.0	-1206800000.0	-1226400000.0	4500000.0	444621003.0		0.89	0.85	0.04	4.7059	
2018-12-31																																																																																																																																																																												1591000000.0	2131900000.0	540900000.0	540900000.0	388900000.0	192500000.0	0.0	1202100000.0				208800000.0		6400000.0		765900000.0	197300000.0	-95400000.0		292700000.0		407200000.0	1173100000.0	277600000.0	33010400000.0	2385100000.0	1208700000.0	1208700000.0	96200000.0	671400000.0	30625300000.0	11247100000.0		11174300000.0	11174300000.0	5501900000.0				505000000.0		26106000000.0	4689900000.0	130800000.0			2754800000.0	21416100000.0		18266300000.0	2714100000.0		21159900000.0	1270400000.0	2475100000.0	5336100000.0	-1206800000.0	-1199500000.0	4500000.0	444304003.0		0.62	0.77	-0.15	-19.4805	
2018-09-30																																																																																																																																																																												1228800000.0	1785500000.0	556700000.0	556700000.0	567200000.0	177900000.0	0.0	661600000.0				208600000.0		21100000.0		448900000.0	389800000.0	12500000.0		377300000.0		598400000.0	1047300000.0	366900000.0	33077200000.0	2437000000.0	1026500000.0	1026500000.0	538000000.0	744100000.0	30640200000.0	10996300000.0		11481700000.0	11481700000.0	5463400000.0		68200000.0	68200000.0	598200000.0		26193700000.0	4579700000.0	122900000.0			2841300000.0	21614000000.0		18422900000.0	2841300000.0		21264200000.0	1161800000.0	2484900000.0	5350700000.0	-1163200000.0	-1104300000.0	4500000.0	444121003.0		0.83	0.81	0.02	2.4691	
2018-06-30																																																																																																																																																																												1220600000.0	1780900000.0	560300000.0	560300000.0	546000000.0	157900000.0	0.0	674600000.0				211300000.0		-34800000.0		449700000.0	318300000.0	3900000.0		314400000.0		529600000.0	979300000.0	306700000.0	33205700000.0	2127100000.0	834500000.0	834500000.0	446600000.0	724700000.0	31078600000.0	11067000000.0		11758200000.0	11758200000.0	5526600000.0		80800000.0	80800000.0	487100000.0		26069800000.0	4562900000.0	137000000.0			2791800000.0	21506900000.0		18322000000.0	2791800000.0		21113800000.0	1131400000.0	2432700000.0	5550700000.0	-1074000000.0	-1121600000.0	4500000.0	444362003.0		0.69	0.81	-0.12	-14.8148	
2018-03-31																																																																																																																																																																												1221900000.0	1741800000.0	519900000.0	519900000.0	402900000.0	204900000.0	0.0	819000000.0				196900000.0		27800000.0		446300000.0	249200000.0	-31100000.0		280300000.0		449100000.0	895400000.0	285200000.0	34372700000.0	2797400000.0	1125400000.0	1125400000.0	153500000.0	732200000.0	31575300000.0	11294800000.0		11940200000.0	11940200000.0	5647100000.0		389400000.0	389400000.0	550400000.0		26366200000.0	4544700000.0	118700000.0			2803200000.0	21821500000.0		18568800000.0	2803200000.0		21372000000.0	1063300000.0	2461000000.0	6334200000.0	-974000000.0	-1085700000.0	4500000.0	438520003.0		0.63	0.76	-0.13	-17.1053	
2017-12-31																																																																																																																																																																												1178100000.0	1704500000.0	526400000.0	526400000.0	329000000.0	171600000.0	0.0	849100000.0				190400000.0		-35524000.0		466051000.0	141400000.0	-53400000.0		194816000.0		331780000.0	797831000.0	238500000.0	33214300000.0	2038100000.0	802100000.0	802100000.0	152800000.0	621500000.0	31176200000.0	11101000000.0		11783300000.0	11783300000.0	5638400000.0		1000000.0	1000000.0	549300000.0		25260000000.0	2512100000.0	142900000.0			774800000.0	22747900000.0		19430300000.0	774800000.0		20205100000.0	1130600000.0	2419500000.0	6241500000.0	-974000000.0	-1058100000.0	4400000.0	432472003.0		0.8	0.74	0.06	8.1081	
2017-09-30																																																																																																																																																																												1161672000.0	1680766000.0	519094000.0	519094000.0	561151000.0	148626000.0	0.0	600521000.0				189076000.0		-6984000.0		432300000.0	368096000.0	33412000.0		334684000.0		554200000.0	986500000.0	317268000.0	32319326000.0	1963574000.0	799467000.0	799467000.0	462010000.0	644957000.0	30355752000.0	10795057000.0		11580994000.0	11580994000.0	5371679000.0			1032000.0	518118000.0		24062920000.0	2260236000.0	119745000.0			687382000.0	21802684000.0		18581381000.0	687382000.0		19268763000.0	968775000.0	2244578000.0	6518127000.0	-884610000.0	-975158000.0	4375000.0	432831003.0		0.69	0.77	-0.08	-10.3896	
2017-06-30																																																																																																																																																																												1146097000.0	1662434000.0	516337000.0	516337000.0	576909000.0	153994000.0	0.0	569188000.0				187319000.0		19819000.0		396400000.0	412470000.0	23980000.0		388490000.0		596600000.0	993000000.0	367051000.0	32138210000.0	1802759000.0	770024000.0	770024000.0	473552000.0	477391000.0	30335451000.0	10725707000.0		11728666000.0	11728666000.0	5371165000.0			1012000.0	554332000.0		23937228000.0	3278911000.0	102726000.0			1732035000.0	20658317000.0		17509937000.0	19241972000.0		19241972000.0	978362000.0	2198081000.0	6482709000.0	-849064000.0	-989153000.0	4372000.0	430487003.0		0.8	0.74	0.06	8.1081	
2017-03-31																																																																																																																																																																												1124408000.0	1616238000.0	491830000.0	491830000.0	531379000.0	165674000.0	0.0	593029000.0				183986000.0		-16211000.0		421100000.0	334173000.0	26763000.0		307410000.0		515200000.0	936300000.0	316080000.0	32057389000.0	1711187000.0	712778000.0	712778000.0	448237000.0	481492000.0	30346202000.0	10717160000.0		11826886000.0	11826886000.0	5379830000.0			5294000.0	511623000.0		23542561000.0	3209058000.0	109424000.0			1707330000.0	20333503000.0		17182754000.0	1707330000.0		18890084000.0	951116000.0	2197856000.0	6852474000.0	-432731000.0	-1053706000.0	4309000.0	430199003.0		0.67	0.66	0.01	1.5152	
2016-12-31																																																																																																																																																																												1052088000.0	1539549000.0	487461000.0	487461000.0	489296000.0	138844000.0	0.0	562792000.0				186366000.0				388237000.0	293683000.0	60830000.0		1643641000.0		480049000.0	868286000.0	229207000.0	30879150000.0	1689870000.0	787161000.0	787161000.0	149281000.0	366100000.0	29189280000.0	10517258000.0		11274611000.0	11274611000.0	5070680000.0		4000000.0	4026000.0	501000000.0		22811730000.0	1631269000.0	118700000.0			238806000.0	21180461000.0		18294659000.0	238800000.0		18533465000.0	878488000.0	2108230000.0	6763895000.0	-207740000.0	-1076965000.0	4299000.0	429896003.0		0.47	0.58	-0.11	-18.9655	
2016-09-30																																																																																																																																																																												1024206000.0	1514845000.0	490639000.0	490639000.0	479074000.0	132135000.0	0.0	545132000.0				190439000.0		-12260000.0		397999000.0	285772000.0	22037000.0		263735000.0		476211000.0	874210000.0	264509000.0	30655527000.0	1370756000.0	530358000.0	530358000.0	444703000.0	358354000.0	29284771000.0	10452038000.0		11557964000.0	11557964000.0	4997224000.0			150655000.0	482044000.0		22781044000.0	1519553000.0	105551000.0			242992000.0	21261491000.0		18436144000.0	242992000.0		18679136000.0	799355000.0	2033208000.0	6707396000.0	-207740000.0	-1030663000.0	4284000.0	429925003.0		0.55	0.55	0.0	0.0	
2016-06-30																																																																																																																																																																												982516000.0	1442227000.0	459711000.0	459711000.0	432806000.0	138881000.0	0.0	549710000.0				178288000.0		-196832000.0		397765000.0	235974000.0	43510000.0		192464000.0		417294000.0	815059000.0	187550000.0	30740198000.0	1320600000.0	410538000.0	410538000.0	142761000.0	344546000.0	29419598000.0	10575425000.0		11590692000.0	11590692000.0	4981919000.0			142761000.0	533258000.0		22814816000.0	1655631000.0	120586000.0			314063000.0	21159185000.0		18403013000.0	314063000.0		18717076000.0	817544000.0	2010236000.0	6773515000.0	-207740000.0	-1033324000.0	4280000.0	429004003.0		0.37	0.55	-0.18	-32.7273	
2016-03-31																																																																																																																																																																												938260000.0	1289047000.0	350787000.0	350787000.0	451853000.0	135973000.0	0.0	486407000.0				160163000.0		12208000.0		341634000.0	310431000.0	29124000.0		281307000.0		470594000.0	812228000.0	275159000.0	27064315000.0	1036516000.0	336403000.0	336403000.0	358001000.0	251019000.0	26027799000.0	9917985000.0		9813990000.0	9813990000.0	4123401000.0			140865000.0	424800000.0		20064100000.0	1198156000.0	94051000.0			137853000.0	18865944000.0		16884242000.0			17022095000.0	662066000.0	1981702000.0	6933249000.0	-207740000.0	-967718000.0	4273000.0	427888003.0		0.58	0.51	0.07	13.7255	
2015-12-31																																																																																																																																																																												924159000.0	1280041000.0	355882000.0	355882000.0	402124000.0	143874000.0	0.0	522035000.0				146763000.0		-12482000.0		352356000.0	247487000.0	25892000.0		221595000.0		397248000.0	749604000.0	232702000.0	26904272000.0	996468000.0	320686000.0	320686000.0	142193000.0	261527000.0	25907804000.0	9866424000.0		9837876000.0	9837876000.0	4091805000.0			142193000.0	384016000.0		20191454000.0	1200029000.0	96714000.0			50202000.0	18991425000.0		17068807000.0	50202000.0		17119009000.0	766285000.0	1922618000.0	6651679000.0	-207740000.0	-998535000.0	4267000.0	427802003.0		0.48	0.51	-0.03	-5.8824	
2015-09-30																																																																																																																																																																												873016000.0	1237910000.0	364894000.0	364894000.0	400925000.0	115327000.0	0.0	472091000.0				149827000.0		-66659000.0		341096000.0	191975000.0	94235000.0		97740000.0		341802000.0	682898000.0	102999000.0	26926788000.0	940355000.0	287404000.0	287404000.0	338835000.0	238032000.0	25986433000.0	9806190000.0		10012397000.0	10012397000.0	4055171000.0			14485000.0	379707000.0		20242586000.0	1369508000.0	99590000.0			45852000.0	18873078000.0		16981556000.0			17027408000.0	946419000.0	1891522000.0	6617891000.0	-207740000.0	-995932000.0	4263000.0	427227003.0		0.18	0.41	-0.23	-56.0976	
2015-06-30																																																																																																																																																																												852405000.0	1174375000.0	321970000.0	321970000.0	389774000.0	116826000.0	0.0	462631000.0				148877000.0		-77197000.0		328356000.0	171136000.0	13956000.0		157180000.0		320013000.0	648369000.0	156056000.0	26469725000.0	940575000.0	274702000.0	274702000.0	325812000.0	242324000.0	25529150000.0	9586400000.0		9853199000.0	9853199000.0	4036642000.0			40387000.0	360007000.0		19096567000.0	1036628000.0	82850000.0			38814000.0	18059939000.0		16185211000.0			16224025000.0	645380000.0	1874728000.0	7310872000.0	-207740000.0	-876607000.0	4260000.0	426933003.0		0.3	0.5	-0.2	-40.0	
2015-03-31																																																																																																																																																																												815121000.0	1079190000.0	264069000.0	264069000.0	419966000.0	123861000.0	0.0	395155000.0				148304000.0		-58228000.0		263520000.0	219364000.0	23872000.0		195492000.0		367668000.0	631188000.0	193317000.0	25930194000.0	925819000.0	323400000.0	323400000.0	310255000.0	224467000.0	25004375000.0	9422641000.0		9536782000.0	9536782000.0	3980174000.0			14394000.0	363558000.0		18498555000.0	1731414000.0	72512000.0			789152000.0	16767141000.0		14930952000.0			15720104000.0	584138000.0	1836189000.0	7351686000.0	-207740000.0	-822545000.0	4259000.0	409399003.0		0.45	0.53	-0.08	-15.0943	
2014-12-31																																																																																																																																																																												769730000.0	1046314000.0	276584000.0	276584000.0	345979000.0	129540000.0	0.0	423751000.0				144852000.0		-12159000.0		263546000.0	194225000.0	12628000.0		181597000.0		342076000.0	605622000.0	180387000.0	21331545000.0	947968000.0	313492000.0	313492000.0	174838000.0	247654000.0	20383577000.0	7626817000.0		6889331000.0	6889331000.0	4017082000.0		6302000.0	6302000.0	390419000.0		17278193000.0	1929692000.0	90366000.0			897386000.0	15348501000.0		13711084000.0	897386000.0		14608708000.0	646759000.0	1637417000.0	3953560000.0	-207740000.0	-837320000.0	3995000.0	400899003.0		0.42	0.51	-0.09	-17.6471	
2014-09-30																																																																																																																																																																												754431000.0	1038188000.0	283757000.0	283757000.0	384807000.0	109354000.0	0.0	369624000.0				143583000.0		-27200000.0		249066000.0	217056000.0	10426000.0		206630000.0		360639000.0	609705000.0	207593000.0	20596615000.0	996937000.0	295613000.0	295613000.0	378390000.0	245707000.0	19599678000.0	7552110000.0		6389227000.0	6389227000.0	3866550000.0			29007000.0	426610000.0		16411301000.0	1937918000.0	111001000.0			960461000.0	14473383000.0		12973835000.0			13934296000.0	611221000.0	1499548000.0	4194627000.0	-207740000.0	-854579000.0	3992000.0	400397003.0		0.5	0.56	-0.06	-10.7143	
2014-06-30																																																																																																																																																																												759635000.0	1031457000.0	271822000.0	271822000.0	402499000.0	98952000.0	0.0	357136000.0				146604000.0		-12804000.0		245427000.0	243461000.0	21802000.0		221659000.0		390065000.0	635492000.0	234431000.0	20847737000.0	998445000.0	282959000.0	282959000.0	417788000.0	228213000.0	19849292000.0	7589815000.0		6637882000.0	6637882000.0	3854931000.0			15298000.0	471975000.0		16439573000.0	2243246000.0	132734000.0			1225992000.0	14196327000.0		12749471000.0			13975463000.0	614550000.0	1446856000.0	4406494000.0	-207740000.0	-911163000.0	3988000.0	399588003.0		0.58	0.54	0.04	7.4074	
2014-03-31																																																																																																																																																																												723824000.0	984089000.0	260265000.0	260265000.0	353637000.0	110533000.0	0.0	370187000.0				140712000.0		632000.0		245763000.0	210962000.0	17649000.0		193313000.0		354640000.0	600403000.0	202499000.0	20417407000.0	1042981000.0	333439000.0	333439000.0	348452000.0	281917000.0	19374426000.0	7344049000.0		6617524000.0	6617524000.0	3737681000.0			34430000.0	393195000.0		16715802000.0	1275005000.0	115726000.0			325170000.0	15440797000.0		14009007000.0			14334177000.0	560736000.0	1431790000.0	3671178000.0	-207740000.0	-1006058000.0	3984000.0	399120003.0		0.51	0.5	0.01	2.0	
2013-12-31																																																																																																																																																																												690753000.0	941969000.0	251216000.0	251216000.0	292928000.0	117161000.0	0.0	397825000.0				127818000.0		-43443000.0		244811000.0	110105000.0	36180000.0		73925000.0		261641000.0	506452000.0	99982000.0	20272571000.0	986087000.0	293576000.0	293576000.0	175317000.0	253593000.0	19319915000.0	7262175000.0		6701459000.0	6701459000.0	3729901000.0			18612000.0	420306000.0		16682531000.0	924758000.0	172938000.0			70132000.0	15757773000.0		14408146000.0			14478278000.0	472985000.0	1349627000.0	3534165000.0	-207740000.0	-1081467000.0	3976000.0	398609003.0		0.25	0.47	-0.22	-46.8085	
2013-09-30																																																																																																																																																																												607398000.0	807880000.0	200482000.0	200482000.0	308879000.0	98128000.0	0.0	298519000.0				102791000.0		-23736000.0		184922000.0	178808000.0	15586000.0		163222000.0		285514000.0	470436000.0	180123000.0	18181320000.0	4742036000.0	4040353000.0	4040353000.0	437506000.0	197253000.0	13439284000.0	5878826000.0		3195106000.0	3195106000.0	2815271000.0			27381000.0	477049000.0		14569403000.0	823319000.0	90845000.0			67276000.0	13746084000.0		12578532000.0			12645808000.0	479804000.0	1167552000.0	3528963000.0	-207740000.0	-1066580000.0	3973000.0	398348003.0		0.45	0.53	-0.08	-15.0943	
2013-06-30																																																																																																																																																																												603527000.0	808830000.0	205303000.0	205303000.0	312812000.0	100209000.0	0.0	290715000.0				97229000.0		-139331000.0		184608000.0	72666000.0	-11447000.0		84113000.0		173852000.0	358460000.0	99821000.0	14339394000.0	946051000.0	448447000.0	448447000.0	271152000.0	181295000.0	13393343000.0	5811081000.0		3214383000.0	3214383000.0	2832392000.0			14257000.0	302052000.0		10719527000.0	781040000.0	91021000.0			57350000.0	9938487000.0		8798604000.0			8855954000.0	445797000.0	1139883000.0	3518323000.0	-137353000.0	-1135851000.0	3969000.0	399458003.0		0.25	0.52	-0.27	-51.9231	
2013-03-31																																																																																																																																																																												601400000.0	802728000.0	201328000.0	201328000.0	299686000.0	101591000.0	0.0	301714000.0				108223000.0		-7750000.0		185804000.0	180170000.0	19222000.0		160948000.0		288393000.0	474197000.0	171407000.0	14463740000.0	903616000.0	441706000.0	441706000.0	220531000.0	161858000.0	13560124000.0	5879513000.0		3271981000.0	3271981000.0	2898638000.0			13004000.0	287048000.0		10682218000.0	739124000.0	86769000.0			57603000.0	9943094000.0		8791520000.0			8849123000.0	407067000.0	1151574000.0	3671615000.0	-75208000.0	-1128361000.0	3966000.0	399659003.0		0.43	0.48	-0.05	-10.4167	
2012-12-31																																																																																																																																																																												574586000.0	768374000.0	193788000.0	193788000.0	279235000.0	89828000.0	0.0	295351000.0				100500000.0				178488000.0	161330000.0	43187000.0		0.0		266486000.0	444974000.0	135679000.0	14089129000.0	829528000.0	368618000.0	368618000.0	95070000.0	198593000.0	13259601000.0	5789995000.0		3115053000.0	3115053000.0	2912046000.0			6018000.0	263038000.0		10404948000.0	632178000.0	89578000.0			60031000.0	9772770000.0		8693345000.0			8753376000.0	321608000.0	1079425000.0	3573101000.0	-62728000.0	-1196907000.0	3959000.0	399625003.0		0.34	0.42	-0.08	-19.0476	
2012-09-30																																																																																																																																																																												528431000.0	713335000.0	184904000.0	184904000.0	295552000.0	81459000.0	0.0	232879000.0				103386000.0				144061000.0	244877000.0	13054000.0		0.0		343563000.0	487624000.0	232089000.0	12961304000.0	872783000.0	382312000.0	382312000.0	0.0	148807000.0	12088521000.0	5242781000.0		2543720000.0	2543720000.0	2763706000.0			43482000.0	341664000.0		9275322000.0	850925000.0	87380000.0			130209000.0	8424397000.0		7359355000.0			7489564000.0	499440000.0		3556754000.0	-16733000.0	-1237569000.0	3956000.0	399487003.0		0.58	0.38	0.2	52.6316	
2012-06-30																																																																																																																																																																												525350000.0	697734000.0	172384000.0	172384000.0	270486000.0	76848000.0	0.0	254864000.0				100233000.0				172072000.0	57499000.0	23815000.0		0.0		154146000.0	326218000.0	48209000.0	12709359000.0	919009000.0	481937000.0	481937000.0	0.0	99181000.0	11790350000.0	5079729000.0		2569999000.0	2569999000.0	2714718000.0			29492000.0	308399000.0		9223169000.0	906493000.0	201386000.0			127867000.0	8316676000.0		7337552000.0			7465419000.0	485826000.0		3357548000.0	-10838000.0	-1378518000.0	3952000.0	398811003.0		0.12	0.4	-0.28	-70.0	
2012-03-31																																																																																																																																																																												525532000.0	696517000.0	170985000.0	170985000.0	274446000.0	79584000.0	0.0	251086000.0				95117000.0				149655000.0	237588000.0	27248000.0		0.0		329162000.0	478817000.0	221306000.0	12638206000.0	975369000.0	471258000.0	471258000.0	0.0	105120000.0	11662837000.0	5006647000.0		2523354000.0	2523354000.0	2767516000.0			32817000.0	366174000.0		9051803000.0	939267000.0	226283000.0			127316000.0	8112536000.0		7161126000.0			7288442000.0	492729000.0		3478968000.0	-4924000.0	-1339627000.0	3946000.0	398453003.0		0.56	0.4	0.16	40.0	
2011-12-31																																																																																																																																																																												464697000.0	653199000.0	188502000.0	188502000.0	247738000.0	73895000.0	8668000.0	216959000.0				84661000.0				143615000.0	159522000.0	-36901000.0		0.0		244183000.0	387798000.0	205110000.0	12232430000.0	775155000.0	330191000.0	330191000.0	0.0	181886000.0	11389659000.0	4883473000.0		2351955000.0	2351955000.0	2805267000.0			22270000.0	240808000.0		8822288000.0	779591000.0	215931000.0			203632000.0	8042697000.0		7134492000.0			7236308000.0	269451000.0		3287220000.0	0.0	-1477899000.0	3936000.0	398453000.0		0.51	0.3	0.21	70.0	
2011-09-30																																																																																																																																																																												470138000.0	630403000.0	160265000.0	160265000.0	228305000.0	76476000.0	8668000.0	241833000.0				77796000.0		-145554000.0		142113000.0	4953000.0	24681000.0		-19726000.0		83935000.0	226048000.0	-15701000.0	10895336000.0	813805000.0	177506000.0	177506000.0	0.0	100063000.0	10081531000.0	4125887000.0		2208387000.0	2208387000.0	2673631000.0			4726000.0	531510000.0		7547695000.0	1371328000.0	352781000.0			861160000.0	6176367000.0		4970502000.0			5831662000.0	61536000.0	1205865000.0	3263290000.0	-3775087000.0	-1545244000.0	4884000.0	395183003.0		-0.04	0.25	-0.29	-116.0	
2011-06-30																																																																																																																																																																												446158000.0	597235000.0	151077000.0	151077000.0	225789000.0	72321000.0	0.0	220369000.0				74512000.0		27771000.0		138558000.0	179037000.0	65877000.0		113171000.0		253549000.0	392107000.0	115211000.0	10973784000.0	912085000.0	332542000.0	332542000.0	0.0	99823000.0	10061699000.0	3909635000.0		2346710000.0	2346710000.0	2779116000.0			1357000.0	478363000.0		7373996000.0	1309883000.0	339931000.0			782775000.0	6064113000.0		4919068000.0			5701843000.0	61703000.0	1145045000.0	3561863000.0	-3606715000.0	-1529543000.0	4877000.0	400250003.0		0.29	0.23	0.06	26.087	
2011-03-31																																																																																																																																																																												427367000.0	562695000.0	135328000.0	135328000.0	218300000.0	66132000.0	0.0	209067000.0				74427000.0		19511000.0		131231000.0	163383000.0	71423000.0		91961000.0		237810000.0	369041000.0	91842000.0	10758749000.0	951417000.0	362823000.0	362823000.0	0.0	97829000.0	9807332000.0	3770671000.0		2440314000.0	2440314000.0	2669986000.0			10695000.0	480070000.0		7249733000.0	826407000.0	431408000.0			178105000.0	6423326000.0		5387728000.0			5565833000.0	61286000.0	1035598000.0	3499194000.0	-3504705000.0	-1644754000.0	4868000.0	401899003.0		0.23	0.23	0.0	0.0	
2010-12-31																																																																																																																																																																												414697000.0	547642000.0	132945000.0	132945000.0	203441000.0	65365000.0	0.0	211256000.0				68623000.0				124105000.0	136786000.0	53099000.0		0.0		205409000.0	329514000.0	83514000.0	10368014000.0	1404174000.0	883963000.0	883963000.0	0.0	80961000.0	8963840000.0	3623835000.0		1985352000.0	1985352000.0	2490295000.0			46428000.0	392822000.0		6863456000.0	542195000.0	292543000.0			74896000.0	6321261000.0		5512492000.0			5587388000.0	40621000.0	808769000.0	3501444000.0	-3381966000.0	-1736596000.0	4860000.0	401899000.0		0.2	0.22	-0.02	-9.0909	
2010-09-30																																																																																																																																																																												390349000.0	513322000.0	122973000.0	122973000.0	213372000.0	57295000.0	0.0	176977000.0				62904000.0				115383000.0	164243000.0	70649000.0		0.0		228262000.0	343645000.0	93439000.0	9448978000.0	944308000.0	371878000.0	371878000.0	0.0	92869000.0	8504670000.0	3494402000.0		1777828000.0	1777828000.0	2458989000.0			42720000.0	436841000.0		5995328000.0	614867000.0	245952000.0			178655000.0	5380461000.0		4626305000.0			4804960000.0	49779000.0		3450600000.0	-3307330000.0	-1820110000.0	4855000.0	403455003.0		0.23	0.2	0.03	15.0	
2010-06-30																																																																																																																																																																												357738000.0	469937000.0	112199000.0	112199000.0	188716000.0	53582000.0	0.0	169022000.0				56074000.0				110403000.0	130167000.0	30352000.0		0.0		186241000.0	296644000.0	99665000.0	8585923000.0	770538000.0	302893000.0	302893000.0	0.0	48872000.0	7815385000.0	3188461000.0		1596492000.0	1596492000.0	2255943000.0			27891000.0	390882000.0		5155913000.0	358820000.0	205040000.0			1610000.0	4797093000.0		4152041000.0			4153651000.0	23662000.0		3426999000.0	-3157520000.0	-1913549000.0	4845000.0	405024003.0		0.25	0.2	0.05	25.0	
2010-03-31																																																																																																																																																																												347965000.0	454434000.0	106469000.0	106469000.0	178849000.0	53527000.0	0.0	169116000.0				58417000.0				110835000.0	124829000.0	28389000.0		0.0		183246000.0	294081000.0	96318000.0	8674251000.0	819197000.0	352887000.0	352887000.0	0.0	73541000.0	7855054000.0	3179196000.0		1655608000.0	1655608000.0	2246170000.0			18945000.0	373824000.0		5216405000.0	422811000.0	183854000.0			77905000.0	4793594000.0		4152030000.0			4229935000.0	44024000.0		3454910000.0	-3012693000.0	-2013214000.0	4830000.0	406080003.0		0.24	0.18	0.06	33.3333	
2009-12-31																																																																																																																																																																												340471000.0	447973000.0	107502000.0	107502000.0	176449000.0	46337000.0	0.0	164022000.0				61458000.0				106745000.0	106926000.0	42682000.0		0.0		168384000.0	275129000.0	64350000.0	8512668000.0	651356000.0	247293000.0	247293000.0	0.0	67949000.0	7861312000.0	3175511000.0		1598633000.0	1598633000.0	2237850000.0			9776000.0	330078000.0		5194543000.0	391244000.0	185138000.0			70521000.0	4803299000.0		4141060000.0			4211581000.0	23538000.0		3315082000.0	-2961177000.0	-2109532000.0	4797000.0	406080000.0		0.16	0.18	-0.02	-11.1111	
2009-09-30																																																																																																																																																																												335511000.0	444105000.0	108594000.0	108594000.0	179077000.0	47865000.0	0.0	156434000.0				64122000.0				105543000.0	118927000.0	51348000.0		0.0		183049000.0	288592000.0	67355000.0	8394824000.0	625930000.0	229674000.0	229674000.0	0.0	71271000.0	7768894000.0	3128120000.0		1532400000.0	1532400000.0	2239420000.0			3844000.0	321141000.0		5159673000.0	341001000.0	165957000.0			7717000.0	4818672000.0		4179038000.0			4186755000.0	47270000.0		3231815000.0	-2933612000.0	-2173882000.0	4785000.0	405728003.0		0.17	0.17	0.0	0.0	
2009-06-30																																																																																																																																																																												320785000.0	423358000.0	102573000.0	102573000.0	166447000.0	49861000.0	0.0	154338000.0				62654000.0				102463000.0	102849000.0	51428000.0		0.0		165503000.0	267966000.0	56488000.0	8486487000.0	718058000.0	323637000.0	323637000.0	0.0	72526000.0	7768429000.0	3087799000.0		1547944000.0	1547944000.0	2232783000.0			8990000.0	312905000.0		5395452000.0	348020000.0	172663000.0			22577000.0	5047432000.0		4421694000.0			4444271000.0	26813000.0		3087781000.0	-2816060000.0	-2241237000.0	4697000.0	408832003.0		0.13	0.16	-0.03	-18.75	
2009-03-31																																																																																																																																																																												310973000.0	408678000.0	97705000.0	97705000.0	150285000.0	57631000.0	0.0	160688000.0				61568000.0				99868000.0	92786000.0	37107000.0		0.0		154354000.0	254222000.0	58601000.0	8325870000.0	659693000.0	303038000.0	303038000.0		60057000.0	7666177000.0	3003215000.0		1532832000.0	1532832000.0	2186270000.0			962000.0	295636000.0		5243800000.0	319308000.0	144268000.0			1527000.0	4924492000.0		4330999000.0			4332526000.0	47994000.0		3078920000.0	-2748265000.0	-2297526000.0	4692000.0	408250003.0		0.14	0.14	0.0	0.0	
2008-12-31																																																																																																																																																																												309758000.0	408324000.0	98566000.0	98566000.0	163930000.0	44962000.0	0.0	145828000.0				14253000.0				104174000.0	98045000.0	15255000.0		0.0		172980000.0	277154000.0	85839000.0	8211665000.0	473680000.0	143077000.0	143077000.0		51313000.0	7737985000.0	3022636000.0		1566155000.0	1566155000.0	2186233000.0			2028000.0	277262000.0		5217186000.0	302645000.0	151985000.0			3674000.0	4914541000.0		4331309000.0			4333146000.0	26798000.0		2991322000.0	-2746429000.0	-2356127000.0	4685000.0	408250000.0		0.2	0.14	0.06	42.8571	
2008-09-30																																																																																																																																																																												305411000.0	409268000.0	103857000.0	103857000.0	154367000.0	44719000.0	0.0	151044000.0				3586000.0				104389000.0	95524000.0	34918000.0		0.0		159070000.0	263459000.0	60466000.0	8129936000.0	273683000.0	66235000.0	66235000.0		46146000.0	7856253000.0	3014079000.0		1598604000.0	1598604000.0	2188530000.0			8013000.0	153289000.0		5286707000.0	309503000.0	149029000.0			1789000.0	4977204000.0		4428574000.0			4430363000.0	49054000.0		2840042000.0	-2666983000.0	-2441966000.0	4607000.0	416541003.0		0.15	0.14	0.01	7.1429	
2008-06-30																																																																																																																																																																												296854000.0	393728000.0	96874000.0	96874000.0	154790000.0	41784000.0	0.0	142064000.0				3584000.0				99697000.0	95308000.0	44535000.0		0.0		157816000.0	257513000.0	158786000.0	8265540000.0	359151000.0	152130000.0	152130000.0		40774000.0	7906389000.0	3010919000.0		1637334000.0	1637334000.0	2188312000.0			11786000.0	154461000.0		5237808000.0	279170000.0	138017000.0			1699000.0	4958638000.0		4419017000.0			4420716000.0	30591000.0		3024501000.0	-2335223000.0	-2502432000.0	4566000.0	421617003.0		0.12	0.12	0.0	0.0	
2008-03-31																																																																																																																																																																												291626000.0	382184000.0	90558000.0	90558000.0	144856000.0	48909000.0	0.0	146770000.0				3541000.0				97072000.0	83043000.0	40801000.0		0.0		148557000.0	245629000.0	42155000.0	8192227000.0	331838000.0	121633000.0	121633000.0		37120000.0	7860389000.0	3030388000.0		1670389000.0	1670389000.0	2188312000.0			6802000.0	166283000.0		5275683000.0	306523000.0	149533000.0			1688000.0	4969160000.0		4433162000.0			4434850000.0	50820000.0		2913267000.0	-2219917000.0	-2661218000.0	4537000.0	421622003.0		0.1	0.09	0.01	11.1111	
2007-12-31																																																																																																																																																																												284592000.0	378112000.0	93520000.0	93520000.0	100466000.0	46747000.0	0.0	184126000.0				235824000.0				129613000.0	41623000.0	42095000.0		0.0		100466000.0	230079000.0	-5549000.0	8130457000.0	245674000.0	33123000.0	33123000.0		40316000.0	7884783000.0	3045186000.0		1686434000.0	1686434000.0	2188312000.0			7224000.0	165011000.0		5105023000.0	317378000.0	175464000.0			1817000.0	4787645000.0		4283467000.0			4285284000.0	33702000.0		3022092000.0	-2047818000.0	-2703373000.0	4527000.0	421622000.0		-0.01	0.08	-0.09	-112.5	
2007-09-30																																																																																																																																																																												278808000.0	367585000.0	88777000.0	88777000.0	98491000.0	49030000.0	0.0	180317000.0				3584000.0				131484000.0	45734000.0	-14483000.0		0.0		98491000.0	229975000.0	59628000.0	8203438000.0	285658000.0	82735000.0	82735000.0		46426000.0	7917780000.0	3071125000.0		1722185000.0	1722185000.0	2180544000.0			5219000.0	151278000.0		4824328000.0	338562000.0	203864000.0			1770000.0	4485766000.0		4025145000.0			4026915000.0	36938000.0		3375705000.0	-1662763000.0	-2697824000.0	4504000.0	418012003.0		0.14	0.07	0.07	100.0	
2007-06-30																																																																																																																																																																												268381000.0	358423000.0	90042000.0	90042000.0	93296000.0	42063000.0	0.0	175085000.0				3584000.0				131637000.0	26686000.0	14566000.0		0.0		93296000.0	224933000.0	-19991000.0	8384091000.0	412896000.0	213021000.0	213021000.0		45415000.0	7971195000.0	3115888000.0		1763569000.0	1763569000.0	2186315000.0			15634000.0	138826000.0		4743866000.0	315059000.0	205878000.0			1666000.0	4428807000.0		3975299000.0			3976965000.0	23889000.0		3636763000.0	-1323400000.0	-2757452000.0	4497000.0	429846003.0		-0.05	0.05	-0.1	-200.0	
2007-03-31																																																																																																																																																																												265191000.0	352474000.0	87283000.0	87283000.0	86110000.0	48643000.0	0.0	179081000.0				3498000.0				130194000.0	38797000.0	17631000.0		0.0		86110000.0	216304000.0	22228000.0	8319912000.0	259624000.0	47151000.0	47151000.0		33734000.0	8060288000.0	3165156000.0		1782129000.0	1782129000.0	2188327000.0			14329000.0	164410000.0		4322892000.0	306318000.0	173587000.0			1643000.0	4016574000.0		3570293000.0			3571936000.0	53079000.0		3993518000.0	-909224000.0	-2737461000.0	4457000.0	439557003.0		0.05	0.06	-0.01	-16.6667	
2006-12-31																																																																																																																																																																												249020000.0	337646000.0	88626000.0	88626000.0	75985000.0	44017000.0	0.0	173035000.0				215643000.0				130622000.0	32077000.0	13656000.0		0.0		75985000.0	206607000.0	18285000.0	8613219000.0	486022000.0	281264000.0	281264000.0		29368000.0	8127197000.0	3218124000.0		1820876000.0	1820876000.0	2189767000.0			22986000.0	152404000.0		4224712000.0	569629000.0	187634000.0			253907000.0	3655083000.0		3289109000.0			253907000.0	41319000.0		4384916000.0	-404093000.0	-2733920000.0	4378000.0	439557000.0		0.04	0.04	0.0	0.0	
2006-09-30																																																																																																																																																																												245905000.0	333467000.0	87562000.0	87562000.0	72007000.0	42384000.0	0.0	173898000.0				3584000.0				131357000.0	17126000.0	13350000.0		0.0		72007000.0	203364000.0	3472000.0	8605730000.0	400793000.0	207202000.0	207202000.0	31359000.0	33505000.0	8204937000.0	3268332000.0		1865710000.0	1865710000.0	2197014000.0				160086000.0		4218088000.0	554433000.0	169582000.0			253876000.0	3663655000.0		3309564000.0			3563440000.0	54504000.0		4384113000.0	-362751000.0	-2752205000.0	4375000.0	435138003.0		0.01	0.03	-0.02	-66.6667	
2006-06-30																																																																																																																																																																												240126000.0	325863000.0	85737000.0	85737000.0	70772000.0	36610000.0	0.0	169354000.0				54063000.0					21201000.0	12936000.0		0.0		21201000.0	204352000.0	7664000.0	8607674000.0	288715000.0	90454000.0	90454000.0		30782000.0		3320822000.0		1916351000.0	1916351000.0	2197014000.0				167479000.0		4229427000.0	559404000.0	166660000.0			277426000.0			3325302000.0			622147000.0	115318000.0		4374655000.0	-362751000.0	-2755677000.0	4370000.0	435601000.0		0.0176		0.0		
2006-03-31																																																																																																																																																																												238797000.0	320409000.0	81612000.0	81612000.0	69047000.0	34975000.0	0.0	169750000.0				3498000.0				133261000.0	1798000.0	3812000.0		0.0		88405000.0	221666000.0	-2585000.0	8667432000.0	227414000.0	85573000.0	85573000.0		33216000.0	8440018000.0	3386262000.0		2026232000.0	2026232000.0	2142504000.0				108625000.0		4245881000.0	576223000.0	175010000.0			277471000.0	3669658000.0		3332080000.0			3609551000.0	52652000.0		4411629000.0	-246471000.0	-2713578000.0	4288000.0	417379003.0		-0.01		0.0		
2005-12-31																																																																																																																																																																												205215000.0	307625000.0	102410000.0	102410000.0	64794000.0	12674000.0	0.0	140421000.0				222419000.0				127747000.0	-32680000.0	18833000.0		0.0		110344000.0	238091000.0	-87341000.0	8768220000.0	225878000.0	112701000.0	112701000.0	31359000.0	36995000.0	8542342000.0	3460526000.0		2077312000.0	2077312000.0	2142551000.0				76182000.0		4231846000.0	453216000.0	178951000.0			162153000.0	3778630000.0		3451276000.0			3613429000.0	37850000.0		4526580000.0	-80951000.0	-2710993000.0	4156000.0	417379000.0		-0.13	-0.03	-0.1	-333.3333	
2005-09-30																																																																																																																																																																																																																																									-0.06	-0.03	-0.03	-100.0	
2005-06-30																																																																																																																																																																																																																																									-0.13	-0.08	-0.05	-62.5	
2005-03-31																																																																																																																																																																																																																																									-0.14	-0.13	-0.01	-7.6923	
2004-12-31																																																																																																																																																																																																																																									-0.3	-0.17	-0.13	-76.4706	
2004-09-30																																																																																																																																																																																																																																									-0.25	-0.15	-0.1	-66.6667	
2004-06-30																																																																																																																																																																																																																																									-0.27	-0.16	-0.11	-68.75	
2004-03-31																																																																																																																																																																																																																																									-0.19	-0.16	-0.03	-18.75	
2003-12-31																																																																																																																																																																																																																																									-0.2	-0.16	-0.04	-25.0	
2003-09-30																																																																																																																																																																																																																																									-0.18	-0.2	0.02	10.0	
2003-06-30																																																																																																																																																																																																																																									-0.4	-0.39	-0.01	-2.5641	
2003-03-31																																																																																																																																																																																																																																									-0.41	-0.29	-0.12	-41.3793	
2002-12-31																																																																																																																																																																																																																																									-0.27	-0.29	0.02	6.8966	
2002-09-30																																																																																																																																																																																																																																									-1.81	-0.37	-1.44	-389.1892	
2002-06-30																																																																																																																																																																																																																																									-0.52	-0.39	-0.13	-33.3333	
2002-03-31																																																																																																																																																																																																																																									-0.36	-0.4	0.04	10.0	
2001-12-31																																																																																																																																																																																																																																									-0.77	-0.63	-0.14	-22.2222	
2001-09-30																																																																																																																																																																																																																																									-0.65	-0.49	-0.16	-32.6531	
2001-06-30																																																																																																																																																																																																																																									-0.54	-0.54	0.0	0.0	
2001-03-31																																																																																																																																																																																																																																									-0.38	-0.39	0.01	2.5641	
2000-12-31																																																																																																																																																																																																																																									-0.3	-0.34	0.04	11.7647	
2000-09-30																																																																																																																																																																																																																																									-0.22	-0.25	0.03	12.0	
2000-06-30																																																																																																																																																																																																																																									-0.36	-0.31	-0.05	-16.129	
2000-03-31																																																																																																																																																																																																																																									-0.24	-0.27	0.03	11.1111	
1999-12-31																																																																																																																																																																																																																																									-0.11	-0.13	0.02	15.3846	
1999-09-30																																																																																																																																																																																																																																									-0.08	-0.11	0.03	27.2727	
1999-06-30																																																																																																																																																																																																																																									-0.06	-0.09	0.03	33.3333	
1999-03-31																																																																																																																																																																																																																																									-0.07	-0.11	0.04	36.3636	
1998-12-31																																																																																																																																																																																																																																									-0.11	-0.07	-0.04	-57.1429	
1998-09-30																																																																																																																																																																																																																																									-0.06	-0.08	0.02	25.0	
1998-06-30																																																																																																																																																																																																																																									-0.3533		0.0		
1998-03-31																																																																																																																																																																																																																																									-0.0312		0.0		
