	Tax Effect Of Unusual Items	Tax Rate For Calcs	Normalized EBITDA	Total Unusual Items	Total Unusual Items Excluding Goodwill	Net Income From Continuing Operation Net Minority Interest	Reconciled Depreciation	Reconciled Cost Of Revenue	EBITDA	EBIT	Net Interest Income	Normalized Income	Net Income From Continuing And Discontinued Operation	Total Expenses	Rent Expense Supplemental	Total Operating Income As Reported	Diluted Average Shares	Basic Average Shares	Diluted EPS	Basic EPS	Diluted NI Availto Com Stockholders	Net Income Common Stockholders	Otherunder Preferred Stock Dividend	Net Income	Net Income Including Noncontrolling Interests	Net Income Continuous Operations	Tax Provision	Pretax Income	Other Income Expense	Other Non Operating Income Expenses	Special Income Charges	Restructuring And Mergern Acquisition	Net Non Operating Interest Income Expense	Total Other Finance Cost	Operating Income	Operating Expense	Other Operating Expenses	Selling General And Administration	General And Administrative Expense	Salaries And Wages	Gross Profit	Cost Of Revenue	Total Revenue	Operating Revenue	Treasury Shares Number	Ordinary Shares Number	Share Issued	Net Debt	Total Debt	Tangible Book Value	Invested Capital	Working Capital	Net Tangible Assets	Capital Lease Obligations	Common Stock Equity	Total Capitalization	Total Equity Gross Minority Interest	Stockholders Equity	Gains Losses Not Affecting Retained Earnings	Other Equity Adjustments	Treasury Stock	Retained Earnings	Additional Paid In Capital	Capital Stock	Common Stock	Total Liabilities Net Minority Interest	Total Non Current Liabilities Net Minority Interest	Other Non Current Liabilities	Employee Benefits	Non Current Pension And Other Postretirement Benefit Plans	Non Current Accrued Expenses	Non Current Deferred Liabilities	Non Current Deferred Taxes Liabilities	Long Term Debt And Capital Lease Obligation	Long Term Capital Lease Obligation	Long Term Debt	Current Liabilities	Current Debt And Capital Lease Obligation	Current Capital Lease Obligation	Current Debt	Other Current Borrowings	Pensionand Other Post Retirement Benefit Plans Current	Payables And Accrued Expenses	Current Accrued Expenses	Payables	Total Tax Payable	Accounts Payable	Total Assets	Total Non Current Assets	Other Non Current Assets	Goodwill And Other Intangible Assets	Goodwill	Net PPE	Accumulated Depreciation	Gross PPE	Other Properties	Machinery Furniture Equipment	Current Assets	Other Current Assets	Inventory	Receivables	Accounts Receivable	Allowance For Doubtful Accounts Receivable	Gross Accounts Receivable	Cash Cash Equivalents And Short Term Investments	Cash And Cash Equivalents	Free Cash Flow	Repurchase Of Capital Stock	Repayment Of Debt	Issuance Of Debt	Issuance Of Capital Stock	Capital Expenditure	Interest Paid Supplemental Data	Income Tax Paid Supplemental Data	End Cash Position	Beginning Cash Position	Effect Of Exchange Rate Changes	Changes In Cash	Financing Cash Flow	Cash Flow From Continuing Financing Activities	Net Other Financing Charges	Cash Dividends Paid	Common Stock Dividend Paid	Net Common Stock Issuance	Common Stock Payments	Common Stock Issuance	Net Issuance Payments Of Debt	Net Long Term Debt Issuance	Long Term Debt Payments	Long Term Debt Issuance	Investing Cash Flow	Cash Flow From Continuing Investing Activities	Net Other Investing Changes	Net Investment Purchase And Sale	Sale Of Investment	Purchase Of Investment	Capital Expenditure Reported	Operating Cash Flow	Cash Flow From Continuing Operating Activities	Change In Working Capital	Change In Other Working Capital	Change In Other Current Assets	Change In Payables And Accrued Expense	Change In Payable	Change In Account Payable	Change In Receivables	Other Non Cash Items	Stock Based Compensation	Provisionand Write Offof Assets	Depreciation Amortization Depletion	Depreciation And Amortization	Net Income From Continuing Operations	reportedCurrency	totalAssets	totalCurrentAssets	cashAndCashEquivalentsAtCarryingValue	cashAndShortTermInvestments	inventory	currentNetReceivables	totalNonCurrentAssets	propertyPlantEquipment	accumulatedDepreciationAmortizationPPE	intangibleAssets	intangibleAssetsExcludingGoodwill	goodwill	investments	longTermInvestments	shortTermInvestments	otherCurrentAssets	otherNonCurrentAssets	totalLiabilities	totalCurrentLiabilities	currentAccountsPayable	deferredRevenue	currentDebt	shortTermDebt	totalNonCurrentLiabilities	capitalLeaseObligations	longTermDebt	currentLongTermDebt	longTermDebtNoncurrent	shortLongTermDebtTotal	otherCurrentLiabilities	otherNonCurrentLiabilities	totalShareholderEquity	treasuryStock	retainedEarnings	commonStock	commonStockSharesOutstanding	reportedDate	reportedEPS	estimatedEPS	surprise	surprisePercentage	reportTime
2025-11-30	-62694000.0	0.258	2932000000.0	-243000000.0	-243000000.0	956000000.0	1068000000.0	18337000000.0	2689000000.0	1621000000.0	-135000000.0	1136306000.0	956000000.0	21848000000.0	1211000000.0	1378000000.0	236000000.0	235000000.0	4.04	4.07	955000000.0	955000000.0	1000000.0	956000000.0	956000000.0	956000000.0	333000000.0	1289000000.0	-197000000.0	46000000.0	-243000000.0	243000000.0	-135000000.0	135000000.0	1621000000.0	3511000000.0	3511000000.0				5132000000.0	18337000000.0	23469000000.0	23469000000.0	83000000.0	235000000.0	318000000.0	14625000000.0	37766000000.0	21514000000.0	49335000000.0	4439000000.0	21514000000.0	16571000000.0	28140000000.0	48434000000.0	28140000000.0	28140000000.0	-1414000000.0	-1414000000.0	16998000000.0	42154000000.0	4366000000.0	32000000.0	32000000.0	61041000000.0	44827000000.0	790000000.0	1669000000.0	1669000000.0	4229000000.0	3895000000.0	3895000000.0	34244000000.0	13950000000.0	20294000000.0	16214000000.0	3522000000.0	2621000000.0	901000000.0	901000000.0		12692000000.0	8028000000.0	4664000000.0		4664000000.0	89181000000.0	68528000000.0	4396000000.0	6626000000.0	6626000000.0	57506000000.0	-47542000000.0	105048000000.0	105048000000.0		20653000000.0	1293000000.0	631000000.0	12159000000.0	12159000000.0	-900000000.0	13059000000.0	6570000000.0	6570000000.0	1194000000.0	-296000000.0	-22000000.0	0.0	32000000.0	-757000000.0	223000000.0	1078000000.0	6570000000.0	6166000000.0	-54000000.0	458000000.0	-632000000.0	-632000000.0	-4000000.0	-342000000.0	-342000000.0	-264000000.0	-296000000.0	32000000.0	-22000000.0	-22000000.0	-22000000.0	0.0	-861000000.0	-861000000.0	41000000.0	-145000000.0	147000000.0	-292000000.0	-757000000.0	1951000000.0	1951000000.0	-1184000000.0	42000000.0	-93000000.0	-154000000.0	-154000000.0	-154000000.0	-979000000.0	818000000.0	43000000.0	250000000.0	1068000000.0	1068000000.0	956000000.0		89181000000.0	20653000000.0	6570000000.0	6570000000.0	631000000.0	12159000000.0	68528000000.0	57506000000.0				6626000000.0				1293000000.0		61041000000.0	16214000000.0	4664000000.0			3522000000.0	44827000000.0	16571000000.0	20294000000.0	901000000.0		37766000000.0	8028000000.0	790000000.0	28140000000.0		42154000000.0	32000000.0	243000000.0		4.82	4.11	0.71	17.2749	
2025-08-31	-30576000.0	0.273	2502000000.0	-112000000.0	-112000000.0	824000000.0	1092000000.0	17550000000.0	2390000000.0	1298000000.0	-119000000.0	905424000.0	824000000.0	20946000000.0	1192000000.0	1186000000.0	238150289.0	238000000.0	3.46	3.462185	823000000.0	823000000.0	1000000.0	824000000.0	824000000.0	824000000.0	310000000.0	1134000000.0	-45000000.0	67000000.0	-112000000.0	112000000.0	-119000000.0	119000000.0	1298000000.0	3396000000.0	3396000000.0				4694000000.0	17550000000.0	22244000000.0	22244000000.0	82044539.0	235955461.0	318000000.0	15008000000.0	37906000000.0	21099000000.0	48945000000.0	3820000000.0	21099000000.0	16732000000.0	27771000000.0	48062000000.0	27771000000.0	27771000000.0	-1371000000.0	-1371000000.0	16755000000.0	41538000000.0	4327000000.0	32000000.0	32000000.0	60645000000.0	45121000000.0	817000000.0	1690000000.0	1690000000.0	4132000000.0	4050000000.0	4050000000.0	34432000000.0	14141000000.0	20291000000.0	15524000000.0	3474000000.0	2591000000.0	883000000.0	883000000.0		12050000000.0	7827000000.0	4223000000.0		4223000000.0	88416000000.0	69072000000.0	4648000000.0	6672000000.0	6672000000.0	57752000000.0	-46742000000.0	104494000000.0	104494000000.0		19344000000.0	1058000000.0	604000000.0	11516000000.0	11516000000.0	-822000000.0	12338000000.0	6166000000.0	6166000000.0	1093000000.0	-500000000.0	-625000000.0	997000000.0	18000000.0	-623000000.0	195000000.0	112000000.0	6166000000.0	5502000000.0	27000000.0	637000000.0	-460000000.0	-460000000.0	-5000000.0	-345000000.0	-345000000.0	-482000000.0	-500000000.0	18000000.0	372000000.0	372000000.0	-625000000.0	997000000.0	-619000000.0	-619000000.0	8000000.0	-4000000.0	30000000.0	-34000000.0	-623000000.0	1716000000.0	1716000000.0	-1110000000.0	-43000000.0	-160000000.0	-571000000.0	-571000000.0	-571000000.0	-336000000.0	635000000.0	56000000.0	219000000.0	1092000000.0	1092000000.0	824000000.0		88416000000.0	19344000000.0	6166000000.0	6166000000.0	604000000.0	11516000000.0	69072000000.0	57752000000.0				6672000000.0			71000000.0	987000000.0		60645000000.0	15524000000.0	4223000000.0			3474000000.0	45121000000.0	16732000000.0	20291000000.0	883000000.0		37906000000.0	7827000000.0	817000000.0	27771000000.0		41538000000.0	32000000.0	243000000.0		3.83	3.61	0.22	6.0942	
2025-05-31	-37246963.562753	0.258659	3374000000.0	-144000000.0	-144000000.0	1648000000.0	1057000000.0	16911000000.0	3230000000.0	2173000000.0	-124000000.0	1754753036.437247	1648000000.0	20283000000.0	1140000000.0	1793000000.0	239534884.0	238000000.0	6.88	6.92437	1646000000.0	1646000000.0	2000000.0	1648000000.0	1648000000.0	1648000000.0	575000000.0	2223000000.0	410000000.0	554000000.0	-144000000.0	123000000.0	-124000000.0		1937000000.0	3372000000.0	3372000000.0				5309000000.0	16911000000.0	22220000000.0	22220000000.0	80000000.0	238000000.0	318000000.0	15077000000.0	37416000000.0	21471000000.0	48653000000.0	2975000000.0	21471000000.0	16837000000.0	28074000000.0	47225000000.0	28074000000.0	28074000000.0	-1362000000.0	-1362000000.0	16288000000.0	41402000000.0	4290000000.0	32000000.0	32000000.0	59553000000.0	44142000000.0	783000000.0	1698000000.0	1698000000.0	4033000000.0	4205000000.0	4205000000.0	33423000000.0	14272000000.0	19151000000.0	15411000000.0	3993000000.0	2565000000.0	1428000000.0	1428000000.0	1648000000.0	9770000000.0	5706000000.0	4064000000.0	372000000.0	3692000000.0	87627000000.0	69241000000.0	4543000000.0	6603000000.0	6603000000.0	58095000000.0	-45980000000.0	104075000000.0	35331000000.0	26211000000.0	18386000000.0	914000000.0	602000000.0	11368000000.0	11368000000.0	-773000000.0	12141000000.0	5502000000.0	5502000000.0	1046000000.0	-500000000.0	-68000000.0		52000000.0	-1473000000.0	232000000.0	-1135000000.0	5502000000.0	5135000000.0	127000000.0	240000000.0	-847000000.0	-847000000.0	0.0	-331000000.0	-331000000.0	-448000000.0	-500000000.0	52000000.0	-68000000.0	-68000000.0	-68000000.0		-1432000000.0	-1432000000.0	73000000.0	-32000000.0	33000000.0	-65000000.0	-1473000000.0	2519000000.0	2519000000.0	-601000000.0	-609000000.0	158000000.0	938000000.0	938000000.0	938000000.0	-1088000000.0	732000000.0	38000000.0	139000000.0	1057000000.0	1057000000.0	1648000000.0		87627000000.0	18386000000.0	5502000000.0	5502000000.0	602000000.0	11368000000.0	69241000000.0	58095000000.0		205000000.0	205000000.0	6603000000.0			70000000.0	844000000.0		59553000000.0	15411000000.0	3692000000.0			3993000000.0	44142000000.0	16837000000.0	19151000000.0	1428000000.0		37416000000.0	7726000000.0	783000000.0	28074000000.0		41402000000.0	32000000.0	238000000.0		6.07	5.8	0.27	4.6552	
2025-02-28	-41170000.0	0.23	2716000000.0	-179000000.0	-179000000.0	909000000.0	1066000000.0	17429000000.0	2537000000.0	1471000000.0	-116000000.0	1046830000.0	909000000.0	20689000000.0	1178000000.0	1292000000.0	242000000.0	242000000.0	3.756198	3.756198	908000000.0	908000000.0	1000000.0	909000000.0	909000000.0	909000000.0	272000000.0	1181000000.0	-174000000.0	5000000.0	-179000000.0	179000000.0	-116000000.0	116000000.0	1471000000.0	3260000000.0	3260000000.0				4731000000.0	17429000000.0	22160000000.0	22160000000.0	78401081.0	239598919.0	318000000.0	15006000000.0	37031000000.0	20376000000.0	46849000000.0	3318000000.0	20376000000.0	16890000000.0	26708000000.0	46238000000.0	26708000000.0	26708000000.0	-1499000000.0	-1499000000.0	15824000000.0	39754000000.0	4245000000.0	32000000.0	32000000.0	58335000000.0	44439000000.0	657000000.0	1664000000.0	1664000000.0	3914000000.0	4308000000.0	4308000000.0	33896000000.0	14366000000.0	19530000000.0	13896000000.0	3135000000.0	2524000000.0	611000000.0	611000000.0		10761000000.0	7157000000.0	3604000000.0		3604000000.0	85043000000.0	67829000000.0	4065000000.0	6332000000.0	6332000000.0	57432000000.0	-45601000000.0	103033000000.0	103033000000.0		17214000000.0	1232000000.0	617000000.0	10230000000.0	10230000000.0	-725000000.0	10955000000.0	5135000000.0	5135000000.0	1015000000.0	-497000000.0	-42000000.0		32000000.0	-997000000.0	206000000.0	1502000000.0	5135000000.0	5029000000.0	11000000.0	95000000.0	-863000000.0	-863000000.0	-24000000.0	-332000000.0	-332000000.0	-465000000.0	-497000000.0	32000000.0	-42000000.0	-42000000.0	-42000000.0		-1054000000.0	-1054000000.0	8000000.0	-65000000.0	25000000.0	-90000000.0	-997000000.0	2012000000.0	2012000000.0	-880000000.0	-14000000.0	43000000.0	-1296000000.0	-1296000000.0	-1296000000.0	387000000.0	753000000.0	32000000.0	132000000.0	1066000000.0	1066000000.0	909000000.0		85043000000.0	17214000000.0	5135000000.0	5135000000.0	617000000.0	10230000000.0	67829000000.0	57432000000.0				6332000000.0			72000000.0	1232000000.0		58335000000.0	13896000000.0	3604000000.0			3135000000.0	44439000000.0	16890000000.0	19530000000.0	611000000.0		37031000000.0	7157000000.0	657000000.0	26708000000.0		39754000000.0	32000000.0	244000000.0		4.51	4.62	-0.11	-2.381	
2024-11-30	-79870000.0	0.245	2767000000.0	-326000000.0	-326000000.0	741000000.0	1063000000.0	17388000000.0	2441000000.0	1378000000.0	-102000000.0	987130000.0	741000000.0	20589000000.0	1168000000.0	1052000000.0	244000000.0	242000000.0	3.03	3.06	739000000.0	739000000.0	2000000.0	741000000.0	741000000.0	741000000.0	240000000.0	981000000.0	-295000000.0	31000000.0	-326000000.0	326000000.0	-102000000.0	102000000.0	1378000000.0	3201000000.0	3201000000.0				4579000000.0	17388000000.0	21967000000.0	21967000000.0	77149397.0	240850603.0	318000000.0	14996000000.0	37274000000.0	20170000000.0	46485000000.0	3329000000.0	20170000000.0	17249000000.0	26460000000.0	45893000000.0	26460000000.0	26460000000.0	-1515000000.0	-1515000000.0	15397000000.0	39175000000.0	4165000000.0	32000000.0	32000000.0	59021000000.0	44629000000.0	651000000.0	1571000000.0	1571000000.0	3825000000.0	4436000000.0	4436000000.0	34146000000.0	14713000000.0	19433000000.0	14392000000.0	3128000000.0	2536000000.0	592000000.0	592000000.0		11264000000.0	7368000000.0	3896000000.0		3896000000.0	85481000000.0	67760000000.0	3643000000.0	6290000000.0	6290000000.0	57827000000.0	-44652000000.0	102479000000.0	102479000000.0		17721000000.0	1335000000.0	620000000.0	10737000000.0	10737000000.0	-702000000.0	11439000000.0	5029000000.0	5029000000.0	500000000.0	-1020000000.0	-13000000.0	0.0	36000000.0	-818000000.0	218000000.0	843000000.0	5029000000.0	5943000000.0	-88000000.0	-826000000.0	-1340000000.0	-1340000000.0		-337000000.0	-337000000.0	-984000000.0	-1020000000.0	36000000.0	-13000000.0	-13000000.0	-13000000.0	0.0	-804000000.0	-804000000.0	21000000.0	-7000000.0	39000000.0	-46000000.0	-818000000.0	1318000000.0	1318000000.0	-1609000000.0	35000000.0	112000000.0	-982000000.0	-982000000.0	-982000000.0	-774000000.0	966000000.0	36000000.0	121000000.0	1063000000.0	1063000000.0	741000000.0		85481000000.0	17721000000.0	5029000000.0	5029000000.0	620000000.0	10737000000.0	67760000000.0	57827000000.0				6290000000.0			77000000.0	1335000000.0		59021000000.0	14392000000.0	3896000000.0			3128000000.0	19149000000.0	17249000000.0	19433000000.0	592000000.0		17841000000.0	7368000000.0	651000000.0	26460000000.0		39175000000.0	26492000000.0	244000000.0		4.05	3.97	0.08	2.0151	
2024-08-31																																		84000000.0																																																																												0.0																				0.0																								86711000000.0	18094000000.0	5943000000.0	5943000000.0	611000000.0	10312000000.0	68617000000.0	58349000000.0				6512000000.0			76000000.0	1228000000.0		59535000000.0	14111000000.0	3738000000.0			3132000000.0	45424000000.0	17479000000.0	19664000000.0	622000000.0		37765000000.0	7241000000.0	693000000.0	27176000000.0		38767000000.0	32000000.0	247352000.0		3.6	4.77	-1.17	-24.5283	
2024-05-31																																						-602000000.0	-602000000.0	-602000000.0																																										1916000000.0				334000000.0											25418000000.0																								-4000000.0																																	87007000000.0	18207000000.0	6501000000.0	6501000000.0	614000000.0	10087000000.0	68800000000.0			181000000.0	181000000.0	6423000000.0			360000000.0	1005000000.0		59425000000.0	13355000000.0	3189000000.0			2531000000.0	46070000000.0	17516000000.0	20135000000.0	68000000.0		37719000000.0	7301000000.0	689000000.0	27582000000.0		38649000000.0	32000000.0	248000000.0		5.41	5.37	0.04	0.7449	
2024-02-29																																																																																																																																																										86114000000.0	17424000000.0	5644000000.0	5644000000.0	640000000.0	9904000000.0	68690000000.0					6425000000.0				1236000000.0		59739000000.0	13308000000.0	3780000000.0			2514000000.0	46431000000.0	17325000000.0	20122000000.0	67000000.0		37514000000.0	7014000000.0	690000000.0	26375000000.0		37174000000.0	32000000.0	250000000.0		3.86	3.48	0.38	10.9195	
2023-11-30																																																																																																																																																										88051000000.0	19117000000.0	6729000000.0	6729000000.0	632000000.0	10665000000.0	68934000000.0	58775000000.0				6468000000.0				1091000000.0		61285000000.0	14248000000.0	4002000000.0			2767000000.0	47037000000.0	17655000000.0	20193000000.0	334000000.0		38182000000.0	7479000000.0	694000000.0	26766000000.0		36605000000.0	32000000.0	253000000.0		3.99	4.2	-0.21	-5.0	
2023-08-31																																																																																																																																																										87576000000.0	18887000000.0	7055000000.0	7055000000.0	631000000.0	10207000000.0	68689000000.0	58501000000.0				6422000000.0				994000000.0		61042000000.0	13811000000.0	3794000000.0			2733000000.0	47231000000.0	17720000000.0	20145000000.0	351000000.0		38216000000.0	7284000000.0	694000000.0	26534000000.0		36021000000.0	32000000.0	254000000.0		4.55	3.75	0.8	21.3333	
2023-05-31																																																																																																																																																										87110000000.0	18577000000.0	6856000000.0	6856000000.0	604000000.0	10188000000.0	68533000000.0	40698000000.0	-39926000000.0	234000000.0	234000000.0	6435000000.0			302000000.0	962000000.0		61055000000.0	13586000000.0	3848000000.0			2516000000.0	47469000000.0	17753000000.0	20453000000.0	126000000.0		38332000000.0	6917000000.0	695000000.0	26088000000.0	-11645000000.0	35259000000.0	32000000.0	254000000.0		4.94	4.88	0.06	1.2295	
2023-02-28																																																																																																																																																										85775000000.0	17944000000.0	5373000000.0	5373000000.0	631000000.0	10721000000.0	67831000000.0	39849000000.0	-39486000000.0			6455000000.0				1219000000.0		61042000000.0	13580000000.0	3987000000.0			2593000000.0	47462000000.0	17819000000.0	20122000000.0	147000000.0		38088000000.0	7000000000.0	27340000000.0	24733000000.0	-11766000000.0	34040000000.0	32000000.0	253000000.0		3.41	2.74	0.67	24.4526	
2022-11-30																																																																																																																																																										85591000000.0	18217000000.0	4646000000.0	4646000000.0	655000000.0	11644000000.0	67374000000.0	39721000000.0	-38811000000.0			6377000000.0				1272000000.0		61476000000.0	14039000000.0	3989000000.0			2670000000.0	47437000000.0	17788000000.0	20076000000.0	172000000.0		38036000000.0	7380000000.0	27361000000.0	24115000000.0	-11576000000.0	33557000000.0	32000000.0	256000000.0		3.18	2.82	0.36	12.766	
2022-08-31																																																																																																																																																										85826000000.0	19606000000.0	6850000000.0	6850000000.0	647000000.0	11055000000.0	66220000000.0	38806000000.0	-37906000000.0			6316000000.0				1054000000.0		60686000000.0	13765000000.0	4167000000.0			2609000000.0	46921000000.0	17588000000.0	19918000000.0	139000000.0		37645000000.0	6989000000.0	27003000000.0	25140000000.0	-10389000000.0	33060000000.0	32000000.0	262000000.0		3.44	5.14	-1.7	-33.0739	
2022-05-31																																																																																																																																																										85994000000.0	20365000000.0	6897000000.0	6897000000.0	637000000.0	11863000000.0	65629000000.0	54704000000.0	-37184000000.0	301000000.0	301000000.0	6544000000.0				968000000.0		61055000000.0	14274000000.0	4030000000.0			2525000000.0	46781000000.0	16930000000.0	20182000000.0	82000000.0		37194000000.0	7187000000.0	682000000.0	24939000000.0	-10484000000.0	32782000000.0	32000000.0	261971831.0		6.87	6.88	-0.01	-0.1453	
2022-02-28																																																																																																																																																										84108000000.0	19466000000.0	6065000000.0	6065000000.0	611000000.0	11668000000.0	64642000000.0	37376000000.0	-36770000000.0			6755000000.0				1122000000.0		59582000000.0	13990000000.0	4187000000.0			2511000000.0	45592000000.0	16845000000.0	20393000000.0	116000000.0		37354000000.0	7292000000.0	25199000000.0	24526000000.0	-10530000000.0	32225000000.0	32000000.0	265000000.0		4.59	4.65	-0.06	-1.2903	
2021-11-30																																																																																																																																																										84247000000.0	20747000000.0	6833000000.0	6833000000.0	594000000.0	12197000000.0	63500000000.0	37153000000.0	-35821000000.0			6702000000.0				1123000000.0		59307000000.0	13884000000.0	4190000000.0			2488000000.0	45423000000.0	16326000000.0	20386000000.0	117000000.0		36829000000.0	7206000000.0	4326000000.0	24940000000.0	-9075000000.0	31307000000.0	32000000.0	268000000.0		4.83	4.29	0.54	12.5874	
2021-08-31																																																																																																																																																										82048000000.0	19546000000.0	6853000000.0	6853000000.0	577000000.0	11125000000.0	62502000000.0	51895000000.0				6843000000.0				991000000.0		57727000000.0	12910000000.0	3822000000.0			2388000000.0	44817000000.0	15645000000.0	20554000000.0	125000000.0		36324000000.0	6700000000.0	977000000.0	24321000000.0	-8902000000.0	30462000000.0	32000000.0	271000000.0		4.37	4.92	-0.55	-11.1789	
2021-05-31																																																																																																																																																										82777000000.0	20580000000.0	7087000000.0	7087000000.0	587000000.0	12069000000.0	62197000000.0	51135000000.0	-34325000000.0	352000000.0	352000000.0	6992000000.0			24168000000.0	837000000.0		58609000000.0	13660000000.0	3841000000.0			2354000000.0	44949000000.0	15583000000.0	20733000000.0	146000000.0		36462000000.0	6828000000.0	983000000.0	24168000000.0	-8430000000.0	29817000000.0	32000000.0	271511628.0		5.01	5.0	0.01	0.2	
2021-02-28																																																																																																																																																										82793000000.0	21710000000.0	8856000000.0	8856000000.0	583000000.0	11481000000.0	61083000000.0	49954000000.0	-33713000000.0			6977000000.0			21981000000.0	790000000.0		60812000000.0	13566000000.0	3990000000.0			2779000000.0	47246000000.0	15123000000.0	22797000000.0	646000000.0		38566000000.0	6797000000.0	809000000.0	21981000000.0	-8656000000.0	27924000000.0	32000000.0	270000000.0		3.47	3.24	0.23	7.0988	
2020-11-30																																																																																																																																																										81156000000.0	21265000000.0	8339000000.0	8339000000.0	587000000.0	11417000000.0	59891000000.0	34610000000.0	-32904000000.0			6702000000.0			21039000000.0	922000000.0		60117000000.0	12115000000.0	3733000000.0			2220000000.0	48002000000.0	15132000000.0	23221000000.0	97000000.0		38450000000.0	6162000000.0	6051000000.0	21039000000.0	-8703000000.0	27208000000.0	32000000.0	269000000.0		4.83	4.01	0.82	20.4489	
2020-08-31																																																																																																																																																										77648000000.0	18903000000.0	6954000000.0	6954000000.0	593000000.0	10508000000.0	58745000000.0	48758000000.0	-32184000000.0			6633000000.0				848000000.0		58186000000.0	11195000000.0	3339000000.0			2111000000.0	46991000000.0	14738000000.0	23204000000.0	87000000.0		38029000000.0	5745000000.0	719000000.0	19462000000.0	-9033000000.0	26108000000.0	32000000.0	263000000.0		4.87	2.72	2.15	79.0441	
2020-05-31																																																																																																																																																										73537000000.0	16383000000.0	4881000000.0	4881000000.0	572000000.0	10102000000.0	57154000000.0	33608000000.0	-31416000000.0	322000000.0	322000000.0	6372000000.0				828000000.0		55242000000.0	10344000000.0	3269000000.0			1974000000.0	44898000000.0	14603000000.0	21518000000.0	51000000.0		36121000000.0	4684000000.0	5485000000.0	18295000000.0	-9162000000.0	25216000000.0	32000000.0	261000000.0		2.53	1.57	0.96	61.1465	
2020-02-29																																																																																																																																																										70014000000.0	12541000000.0	1766000000.0	1766000000.0	568000000.0	9323000000.0	57473000000.0	33306000000.0	-30999000000.0			6814000000.0				884000000.0		51183000000.0	10325000000.0	3193000000.0			2237000000.0	40858000000.0	14134000000.0	18973000000.0	335000000.0		33442000000.0	4895000000.0	21885000000.0	18831000000.0	-9207000000.0	25569000000.0	32000000.0	262000000.0		1.41	1.27	0.14	11.0236	
2019-11-30																																																																																																																																																										69954000000.0	13198000000.0	2031000000.0	2031000000.0	576000000.0	9709000000.0	56756000000.0	32408000000.0	-30307000000.0			6861000000.0				882000000.0		51295000000.0	10547000000.0	3283000000.0			2094000000.0	40748000000.0	14468000000.0	18599000000.0	150000000.0		33217000000.0	5170000000.0	22057000000.0	18659000000.0	-9225000000.0	25431000000.0	32000000.0	262000000.0		2.51	2.79	-0.28	-10.0358	
2019-08-31																																																																																																																																																										68452000000.0	13017000000.0	2389000000.0	2389000000.0	574000000.0	9312000000.0	55435000000.0	31610000000.0	-29826000000.0			6821000000.0				742000000.0		50286000000.0	9935000000.0	3179000000.0			1931000000.0	40351000000.0	14162000000.0	18632000000.0	35000000.0		32794000000.0	4825000000.0	21625000000.0	18166000000.0	-9253000000.0	25048000000.0	32000000.0	262000000.0		3.05	3.15	-0.1	-3.1746	
2019-05-31																																																																																																																																																										54403000000.0	13086000000.0	2319000000.0	2319000000.0	553000000.0	9116000000.0	41317000000.0	30429000000.0	-29082000000.0	416000000.0	416000000.0	6884000000.0				1098000000.0		36646000000.0	9013000000.0	3030000000.0			964000000.0	27633000000.0		16617000000.0	964000000.0		17581000000.0	4715000000.0	11016000000.0	17757000000.0	-9289000000.0	24648000000.0	32000000.0	260808410.0		5.01	4.83	0.18	3.7267	
2019-02-28																																																																																																																																																										54464000000.0	13500000000.0	2872000000.0	2872000000.0	546000000.0	9037000000.0	40964000000.0	29768000000.0	-28396000000.0			6916000000.0				1045000000.0		34570000000.0	9256000000.0	3156000000.0			1198000000.0	25314000000.0		17218000000.0	1198000000.0		18416000000.0	4902000000.0	8096000000.0	19894000000.0	-9260000000.0	26650000000.0	32000000.0	263000000.0		3.03	3.1	-0.07	-2.2581	
2018-11-30																																																																																																																																																										53289000000.0	13438000000.0	2123000000.0	2123000000.0	522000000.0	9573000000.0	39851000000.0	29387000000.0	-28114000000.0	6908000000.0	6908000000.0	6908000000.0			0.0	1220000000.0		33995000000.0	9496000000.0	3400000000.0			892000000.0	24499000000.0		16399000000.0	642000000.0		17291000000.0	5204000000.0	8100000000.0	19294000000.0	-9186000000.0	26080000000.0	32000000.0	266000000.0		4.03	3.93	0.1	2.5445	
2018-08-31																																																																																																																																																										51901000000.0	12641000000.0	2369000000.0	2369000000.0	523000000.0	8716000000.0	39260000000.0	28779000000.0	-27547000000.0	6869000000.0	6869000000.0	6869000000.0			0.0	1033000000.0		32728000000.0	9606000000.0	3066000000.0			1703000000.0	23122000000.0		15241000000.0	1404000000.0		16944000000.0	4837000000.0	7881000000.0	19173000000.0	-8565000000.0	25315000000.0	32000000.0	269000000.0		3.46	3.8	-0.34	-8.9474	
2018-05-31																																																																																																																																																										52330000000.0	13341000000.0	3265000000.0	3265000000.0	525000000.0	8481000000.0	38989000000.0	28154000000.0	-26967000000.0	480000000.0	480000000.0	6973000000.0			0.0	1070000000.0		32914000000.0	9627000000.0	2977000000.0			1342000000.0	23287000000.0		15243000000.0	1342000000.0		16585000000.0	4974000000.0	8044000000.0	19416000000.0	-7978000000.0	24823000000.0	32000000.0	271000000.0		5.91	5.71	0.2	3.5026	
2018-02-28																																																																																																																																																										51851000000.0	13575000000.0	2789000000.0	2789000000.0	523000000.0	8671000000.0	38276000000.0	27697000000.0	-26680000000.0	7464000000.0	7464000000.0	7464000000.0			0.0	1592000000.0		32957000000.0	9503000000.0	3102000000.0			1563000000.0	23454000000.0		16017000000.0	764000000.0		17580000000.0	4838000000.0	7437000000.0	18894000000.0	-7576000000.0	23710000000.0	32000000.0	273000000.0		3.72	3.11	0.61	19.6141	
2017-11-30																																																																																																																																																										50281000000.0	12881000000.0	2768000000.0	2768000000.0	533000000.0	8655000000.0	37400000000.0	27290000000.0	-25950000000.0	7325000000.0	7325000000.0	7325000000.0			0.0	925000000.0		33226000000.0	8227000000.0	3147000000.0			261000000.0	24999000000.0		15180000000.0	11000000.0		15441000000.0	4819000000.0	9819000000.0	17055000000.0	-7383000000.0	21785000000.0	32000000.0	272000000.0		3.18	2.88	0.3	10.4167	
2017-08-31																																																																																																																																																										49350000000.0	12722000000.0	3503000000.0	3503000000.0	516000000.0	8006000000.0	36628000000.0	26235000000.0	-25305000000.0	7382000000.0	7382000000.0	7382000000.0			0.0	697000000.0		32732000000.0	7790000000.0	2938000000.0			19000000.0	24942000000.0		15137000000.0	15156000000.0		15156000000.0	4833000000.0	9805000000.0	16618000000.0	-7275000000.0	21156000000.0	32000000.0	272000000.0		3.32	3.09	0.23	7.4434	
2017-05-31																																																																																																																																																										48552000000.0	12628000000.0	3969000000.0	3969000000.0	514000000.0	7599000000.0	35924000000.0	25981000000.0	-24645000000.0	529000000.0	529000000.0	7154000000.0			0.0	546000000.0		32479000000.0	7918000000.0	2752000000.0			22000000.0	24561000000.0		14909000000.0	22000000.0		14931000000.0	4861000000.0	9652000000.0	16073000000.0	-7382000000.0	20833000000.0	32000000.0	271000000.0		4.25	3.87	0.38	9.8191	
2017-02-28																																																																																																																																																										46781000000.0	11938000000.0	3173000000.0	3173000000.0	527000000.0	7418000000.0	34843000000.0	25613000000.0	-24139000000.0	7000000000.0	7000000000.0	7000000000.0			0.0	820000000.0		31597000000.0	7450000000.0	2707000000.0			45000000.0	24147000000.0		14713000000.0	45000000.0		14758000000.0	4698000000.0	9434000000.0	15184000000.0	-7320000000.0	19830000000.0	32000000.0	271000000.0		2.35	2.62	-0.27	-10.3053	
2016-11-30																																																																																																																																																										46348000000.0	12052000000.0	3059000000.0	3059000000.0	517000000.0	7575000000.0	34296000000.0	25307000000.0	-23611000000.0	6921000000.0	6921000000.0	6921000000.0			0.0	901000000.0		31817000000.0	7807000000.0	2954000000.0			43000000.0	24010000000.0		13553000000.0	43000000.0		13596000000.0	4810000000.0	10457000000.0	14531000000.0	-7432000000.0	19410000000.0	32000000.0	270000000.0		2.8	2.91	-0.11	-3.7801	
2016-08-31																																																																																																																																																										45575000000.0	11401000000.0	2989000000.0	2989000000.0	512000000.0	7233000000.0	34174000000.0	24804000000.0	-23317000000.0	6783000000.0	6783000000.0	6783000000.0			0.0	667000000.0		31433000000.0	7474000000.0	2851000000.0			47000000.0	23959000000.0		13735000000.0	47000000.0		13782000000.0	4576000000.0	10224000000.0	14142000000.0	-7494000000.0	18862000000.0	32000000.0	269000000.0		2.9	2.78	0.12	4.3165	
2016-05-31																																																																																																																																																										46064000000.0	11989000000.0	3534000000.0	3534000000.0	496000000.0	7252000000.0	34075000000.0	24284000000.0	-22734000000.0	1008000000.0	1008000000.0	6747000000.0			0.0	707000000.0		32280000000.0	8008000000.0	2944000000.0			29000000.0	24167000000.0		13838000000.0	29000000.0		13867000000.0	4724000000.0	10434000000.0	13784000000.0	-7342000000.0	18371000000.0	32000000.0	269000000.0		3.3	3.28	0.02	0.6098	
2016-02-29																																																																																																																																																										37819000000.0	10237000000.0	2841000000.0	2841000000.0	476000000.0	5634000000.0	27582000000.0	22552000000.0	-23480000000.0	3764000000.0	3764000000.0	3764000000.0			0.0	1286000000.0		23492000000.0	5939000000.0	2024000000.0			11000000.0	17553000000.0		8477000000.0			8488000000.0	3904000000.0	9076000000.0	14327000000.0	-6896000000.0	18481000000.0	32000000.0	275000000.0		2.51	2.34	0.17	7.265	
2015-11-30																																																																																																																																																										38371000000.0	11152000000.0	3647000000.0	3647000000.0	493000000.0	5865000000.0	27219000000.0	22278000000.0	-22964000000.0	3806000000.0	3806000000.0	3806000000.0			0.0	1147000000.0		23381000000.0	5951000000.0	2129000000.0			14000000.0	17430000000.0		8481000000.0			8495000000.0	3808000000.0	6183000000.0	14990000000.0	-5888000000.0	18048000000.0	32000000.0	283000000.0		2.58	2.5	0.08	3.2	
2015-08-31																																																																																																																																																										37245000000.0	10703000000.0	3543000000.0	3543000000.0	488000000.0	5617000000.0	26542000000.0	21483000000.0	-22506000000.0	3792000000.0	3792000000.0	3792000000.0			0.0	1055000000.0		21962000000.0	5844000000.0	2049000000.0			14000000.0	16118000000.0		7244000000.0			7258000000.0	3781000000.0	6153000000.0	15283000000.0	-5007000000.0	17434000000.0	32000000.0	286000000.0		2.42	2.45	-0.03	-1.2245	
2015-05-31																																																																																																																																																										37069000000.0	10941000000.0	3763000000.0	3763000000.0	498000000.0	5719000000.0	26128000000.0	20875000000.0	-21989000000.0	207000000.0	207000000.0	3810000000.0			0.0	961000000.0		22076000000.0	5956000000.0	2066000000.0			19000000.0	15582000000.0		7249000000.0	19000000.0		7268000000.0	3543000000.0	6231000000.0	14993000000.0	-4897000000.0	16900000000.0	32000000.0	283000000.0		2.66	2.69	-0.03	-1.1152	
2015-02-28																																																																																																																																																										36108000000.0	10482000000.0	3478000000.0	3478000000.0	488000000.0	5584000000.0	25626000000.0	20425000000.0	-22227000000.0	3805000000.0	3805000000.0	3805000000.0			0.0	932000000.0		20096000000.0	5243000000.0	2050000000.0				14853000000.0		7228000000.0			7228000000.0	3193000000.0	4247000000.0	16012000000.0	-4730000000.0	21880000000.0	32000000.0	287000000.0		2.01	1.88	0.13	6.9149	
2014-11-30																																																																																																																																																										32984000000.0	9212000000.0	2266000000.0	2266000000.0	476000000.0	5592000000.0	23772000000.0	19893000000.0	-21723000000.0	2734000000.0	2734000000.0	2734000000.0			0.0	878000000.0		17421000000.0	5173000000.0	1968000000.0				12248000000.0		4735000000.0			4735000000.0	3205000000.0	4384000000.0	15563000000.0	-4780000000.0	21480000000.0	32000000.0	287000000.0		2.14	2.22	-0.08	-3.6036	
2014-08-31																																																																																																																																																										32587000000.0	9250000000.0	2416000000.0	2416000000.0	481000000.0	5487000000.0	23337000000.0	19424000000.0	-21442000000.0	2775000000.0	2775000000.0	2775000000.0			0.0	866000000.0		17466000000.0	5153000000.0	1973000000.0			1000000.0	12313000000.0		4735000000.0			4736000000.0	3179000000.0	4523000000.0	15121000000.0	-4767000000.0	20921000000.0	32000000.0	289000000.0		2.1	1.95	0.15	7.6923	
2014-05-31																																																																																																																																																										33070000000.0	9683000000.0	2908000000.0	2908000000.0	463000000.0	5460000000.0	23387000000.0	19550000000.0	-21141000000.0	57000000.0	57000000.0	2790000000.0			0.0	852000000.0		17793000000.0	5312000000.0	1971000000.0			1000000.0	12481000000.0		4736000000.0	4737000000.0		4737000000.0	3001000000.0	4667000000.0	15277000000.0	-4133000000.0	20429000000.0	32000000.0	296000000.0		2.46	2.36	0.1	4.2373	
2014-02-28																																																																																																																																																										32729000000.0	9781000000.0	3042000000.0	3042000000.0	462000000.0	5197000000.0	22948000000.0	19285000000.0	-20734000000.0	2739000000.0	2739000000.0	2739000000.0			0.0	1080000000.0		17502000000.0	5019000000.0	1903000000.0			1000000.0	12483000000.0		4735000000.0			4736000000.0	3115000000.0	4716000000.0	15227000000.0	-3009000000.0	19699000000.0	32000000.0	307000000.0		1.23	1.46	-0.23	-15.7534	
2013-11-30																																																																																																																																																										33542000000.0	10866000000.0	3935000000.0	3935000000.0	458000000.0	5377000000.0	22676000000.0	19120000000.0	-20181000000.0	2737000000.0	2737000000.0	2737000000.0			0.0	1096000000.0		16009000000.0	5406000000.0	1868000000.0			251000000.0	10603000000.0		2739000000.0			2990000000.0	3287000000.0	3813000000.0	17533000000.0	-762000000.0	19366000000.0	32000000.0	319000000.0		1.57	1.65	-0.08	-4.8485	
2013-08-31																																																																																																																																																										33673000000.0	11493000000.0	5096000000.0	5096000000.0	451000000.0	4990000000.0	22180000000.0	18437000000.0	-19730000000.0	2712000000.0	2712000000.0	2712000000.0			0.0	956000000.0		16018000000.0	5523000000.0	1879000000.0			254000000.0	10495000000.0		2739000000.0			2993000000.0	3390000000.0	3922000000.0	17655000000.0	-129000000.0	18913000000.0	32000000.0	319000000.0		1.53	1.5	0.03	2.0	
2013-05-31																																																																																																																																																										33567000000.0	11274000000.0	4917000000.0	4917000000.0	457000000.0	5044000000.0	22293000000.0	18484000000.0	-19625000000.0	72000000.0	72000000.0	2755000000.0			0.0	856000000.0		16169000000.0	5750000000.0	1879000000.0			251000000.0	10419000000.0		2739000000.0			2990000000.0	3252000000.0	5023000000.0	17398000000.0	-1000000.0	18519000000.0	32000000.0	319000000.0		2.13	1.96	0.17	8.6735	
2013-02-28																																																																																																																																																										31830000000.0	9745000000.0	3372000000.0	3372000000.0	460000000.0	4950000000.0	22085000000.0	18328000000.0	-19786000000.0	2765000000.0	2765000000.0	2765000000.0			0.0	963000000.0		15718000000.0	5099000000.0	1730000000.0			251000000.0	10619000000.0		1991000000.0			2242000000.0	3118000000.0	5500000000.0	16112000000.0	-49000000.0	18216000000.0	32000000.0	317000000.0		1.23	1.38	-0.15	-10.8696	
2012-11-30																																																																																																																																																										31312000000.0	9159000000.0	2517000000.0	2517000000.0	456000000.0	5202000000.0	22153000000.0	18349000000.0	-19400000000.0	2757000000.0	2757000000.0	2757000000.0			0.0	984000000.0		15769000000.0	4828000000.0	1730000000.0			1000000.0	10941000000.0		2241000000.0			2242000000.0	3097000000.0	5593000000.0	15543000000.0	-253000000.0	17899000000.0	32000000.0	315000000.0		1.39	1.41	-0.02	-1.4184	
2012-08-31																																																																																																																																																										30691000000.0	8877000000.0	2743000000.0	2743000000.0	465000000.0	4780000000.0	21814000000.0	17866000000.0	-19096000000.0	2734000000.0	2734000000.0	2734000000.0			0.0	889000000.0		15667000000.0	4809000000.0	1643000000.0			117000000.0	10858000000.0		2242000000.0			2359000000.0	3049000000.0	5666000000.0	15024000000.0	-278000000.0	17505000000.0	32000000.0	316000000.0		1.45	1.4	0.05	3.5714	
2012-05-31																																																																																																																																																										29903000000.0	9056000000.0	2843000000.0	2843000000.0	440000000.0	4704000000.0	20847000000.0	17248000000.0	-18916000000.0	2421000000.0	2421000000.0	2387000000.0			0.0	1069000000.0		15176000000.0	5374000000.0	1613000000.0			834000000.0	9802000000.0		1250000000.0			1667000000.0	2927000000.0	5718000000.0	14727000000.0	-81000000.0	17134000000.0	32000000.0	317000000.0		1.99	1.92	0.07	3.6458	
2012-02-29																																																																																																																																																										28752000000.0	8198000000.0	2040000000.0	2040000000.0	447000000.0	4635000000.0	20554000000.0	16843000000.0		2419000000.0	2419000000.0	2419000000.0			0.0	1076000000.0		12183000000.0	5152000000.0	1687000000.0			419000000.0	7031000000.0		1251000000.0			1670000000.0	3046000000.0	1796000000.0	16569000000.0	-138000000.0	16584000000.0	32000000.0	316000000.0		1.55	1.34	0.21	15.6716	
2011-11-30																																																																																																																																																										28452000000.0	8168000000.0	1896000000.0	1896000000.0	440000000.0	4837000000.0	20284000000.0	16709000000.0		2399000000.0	2399000000.0	2399000000.0			0.0	995000000.0		12535000000.0	5380000000.0	1646000000.0			428000000.0	7155000000.0		1251000000.0			1679000000.0	3306000000.0	2241000000.0	15917000000.0	-194000000.0	16103000000.0	32000000.0	316000000.0		1.57	1.53	0.04	2.6144	
2011-08-31																																																																																																																																																										27838000000.0	7963000000.0	1959000000.0	1959000000.0	418000000.0	4624000000.0	19875000000.0	15820000000.0		2435000000.0	2435000000.0	2435000000.0			0.0	962000000.0		12124000000.0	4981000000.0	1563000000.0			301000000.0	7143000000.0		1367000000.0			1668000000.0	3117000000.0	2307000000.0	15714000000.0	-12000000.0	15648000000.0	32000000.0	318000000.0		1.46	1.45	0.01	0.6897	
2011-05-31																																																																																																																																																										27385000000.0	8285000000.0	2328000000.0	2328000000.0	437000000.0	4581000000.0	19100000000.0	15543000000.0	-18143000000.0	2364000000.0	2364000000.0	2326000000.0			0.0	939000000.0		12165000000.0	4882000000.0	1702000000.0			36000000.0	7283000000.0		1667000000.0			1685000000.0	3144000000.0	2278000000.0	15220000000.0	-12000000.0	15266000000.0	32000000.0	318000000.0		1.73	1.73	0.0	0.0	
2011-02-28																																																																																																																																																										26202000000.0	7238000000.0	1359000000.0	1359000000.0	413000000.0	4478000000.0	18964000000.0	15328000000.0	-17750000000.0	2321000000.0	2321000000.0	2321000000.0			0.0	988000000.0		11322000000.0	4574000000.0	1590000000.0			18000000.0	6748000000.0		1667000000.0			1685000000.0	2966000000.0	1756000000.0	14880000000.0	-12000000.0	14709000000.0	31000000.0	317000000.0		0.81	0.82	-0.01	-1.2195	
2010-11-30																																																																																																																																																										26093000000.0	7398000000.0	1877000000.0	1877000000.0	400000000.0	4279000000.0	18695000000.0	15266000000.0	-17454000000.0	2224000000.0	2224000000.0	2224000000.0			0.0	842000000.0		11532000000.0	4863000000.0	1561000000.0			251000000.0	6669000000.0		1667000000.0			1918000000.0	3051000000.0	1887000000.0	14561000000.0	-12000000.0	14515000000.0	31000000.0	316000000.0		1.16	1.31	-0.15	-11.4504	
2010-08-31																																																																																																																																																										25212000000.0	7036000000.0	1709000000.0	1709000000.0	377000000.0	4135000000.0	18176000000.0	14679000000.0	-17094000000.0	2211000000.0	2211000000.0	2211000000.0			0.0	815000000.0		11007000000.0	4541000000.0	1423000000.0			251000000.0	6466000000.0		1668000000.0			1919000000.0	2867000000.0	1845000000.0	14205000000.0	-12000000.0	14270000000.0	31000000.0	315000000.0		1.2	1.2	0.0	0.0	
2010-05-31																																																																																																																																																										24902000000.0	7284000000.0	1952000000.0	1952000000.0	389000000.0	4163000000.0	17618000000.0	14385000000.0	-16917000000.0	2269000000.0	2269000000.0	2200000000.0			0.0	780000000.0		11091000000.0	4645000000.0	1522000000.0			262000000.0	6446000000.0		1668000000.0			1930000000.0	2861000000.0	1856000000.0	13811000000.0	-7000000.0	13966000000.0	31000000.0	314000000.0		1.36	1.32	0.04	3.0303	
2010-02-28																																																																																																																																																										24876000000.0	6683000000.0	1549000000.0	1549000000.0	380000000.0	3937000000.0	18193000000.0	14003000000.0	-16672000000.0	2229000000.0	2229000000.0	2229000000.0			0.0	817000000.0		10496000000.0	4372000000.0	1489000000.0			283000000.0	6124000000.0		1668000000.0			1951000000.0	2600000000.0	2304000000.0	14380000000.0	-3000000.0	13546000000.0	31000000.0	314000000.0		0.76	0.73	0.03	4.1096	
2009-11-30																																																																																																																																																										24594000000.0	6434000000.0	1465000000.0	1465000000.0	391000000.0	3771000000.0	18160000000.0	13937000000.0	-16297000000.0	2237000000.0	2237000000.0	2237000000.0			0.0	807000000.0		10426000000.0	4119000000.0	1417000000.0			40000000.0	6307000000.0		1918000000.0			1958000000.0	2662000000.0	2271000000.0	14168000000.0	-3000000.0	13342000000.0	31000000.0	314000000.0		1.1	1.1	0.0	0.0	
2009-08-31																																																																																																																																																										23857000000.0	6388000000.0	1789000000.0	1789000000.0	372000000.0	3410000000.0	17469000000.0	13538000000.0		2233000000.0	2233000000.0	2233000000.0			0.0	817000000.0		10071000000.0	3886000000.0	1311000000.0			158000000.0	6185000000.0		1918000000.0			2076000000.0	2417000000.0		13786000000.0	-4000000.0	13031000000.0	31000000.0	312000000.0		0.58	0.58	0.0	0.0	
2009-05-31																																																																																																																																																										24244000000.0	7116000000.0	2292000000.0	2292000000.0	367000000.0	3391000000.0	17128000000.0	13417000000.0		1171000000.0	1171000000.0	2229000000.0				1066000000.0		10618000000.0	4524000000.0	1372000000.0			653000000.0	6094000000.0		1930000000.0			2583000000.0	2499000000.0		13626000000.0	-4000000.0	12919000000.0	31000000.0	312000000.0		0.64	0.51	0.13	25.4902	
2009-02-28																																																																																																																																																										27006000000.0	7373000000.0	2673000000.0	2673000000.0	370000000.0	3520000000.0	19633000000.0	13619000000.0		1198000000.0	1198000000.0	3113000000.0				810000000.0		11455000000.0	4893000000.0	1392000000.0			1089000000.0	6562000000.0		1918000000.0			3007000000.0	2412000000.0		15551000000.0	-4000000.0	13795000000.0	31000000.0	312000000.0		0.31	0.46	-0.15	-32.6087	
2008-11-30																																																																																																																																																										26384000000.0	6834000000.0	1542000000.0	1542000000.0	405000000.0	4103000000.0	19550000000.0	13610000000.0		1071000000.0	1071000000.0	3121000000.0				784000000.0		10903000000.0	5523000000.0	1878000000.0			1089000000.0	5380000000.0		918000000.0			2007000000.0	2556000000.0		15481000000.0	-4000000.0	13733000000.0	31000000.0	312000000.0		1.58	1.58	0.0	0.0	
2008-08-31																																																																																																																																																										26143000000.0	7174000000.0	1573000000.0	1573000000.0	412000000.0	4361000000.0	18969000000.0	13533000000.0		966000000.0	966000000.0	3160000000.0				828000000.0		11003000000.0	5519000000.0	2050000000.0			1001000000.0	5484000000.0		1007000000.0			2008000000.0	2468000000.0		15140000000.0	-4000000.0	13274000000.0	31000000.0	311000000.0		1.23	1.23	0.0	0.0	
2008-05-31																																																																																																																																																										25633000000.0	7244000000.0	1539000000.0	1539000000.0	435000000.0	4359000000.0	18389000000.0	13478000000.0		919000000.0	919000000.0	3165000000.0				911000000.0		11107000000.0	5368000000.0	2195000000.0			502000000.0	5739000000.0		1506000000.0			2008000000.0	2671000000.0		14526000000.0	-4000000.0	13002000000.0	31000000.0	312000000.0		1.45	1.47	-0.02	-1.3605	
2008-02-29																																																																																																																																																										24596000000.0	6431000000.0	1011000000.0	1011000000.0	384000000.0	4242000000.0	18165000000.0	13314000000.0		1332000000.0	1332000000.0	3519000000.0				794000000.0		10404000000.0	4612000000.0	2164000000.0			18000000.0	5792000000.0		2006000000.0			2024000000.0	2430000000.0		14192000000.0	-3000000.0	13244000000.0	31000000.0	312000000.0		1.26	1.23	0.03	2.439	
2007-11-30																																																																																																																																																										24347000000.0	6351000000.0	830000000.0	830000000.0	392000000.0	4324000000.0	17996000000.0	13225000000.0		1256000000.0	1256000000.0	3515000000.0				805000000.0		10587000000.0	4910000000.0	2300000000.0			127000000.0	5677000000.0		2007000000.0			2134000000.0	2483000000.0		13760000000.0	-4000000.0	12882000000.0	31000000.0	312000000.0		1.54	1.5	0.04	2.6667	
2007-08-31																																																																																																																																																										23906000000.0	6228000000.0	1112000000.0	1112000000.0	342000000.0	3959000000.0	17678000000.0	12943000000.0		1233000000.0	1233000000.0	3502000000.0				815000000.0		10685000000.0	4695000000.0	2018000000.0			134000000.0	5990000000.0		2007000000.0			2141000000.0	2543000000.0		13221000000.0	-4000000.0	12433000000.0	31000000.0	314700000.0		1.58	1.54	0.04	2.5974	
2007-05-31																																																																																																																																																										24000000000.0	6629000000.0	1569000000.0	1569000000.0	338000000.0	3942000000.0	17371000000.0	12636000000.0		1238000000.0	1238000000.0	3497000000.0				780000000.0		11344000000.0	5428000000.0	2016000000.0			639000000.0	5916000000.0		2007000000.0			2646000000.0	2773000000.0		12656000000.0	-4000000.0	11970000000.0	31000000.0	311000000.0		1.9	1.96	-0.06	-3.0612	
2007-02-28																																																																																																																																																										24973000000.0	6767000000.0	1770000000.0	1770000000.0	322000000.0	3925000000.0	18206000000.0	12169000000.0		1362000000.0	1362000000.0	3136000000.0				750000000.0		11963000000.0	5770000000.0	1888000000.0			1259000000.0	6193000000.0		2005000000.0			3264000000.0	2623000000.0		13010000000.0	-3000000.0	11391000000.0	31000000.0	311111111.0		1.35	1.33	0.02	1.5038	
2006-11-30																																																																																																																																																										24713000000.0	6843000000.0	1855000000.0	1855000000.0	325000000.0	3956000000.0	17870000000.0	11988000000.0		1305000000.0	1305000000.0	2941000000.0				707000000.0		12155000000.0	5974000000.0	2060000000.0			1168000000.0	6181000000.0		2047000000.0			3215000000.0	2746000000.0		12558000000.0	-4000000.0	10999000000.0	31000000.0	311585366.0		1.89	1.74	0.15	8.6207	
2006-08-31																																																																																																																																																										23878000000.0	7342000000.0	2690000000.0	2690000000.0	320000000.0	3624000000.0	16536000000.0	11115000000.0		1245000000.0	1245000000.0	2825000000.0				708000000.0		11857000000.0	5623000000.0	1875000000.0			1130000000.0	6234000000.0		2090000000.0			3220000000.0	2618000000.0		12021000000.0	-2000000.0	10516000000.0	31000000.0	310457516.0		1.53	1.51	0.02	1.3245	
2006-05-31																																																																																																																																																										22690000000.0	6464000000.0	1937000000.0	1937000000.0	308000000.0	3516000000.0	16226000000.0	10770000000.0		1282000000.0	1282000000.0	2825000000.0				703000000.0		11179000000.0	5473000000.0	1908000000.0			850000000.0	5706000000.0		1592000000.0			2442000000.0	2715000000.0		11511000000.0	-2000000.0	10068000000.0	31000000.0	309777015.0		1.82	1.77	0.05	2.8249	
2006-02-28																																																																																																																																																										21539000000.0	5514000000.0	1121000000.0	1121000000.0	294000000.0	3401000000.0	16025000000.0	10423000000.0		1332000000.0	1332000000.0	2827000000.0				698000000.0		10615000000.0	4511000000.0	1847000000.0			241000000.0	6104000000.0		2209000000.0			2450000000.0	2423000000.0		10924000000.0		9528000000.0	31000000.0	310144928.0		1.38	1.3	0.08	6.1538	
2005-11-30																																																																																																																																																										21211000000.0	5292000000.0	786000000.0	786000000.0	278000000.0	3546000000.0	15919000000.0	10275000000.0		1281000000.0	1281000000.0	2826000000.0				682000000.0		10803000000.0	4791000000.0	1859000000.0			493000000.0	6012000000.0		2203000000.0			2696000000.0	2439000000.0		10408000000.0		9125000000.0	30000000.0	307843137.0		1.53	1.4	0.13	9.2857	
2005-08-31																																																																																																																																																																																															1.25	1.17	0.08	6.8376	
2005-05-31																																																																																																																																																																																															1.46	1.48	-0.02	-1.3514	
2005-02-28																																																																																																																																																																																															1.03	0.98	0.05	5.102	
2004-11-30																																																																																																																																																																																															1.21	1.26	-0.05	-3.9683	
2004-08-31																																																																																																																																																																																															1.08	1.08	0.0	0.0	
2004-05-31																																																																																																																																																																																															1.33	1.34	-0.01	-0.7463	
2004-02-29																																																																																																																																																																																															0.71	0.66	0.05	7.5758	
2003-11-30																																																																																																																																																																																															0.87	0.89	-0.02	-2.2472	
2003-08-31																																																																																																																																																																																															0.61	0.57	0.04	7.0175	
2003-05-31																																																																																																																																																																																															0.92	0.9	0.02	2.2222	
2003-02-28																																																																																																																																																																																															0.49	0.5	-0.01	-2.0	
2002-11-30																																																																																																																																																																																															0.81	0.79	0.02	2.5316	
2002-08-31																																																																																																																																																																																															0.52	0.49	0.03	6.1224	
2002-05-31																																																																																																																																																																																															0.78	0.77	0.01	1.2987	
2002-02-28																																																																																																																																																																																															0.39	0.37	0.02	5.4054	
2001-11-30																																																																																																																																																																																															0.81	0.63	0.18	28.5714	
2001-08-31																																																																																																																																																																																															0.41	0.31	0.1	32.2581	
2001-05-31																																																																																																																																																																																															0.64	0.52	0.12	23.0769	
2001-02-28																																																																																																																																																																																															0.37	0.38	-0.01	-2.6316	
2000-11-30																																																																																																																																																																																															0.67	0.66	0.01	1.5152	
2000-08-31																																																																																																																																																																																															0.58	0.54	0.04	7.4074	
2000-05-31																																																																																																																																																																																															0.85	0.81	0.04	4.9383	
2000-02-29																																																																																																																																																																																															0.39	0.34	0.05	14.7059	
1999-11-30																																																																																																																																																																																															0.57	0.55	0.02	3.6364	
1999-08-31																																																																																																																																																																																															0.52	0.54	-0.02	-3.7037	
1999-05-31																																																																																																																																																																																															0.73	0.7	0.03	4.2857	
1999-02-28																																																																																																																																																																																															0.27	0.23	0.04	17.3913	
1998-11-30																																																																																																																																																																																															0.62	0.53	0.09	16.9811	
1998-08-31																																																																																																																																																																																															0.5	0.49	0.01	2.0408	
1998-05-31																																																																																																																																																																																															0.57	0.57	0.0	0.0	
1998-02-28																																																																																																																																																																																															0.33	0.29	0.04	13.7931	
1997-11-30																																																																																																																																																																																															0.46	0.49	-0.03	-6.1224	
1997-08-31																																																																																																																																																																																															0.6	0.37	0.23	62.1622	
1997-05-31																																																																																																																																																																																															0.57	0.54	0.03	5.5556	
1997-02-28																																																																																																																																																																																															0.27	0.26	0.01	3.8462	
1996-11-30																																																																																																																																																																																															0.4	0.37	0.03	8.1081	
1996-08-31																																																																																																																																																																																															0.27	0.32	-0.05	-15.625	
1996-05-31																																																																																																																																																																																															0.5	0.42	0.08	19.0476	
