	Tax Effect Of Unusual Items	Tax Rate For Calcs	Normalized EBITDA	Net Income From Continuing Operation Net Minority Interest	Reconciled Depreciation	Reconciled Cost Of Revenue	EBITDA	EBIT	Net Interest Income	Interest Expense	Normalized Income	Net Income From Continuing And Discontinued Operation	Total Expenses	Total Operating Income As Reported	Diluted Average Shares	Basic Average Shares	Diluted EPS	Basic EPS	Diluted NI Availto Com Stockholders	Net Income Common Stockholders	Net Income	Net Income Including Noncontrolling Interests	Net Income Discontinuous Operations	Net Income Continuous Operations	Earnings From Equity Interest Net Of Tax	Tax Provision	Pretax Income	Other Income Expense	Other Non Operating Income Expenses	Net Non Operating Interest Income Expense	Interest Expense Non Operating	Operating Income	Operating Expense	Other Operating Expenses	Depreciation Amortization Depletion Income Statement	Depreciation And Amortization In Income Statement	Amortization	Amortization Of Intangibles Income Statement	Research And Development	Selling General And Administration	Gross Profit	Cost Of Revenue	Total Revenue	Operating Revenue	Treasury Shares Number	Ordinary Shares Number	Share Issued	Total Debt	Tangible Book Value	Invested Capital	Working Capital	Net Tangible Assets	Capital Lease Obligations	Common Stock Equity	Total Capitalization	Total Equity Gross Minority Interest	Stockholders Equity	Gains Losses Not Affecting Retained Earnings	Other Equity Adjustments	Treasury Stock	Retained Earnings	Additional Paid In Capital	Capital Stock	Common Stock	Total Liabilities Net Minority Interest	Total Non Current Liabilities Net Minority Interest	Other Non Current Liabilities	Non Current Deferred Liabilities	Non Current Deferred Taxes Liabilities	Long Term Debt And Capital Lease Obligation	Long Term Capital Lease Obligation	Long Term Debt	Current Liabilities	Other Current Liabilities	Current Debt And Capital Lease Obligation	Current Debt	Other Current Borrowings	Pensionand Other Post Retirement Benefit Plans Current	Payables And Accrued Expenses	Current Accrued Expenses	Payables	Dueto Related Parties Current	Accounts Payable	Total Assets	Total Non Current Assets	Other Non Current Assets	Non Current Deferred Assets	Non Current Deferred Taxes Assets	Investments And Advances	Long Term Equity Investment	Goodwill And Other Intangible Assets	Other Intangible Assets	Goodwill	Net PPE	Accumulated Depreciation	Gross PPE	Construction In Progress	Other Properties	Properties	Current Assets	Other Current Assets	Assets Held For Sale Current	Inventory	Finished Goods	Work In Process	Raw Materials	Receivables	Other Receivables	Duefrom Related Parties Current	Accounts Receivable	Cash Cash Equivalents And Short Term Investments	Other Short Term Investments	Cash And Cash Equivalents	Free Cash Flow	Repurchase Of Capital Stock	Repayment Of Debt	Issuance Of Debt	Capital Expenditure	Income Tax Paid Supplemental Data	End Cash Position	Beginning Cash Position	Changes In Cash	Financing Cash Flow	Cash Flow From Continuing Financing Activities	Net Other Financing Charges	Proceeds From Stock Option Exercised	Net Common Stock Issuance	Common Stock Payments	Net Issuance Payments Of Debt	Net Short Term Debt Issuance	Short Term Debt Issuance	Net Long Term Debt Issuance	Long Term Debt Payments	Long Term Debt Issuance	Investing Cash Flow	Cash From Discontinued Investing Activities	Cash Flow From Continuing Investing Activities	Net Other Investing Changes	Net Investment Purchase And Sale	Sale Of Investment	Purchase Of Investment	Net Business Purchase And Sale	Purchase Of Business	Net PPE Purchase And Sale	Purchase Of PPE	Operating Cash Flow	Cash From Discontinued Operating Activities	Cash Flow From Continuing Operating Activities	Change In Working Capital	Change In Other Working Capital	Change In Payables And Accrued Expense	Change In Accrued Expense	Change In Payable	Change In Account Payable	Change In Prepaid Assets	Change In Inventory	Change In Receivables	Changes In Account Receivables	Other Non Cash Items	Stock Based Compensation	Deferred Tax	Deferred Income Tax	Depreciation Amortization Depletion	Depreciation And Amortization	Amortization Cash Flow	Amortization Of Intangibles	Depreciation	Net Income From Continuing Operations	reportedCurrency	grossProfit	totalRevenue	costOfRevenue	costofGoodsAndServicesSold	operatingIncome	sellingGeneralAndAdministrative	researchAndDevelopment	operatingExpenses	investmentIncomeNet	netInterestIncome	interestIncome	interestExpense	nonInterestIncome	otherNonOperatingIncome	depreciation	depreciationAndAmortization	incomeBeforeTax	incomeTaxExpense	interestAndDebtExpense	netIncomeFromContinuingOperations	comprehensiveIncomeNetOfTax	ebit	ebitda	netIncome	operatingCashflow	paymentsForOperatingActivities	proceedsFromOperatingActivities	changeInOperatingLiabilities	changeInOperatingAssets	depreciationDepletionAndAmortization	capitalExpenditures	changeInReceivables	changeInInventory	profitLoss	cashflowFromInvestment	cashflowFromFinancing	proceedsFromRepaymentsOfShortTermDebt	paymentsForRepurchaseOfCommonStock	paymentsForRepurchaseOfEquity	paymentsForRepurchaseOfPreferredStock	dividendPayout	dividendPayoutCommonStock	dividendPayoutPreferredStock	proceedsFromIssuanceOfCommonStock	proceedsFromIssuanceOfLongTermDebtAndCapitalSecuritiesNet	proceedsFromIssuanceOfPreferredStock	proceedsFromRepurchaseOfEquity	proceedsFromSaleOfTreasuryStock	changeInCashAndCashEquivalents	changeInExchangeRate
2025-12-31	0.0	0.219383	2861000000.0	1620000000.0	751000000.0	4239000000.0	2861000000.0	2110000000.0	179000000.0	36000000.0	1620000000.0	1511000000.0	8518000000.0	1752000000.0					1511000000.0	1511000000.0	1511000000.0	1511000000.0	-109000000.0	1620000000.0	1000000.0	455000000.0	2074000000.0	143000000.0	-223000000.0	179000000.0	36000000.0	1752000000.0	3825000000.0		297000000.0	297000000.0	297000000.0	297000000.0	2330000000.0	1198000000.0	5577000000.0	4693000000.0	10270000000.0	10270000000.0	65000000.0	1630000000.0	1695000000.0	3847000000.0	21168000000.0	66221000000.0	17492000000.0	21168000000.0	625000000.0	62999000000.0	65347000000.0	62999000000.0	62999000000.0	-3000000.0	-3000000.0	7079000000.0	6699000000.0	63365000000.0	17000000.0	17000000.0	13927000000.0	4472000000.0	1186000000.0	313000000.0	313000000.0	2973000000.0	625000000.0	2348000000.0	9455000000.0	402000000.0	874000000.0	874000000.0	874000000.0	1645000000.0	6534000000.0	3605000000.0	2929000000.0		2929000000.0	76926000000.0	49979000000.0	5452000000.0	384000000.0	384000000.0			41831000000.0	16705000000.0	25126000000.0	2312000000.0	-2616000000.0	4928000000.0	508000000.0	3453000000.0	967000000.0	26947000000.0	2160000000.0		7920000000.0	2243000000.0	4768000000.0	909000000.0	6315000000.0			6315000000.0	10552000000.0	5013000000.0	5539000000.0	2378000000.0	-160000000.0	0.0	0.0	-222000000.0		5556000000.0	4825000000.0	731000000.0	-328000000.0	-328000000.0		116000000.0	-160000000.0	-160000000.0	0.0			0.0	0.0	0.0	-1541000000.0	1348000000.0	-2889000000.0		-2633000000.0	797000000.0	-3430000000.0	-44000000.0	-44000000.0	-222000000.0	-222000000.0	2600000000.0	296000000.0	2304000000.0	-1386000000.0		-910000000.0	-322000000.0	-588000000.0	-588000000.0	248000000.0	-610000000.0	-114000000.0	-114000000.0	91000000.0	486000000.0	1083000000.0	1083000000.0	751000000.0	751000000.0	557000000.0	557000000.0	194000000.0	1620000000.0		5577000000	10270000000	4693000000	4693000000	1753000000	1198000000	2330000000	3825000000		179000000.0	36000000.0	36000000				751000000	2075000000	455000000		1620000000		2110000000	2861000000	1511000000	2600000000					751000000	222000000		-610000000		-1541000000	-328000000											76000000.0			
2025-09-30	0.0	0.115	2106000000.0	1172000000.0	754000000.0	4014000000.0	2106000000.0	1352000000.0	-37000000.0	37000000.0	1172000000.0	1243000000.0	7976000000.0	1270000000.0	1641000000.0	1626000000.0	0.75	0.76	1243000000.0	1243000000.0	1243000000.0	1243000000.0	71000000.0	1172000000.0	10000000.0	153000000.0	1315000000.0	82000000.0	82000000.0	-37000000.0	37000000.0	1270000000.0	3510000000.0		302000000.0	302000000.0	302000000.0	302000000.0	2139000000.0	1069000000.0	4780000000.0	4466000000.0	9246000000.0	9246000000.0	65000000.0	1628000000.0	1693000000.0	3870000000.0	18457000000.0	64010000000.0	15300000000.0	18457000000.0	650000000.0	60790000000.0	63137000000.0	60790000000.0	60790000000.0	-13000000.0	-13000000.0	7059000000.0	5188000000.0	62657000000.0	17000000.0	17000000.0	16101000000.0	4401000000.0	1078000000.0	326000000.0	326000000.0	2997000000.0	650000000.0	2347000000.0	11700000000.0	2232000000.0	873000000.0	873000000.0		1425000000.0	7170000000.0	3687000000.0	3483000000.0		3483000000.0	76891000000.0	49891000000.0	4720000000.0	633000000.0	633000000.0			42333000000.0	17250000000.0	25083000000.0	2205000000.0	-2523000000.0	4728000000.0	590000000.0	3183000000.0	955000000.0	27000000000.0	1941000000.0	3990000000.0	7313000000.0	2236000000.0	4401000000.0	676000000.0	6513000000.0	312000000.0		6201000000.0	7243000000.0	2435000000.0	4808000000.0	1901000000.0	-460000000.0	0.0	0.0	-258000000.0		4825000000.0	4453000000.0	372000000.0	-450000000.0	-450000000.0		10000000.0	-460000000.0	-460000000.0	0.0			0.0	0.0	0.0	-1337000000.0	-8000000.0	-1329000000.0		-1071000000.0	317000000.0	-1388000000.0	0.0	0.0	-258000000.0	-258000000.0	2159000000.0	371000000.0	1788000000.0	-708000000.0		895000000.0	444000000.0	451000000.0	451000000.0	118000000.0	-636000000.0	-1085000000.0	-1085000000.0	-67000000.0	419000000.0	218000000.0	218000000.0	754000000.0	754000000.0	562000000.0	562000000.0	192000000.0	1172000000.0		4780000000	9246000000	4466000000	4466000000	1270000000	1069000000	2139000000	3510000000		-37000000.0	37000000.0	37000000				754000000	1325000000	153000000		1172000000		1362000000	2116000000	1243000000	2159000000					754000000	258000000		-636000000		-1337000000	-450000000											-89000000.0			
2025-06-30	0.0	0.21	721000000.0	768000000.0	757000000.0	4177000000.0	721000000.0	-36000000.0	-38000000.0	38000000.0	768000000.0	872000000.0	7819000000.0	-134000000.0	1630000000.0	1623000000.0	0.54	0.54	872000000.0	872000000.0	872000000.0	872000000.0	104000000.0	768000000.0	8000000.0	-834000000.0	-74000000.0	98000000.0	98000000.0	-38000000.0	38000000.0	-134000000.0	3193000000.0		308000000.0	308000000.0	308000000.0	308000000.0	1894000000.0	991000000.0	3059000000.0	4626000000.0	7685000000.0	7685000000.0	62000000.0	1622000000.0	1684000000.0	3886000000.0	16770000000.0	62883000000.0	14676000000.0	16770000000.0	668000000.0	59665000000.0	62883000000.0	59665000000.0	59665000000.0	10000000.0	10000000.0	6535000000.0	3945000000.0	62228000000.0	17000000.0	17000000.0	15155000000.0	5312000000.0	1085000000.0	341000000.0	341000000.0	3886000000.0	668000000.0	3218000000.0	9843000000.0	2284000000.0				948000000.0	6611000000.0	3531000000.0	3080000000.0		3080000000.0	74820000000.0	50301000000.0	4418000000.0	860000000.0	860000000.0			42895000000.0	17812000000.0	25083000000.0	2128000000.0	-2434000000.0	4562000000.0	575000000.0	3065000000.0	922000000.0	24519000000.0	1963000000.0	4326000000.0	6677000000.0	1871000000.0	4167000000.0	639000000.0	5686000000.0	571000000.0		5115000000.0	5867000000.0	1425000000.0	4442000000.0	1729000000.0	-524000000.0		0.0	-282000000.0	632000000.0	4453000000.0	6059000000.0	-1606000000.0	-1319000000.0	-1319000000.0		155000000.0	-524000000.0	-524000000.0	-950000000.0			-3000000.0		947000000.0	-2298000000.0		-2276000000.0		-278000000.0	333000000.0	-611000000.0			-282000000.0	-282000000.0	2011000000.0		1462000000.0	464000000.0		535000000.0	-301000000.0	836000000.0	836000000.0	-140000000.0	-261000000.0	330000000.0	330000000.0	-10000000.0	369000000.0	-886000000.0	-886000000.0	757000000.0	757000000.0	568000000.0	568000000.0	189000000.0	768000000.0		3059000000	7685000000	4626000000	4626000000	-134000000	991000000	1894000000	3193000000		-38000000.0	38000000.0	38000000				757000000	-66000000	-834000000		768000000		-36000000	721000000	872000000	2011000000					757000000	282000000		-261000000		-2298000000	-1319000000											-524000000.0			
2025-03-31	0.0	0.148	1587000000.0	709000000.0	742000000.0	3276000000.0	1587000000.0	845000000.0	-20000000.0	20000000.0	709000000.0	709000000.0	6632000000.0	806000000.0	1626000000.0	1620000000.0	0.44	0.44	709000000.0	709000000.0	709000000.0	709000000.0		709000000.0	7000000.0	123000000.0	825000000.0	39000000.0	39000000.0	-20000000.0	20000000.0	806000000.0	2930000000.0		316000000.0	316000000.0	316000000.0	316000000.0	1728000000.0	886000000.0	3736000000.0	3702000000.0	7438000000.0	7438000000.0	65000000.0	1624335849.0	1689335849.0	4731000000.0	14679000000.0	62045000000.0	13892000000.0	14679000000.0	567000000.0	57881000000.0	61098000000.0	57881000000.0	57881000000.0	-40000000.0	-40000000.0	6899000000.0	3073000000.0	61730000000.0	17000000.0	17000000.0	13669000000.0	5966000000.0	1839000000.0	343000000.0	343000000.0	3784000000.0	567000000.0	3217000000.0	7703000000.0	674000000.0	947000000.0	947000000.0		872000000.0	5210000000.0	3004000000.0	2206000000.0		2206000000.0	71550000000.0	49955000000.0	3987000000.0	845000000.0	845000000.0			43202000000.0	18363000000.0	24839000000.0	1921000000.0	-2269000000.0	4190000000.0	445000000.0	2864000000.0	881000000.0	21595000000.0	1583000000.0		6416000000.0	1358000000.0	4498000000.0	560000000.0	6286000000.0	843000000.0		5443000000.0	7310000000.0	1261000000.0	6049000000.0	727000000.0	-779000000.0		2441000000.0	-212000000.0	128000000.0	6059000000.0	3811000000.0	2248000000.0	1666000000.0	1666000000.0		4000000.0	-779000000.0	-779000000.0	2441000000.0	947000000.0	947000000.0	1494000000.0		1494000000.0	-357000000.0		-357000000.0		-145000000.0	398000000.0	-543000000.0			-212000000.0	-212000000.0	939000000.0		939000000.0	-748000000.0		-577000000.0	-288000000.0	-289000000.0	-289000000.0	-237000000.0	-682000000.0	748000000.0	748000000.0	39000000.0	364000000.0	-167000000.0	-167000000.0	742000000.0	742000000.0	567000000.0	567000000.0	175000000.0	709000000.0		3736000000	7438000000	3702000000	3702000000	806000000	886000000	1728000000	2930000000		-20000000.0	20000000.0	20000000				742000000	832000000	123000000		709000000		845000000	1587000000	709000000	939000000					742000000	212000000		-682000000		-357000000	1666000000											-779000000.0			
2024-12-31	0.0	0.21	1694000000.0	482000000.0	786000000.0	3322000000.0	1694000000.0	908000000.0	163000000.0	19000000.0	482000000.0	482000000.0	6601000000.0	871000000.0	1634000000.0	1623000000.0	0.29	0.3	482000000.0	482000000.0	482000000.0	482000000.0		482000000.0	12000000.0	419000000.0	889000000.0	-331000000.0	-147000000.0	163000000.0	19000000.0	1057000000.0	2825000000.0	-11000000.0	332000000.0	332000000.0	332000000.0	332000000.0	1712000000.0	792000000.0	3882000000.0	3776000000.0	7658000000.0	7658000000.0	58000000.0	1622000000.0	1680000000.0	2212000000.0	13799000000.0	59289000000.0	11768000000.0	13799000000.0	491000000.0	57568000000.0	59289000000.0	57568000000.0	57568000000.0	-69000000.0	-69000000.0	6106000000.0	2364000000.0	61362000000.0	17000000.0	17000000.0	11658000000.0	4377000000.0	1816000000.0	349000000.0	349000000.0	2212000000.0	491000000.0	1721000000.0	7281000000.0	555000000.0				1174000000.0	5552000000.0	3086000000.0	2466000000.0	476000000.0	2466000000.0	69226000000.0	50177000000.0	3918000000.0	688000000.0	688000000.0	149000000.0	149000000.0	43769000000.0	18930000000.0	24839000000.0	1802000000.0	-2173000000.0	3975000000.0	324000000.0	2798000000.0	853000000.0	19049000000.0	1991000000.0		5734000000.0	1094000000.0	4289000000.0	351000000.0	6192000000.0	628000000.0	113000000.0	6192000000.0	5132000000.0	1345000000.0	3787000000.0	1091000000.0	-298000000.0	0.0		-208000000.0	375000000.0	3811000000.0	3897000000.0	-86000000.0	-171000000.0	-171000000.0	0.0	127000000.0	-298000000.0	-298000000.0	0.0			0.0	0.0		-1214000000.0		-1214000000.0	31000000.0	-1037000000.0	90000000.0	-1127000000.0	0.0	0.0	-208000000.0	-208000000.0	1299000000.0		1299000000.0	-70000000.0	30000000.0	-328000000.0	257000000.0	-585000000.0	-585000000.0	593000000.0	-362000000.0	-3000000.0	-3000000.0	62000000.0	339000000.0	-300000000.0	-300000000.0	786000000.0	786000000.0			-1607000000.0	482000000.0		3882000000	7658000000	3776000000	3776000000	871000000	408000000	1712000000	3011000000		163000000.0	19000000.0	19000000				786000000	901000000	419000000		482000000		908000000	1694000000	482000000	1299000000					786000000	208000000		-362000000		-1214000000	-171000000											-298000000.0			
2024-09-30															1636000000.0	1620000000.0	0.47	0.48																-14000000.0																																																461000000.0							137000000.0	137000000.0																			29000000.0							0.0			700000000.0						0.0								0.0					-17000000.0				-565000000.0	-565000000.0							36000000.0																				3419000000	6819000000	3400000000	3400000000	724000000	721000000	1636000000	2695000000		-23000000.0	23000000.0	23000000				838000000	744000000	-27000000		771000000		760000000	1598000000	771000000	628000000					786000000	132000000		-386000000		-138000000	-706000000											-710000000.0			
2024-06-30																							0.0											-10000000.0																																																420000000.0							113000000.0	113000000.0																			24000000.0								0.0		224000000.0						0.0									0.0				1000000.0												-11000000.0															603000000.0	603000000.0				2864000000	5835000000	2971000000	2971000000	269000000	650000000	1583000000	2595000000		-25000000.0		25000000				769000000	306000000	41000000		265000000		324000000	1093000000	265000000	593000000					795000000	154000000		-342000000		386000000	-1056000000											-449000000.0			
2024-03-31																																																																																																																																																																										2560000000	5473000000	2913000000	2913000000	36000000	620000000	1525000000	2524000000		-25000000.0		25000000				784000000	71000000	-52000000		123000000		89000000	873000000	123000000	521000000					810000000	142000000		-368000000		-135000000	-129000000											-133000000.0			
2023-12-31																																																																																																																																																																										2911000000	6168000000	3257000000	3257000000	342000000	51000000	1511000000	2569000000		179000000.0		27000000				824000000	370000000	-297000000		667000000		391000000	1215000000	667000000	381000000					824000000	139000000		94000000		150000000	-159000000											-278000000.0			
2023-09-30																																																																																																																																																																										2747000000	5800000000	3053000000	3053000000	224000000	576000000	1507000000	2523000000		-26000000.0	26000000.0	26000000				848000000	257000000	-39000000		299000000		224000000	1072000000	299000000	421000000					848000000	124000000		122000000		-1573000000	-803000000											-511000000.0			
2023-06-30																																																																																																																																																																										2443000000	5359000000	2916000000	2916000000	-20000000	547000000	1443000000	2463000000		-28000000.0	28000000.0	28000000		52000000.0		873000000	-2000000	-23000000		21000000		-20000000	853000000	27000000	379000000					873000000	125000000	-272000000.0	-332000000		-1675000000	75000000											-66000000.0		16000000.0	
2023-03-31																																																																																																																																																																										2359000000	5353000000	2994000000	2994000000	-102000000	585000000	1411000000	2504000000		-25000000.0	25000000.0	25000000		44000000.0		518000000	-127000000	13000000		-140000000		-102000000	416000000	-139000000	486000000					1006000000	158000000	86000000.0	-464000000		-1237000000	-259000000											-241000000.0		-1010000000.0	
2022-12-31																																																																																																																																																																										2403000000	5599000000	3196000000	3196000000	-117000000	590000000	1366000000	2552000000		-19000000.0	24000000.0	19000000				601000000	-136000000	-154000000		21000000		-117000000	484000000	21000000	567000000					1245000000	124000000		-404000000		1999000000	-197000000											-285000000.0			
2022-09-30																																																																																																																																																																										2354000000	5565000000	3211000000	3211000000	-42000000	557000000	1279000000	2418000000		-31000000.0	34000000.0	31000000		26000000.0		590000000	-73000000	-135000000		62000000		-42000000	548000000	66000000	965000000					1188000000	123000000	-285000000.0	-723000000		-1298000000	-1233000000					311000000.0	311000000.0					-922000000.0		-1566000000.0	
2022-06-30																																																																																																																																																																										3028000000	6550000000	3522000000	3522000000	526000000	592000000	1300000000	2502000000		-25000000.0	35000000.0	25000000				612000000	497000000	54000000		443000000		526000000	1138000000	447000000	1038000000					1201000000	132000000	-344000000.0	-248000000		-928000000	114000000											-952000000.0		224000000.0	
2022-03-31																																																																																																																																																																										2818000000	5887000000	3069000000	3069000000	951000000	597000000	1060000000	1867000000		-13000000.0		13000000		-39000000.0		251000000	896000000	113000000		783000000		951000000	1202000000	786000000	995000000					628000000	71000000	-673000000.0	-26000000		3158000000	-1948000000											-1949000000.0		2205000000.0	
2021-12-31																																																																																																																																																																										2426000000	4826000000	2400000000	2400000000	1207000000	412000000	811000000	1219000000		-8000000.0		8000000		4000000.0		134000000	1203000000	229000000		974000000		1207000000	1341000000	974000000	822000000					134000000	86000000	-487000000.0	-52000000		3158000000	-727000000											-776000000.0		95000000.0	
2021-09-30																																																																																																																																																																										2086000000	4313000000	2227000000	2227000000	948000000	376000000	765000000	1138000000		-7000000.0		7000000		64000000.0		112000000	1003000000	82000000		923000000		948000000	1060000000	923000000	849000000					112000000	85000000	-203000000.0	-138000000		-83000000	-949000000											-953000000.0		-183000000.0	
2021-06-30																																																																																																																																																																										1830000000	3850000000	2020000000	2020000000	831000000	341000000	659000000	999000000		-10000000.0		10000000		2000000.0		110000000	821000000	113000000		710000000		831000000	941000000	710000000	952000000					110000000	64000000	159000000.0	-112000000		119000000	-211000000											-260000000.0		860000000.0	
2021-03-31																																																																																																																																																																										1587000000	3445000000	1858000000	1858000000	662000000	319000000	610000000	925000000		-9000000.0		9000000		-9000000.0		107000000	642000000	89000000		553000000		662000000	769000000	555000000	898000000					107000000	66000000	-109000000.0	-254000000		-722000000	-8000000											-10000000.0		168000000.0	
2020-12-31																																																																																																																																																																										1451000000	3244000000	1793000000	1793000000	570000000	308000000	573000000	881000000		-9000000.0		9000000		-12000000.0		101000000	546000000	-1232000000		1778000000		570000000	671000000	1781000000	554000000					101000000	74000000	52000000.0	-107000000		-294000000	35000000					115000000.0	115000000.0					-5000000.0		295000000.0	
2020-09-30																																																																																																																																																																										1230000000	2801000000	1571000000	1571000000	449000000	273000000	508000000	781000000		-11000000.0		11000000		-36000000.0		93000000	401000000	12000000		389000000		449000000	542000000	390000000	339000000					93000000	74000000	-345000000.0	32000000		-549000000	-269000000					78000000.0	78000000.0					-1000000.0		-479000000.0	
2020-06-30																																																																																																																																																																										848000000	1932000000	1084000000	1084000000	173000000	215000000	460000000	675000000		-14000000.0	14000000.0	14000000		2000000.0		82000000	160000000	4000000		156000000		173000000	255000000	157000000	243000000					82000000	91000000	-97000000.0	-268000000		-36000000	238000000											39000000.0		445000000.0	
2020-03-31																																																																																																																																																																										818000000	1786000000	968000000	968000000	177000000	199000000	442000000	641000000		-13000000.0		13000000		4000000.0		78000000	168000000	6000000		162000000		177000000	255000000	162000000	-65000000					78000000	55000000	171000000.0	-74000000		-73000000	2000000											3000000.0		-136000000.0	
2019-12-31																																																																																																																																																																										949000000	2127000000	1178000000	1178000000	348000000	206000000	395000000	601000000		-3000000.0		18000000		-125000000.0		73000000	205000000	35000000		170000000		348000000	421000000	170000000	442000000					73000000	42000000	-482000000.0	58000000		-26000000	-107000000											36000000.0		309000000.0	
2019-09-30																																																																																																																																																																										777000000	1801000000	1024000000	1024000000	186000000	185000000	406000000	591000000		-24000000.0		24000000		-35000000.0		69000000	126000000	7000000		119000000		186000000	255000000	120000000	234000000					69000000	55000000	-47000000.0	-25000000		57000000	-98000000											3000000.0		193000000.0	
2019-06-30																																																																																																																																																																										621000000	1531000000	910000000	910000000	59000000	189000000	373000000	562000000		-25000000.0		25000000		3000000.0		70000000	37000000	2000000		35000000		59000000	129000000	35000000	30000000					70000000	58000000	-91000000.0	-60000000		-7000000	-38000000											34000000.0		-15000000.0	
2019-03-31																																																																																																																																																																										521000000	1272000000	751000000	751000000	38000000	170000000	373000000	483000000		-27000000.0		27000000		-8000000.0		46000000	4000000	-13000000		17000000		38000000	84000000	16000000	-213000000					46000000	62000000	-3000000.0	-110000000		-173000000	286000000											450000000.0		-100000000.0	
2018-12-31																																																																																																																																																																										537000000	1419000000	882000000	882000000	28000000	138000000	371000000	509000000				29000000		4000000.0		43000000	3000000	-35000000		38000000		28000000	71000000	38000000	70000000					43000000	41000000	-33000000.0	-107000000		-38000000	-26000000											26000000.0		32000000.0	
2018-09-30																																																																																																																																																																										661000000	1653000000	992000000	992000000	150000000	148000000	363000000	511000000				30000000		-6000000.0		41000000	114000000	12000000		102000000		150000000	191000000	102000000	95000000					41000000	33000000	-117000000.0	12000000		-8000000	8000000					0.0	0.0					9000000.0		95000000.0	
2018-06-30																																																																																																																																																																										652000000	1756000000	1104000000	1104000000	153000000	142000000	357000000	499000000				31000000				42000000	123000000	6000000		117000000		153000000	195000000	116000000	-45000000					42000000	43000000	-387000000.0	-35000000		-78000000	28000000					0.0	0.0					29000000.0		-95000000.0	
2018-03-31																																																																																																																																																																										597000000	1647000000	1050000000	1050000000	120000000	134000000	343000000	477000000				31000000				44000000	90000000	8000000		82000000		120000000	164000000	81000000	-86000000					44000000	46000000	-269000000.0	-21000000		-46000000	-8000000					0.0	0.0					6000000.0		-140000000.0	
2017-12-31																																																																																																																																																																										515000000	1480000000	965000000	965000000	82000000	134000000	300000000	433000000				31000000		2000000.0		39000000	53000000	-8000000		61000000		82000000	121000000	61000000	383000000					39000000	44000000	365000000.0	55000000		-43000000	-34000000					0.0	0.0					5000000.0		306000000.0	
2017-09-30																																																																																																																																																																										573000000	1643000000	1070000000	1070000000	126000000	132000000	315000000	447000000				31000000		-5000000.0		36000000	92000000	19000000		73000000		126000000	162000000	71000000	66000000					36000000	34000000	-173000000.0	39000000		51000000	2000000					0.0	0.0					5000000.0		119000000.0	
2017-06-30																																																																																																																																																																										404000000	1222000000	818000000	818000000	25000000	127000000	279000000	379000000				32000000		-6000000.0		35000000	-10000000	3000000		-13000000		25000000	60000000	-16000000	-82000000					35000000	12000000	-99000000.0	6000000		124000000	-4000000					0.0	0.0					2000000.0		38000000.0	
2017-03-31																																																																																																																																																																										331000000	984000000	653000000	653000000	-29000000	123000000	266000000	360000000				32000000		-7000000.0		34000000	-66000000	5000000		-71000000		-29000000	5000000	-73000000	-299000000					34000000	23000000	-182000000.0	-88000000		-246000000	3000000					0.0	0.0					8000000.0		-542000000.0	
2016-12-31																																																																																																																																																																										351000000	1106000000	755000000	755000000	-3000000	121000000	264000000	354000000				34000000		-9000000.0		34000000	-44000000	5000000		-49000000		-3000000	31000000	-51000000	188000000					34000000	21000000	329000000.0	21000000		-26000000	-156000000					110000000.0	110000000.0					-1000000.0		6000000.0	
2016-09-30																																																																																																																																																																										59000000	1307000000	1248000000	1248000000	-293000000	117000000	259000000	352000000				41000000		-68000000.0		33000000	-397000000	4000000		-401000000		-293000000	-260000000	-406000000	29000000					33000000	9000000	31000000.0	-28000000		-10000000	282000000					0.0	0.0					1359000000.0		301000000.0	
2016-06-30																																																																																																																																																																										319000000	1027000000	708000000	708000000	-8000000	117000000	243000000	334000000				41000000		147000000.0		33000000	101000000	29000000		72000000		-8000000	25000000	69000000	-85000000					33000000	21000000	-164000000.0	-69000000		329000000	-3000000					0.0	0.0					2000000.0		241000000.0	
2016-03-31																																																																																																																																																																										269000000	832000000	563000000	563000000	-68000000	105000000	242000000	340000000				40000000				33000000	-108000000	1000000		-109000000		-68000000	-35000000	-109000000	-42000000					33000000	26000000	26000000.0	3000000		-26000000	-1000000					0.0	0.0					0.0		-69000000.0	
2015-12-31																																																																																																																																																																										283000000	958000000	675000000	675000000	-49000000	107000000	229000000	338000000				41000000		-2000000.0		34000000	-92000000	10000000		-102000000		-49000000	-15000000	-102000000	53000000					34000000	32000000	116000000.0	82000000		-32000000	9000000					0.0	0.0					4000000.0		30000000.0	
2015-09-30																																																																																																																																																																										239000000	1061000000	822000000	822000000	-158000000	106000000	241000000	349000000				39000000				42000000	-197000000	48000000		-197000000		-158000000	-116000000	-197000000	-59000000					42000000	25000000	35000000.0	24000000		-17000000	2000000					0.0	0.0					-4000000.0		-74000000.0	
2015-06-30																																																																																																																																																																										232000000	942000000	710000000	710000000	-137000000	132000000	235000000	369000000				40000000		-3000000.0		45000000	-180000000	1000000		-181000000		-137000000	-92000000	-181000000	-58000000					45000000	17000000	83000000.0	-111000000		211000000	-1000000					0.0	0.0					1000000.0		152000000.0	
2015-03-31																																																																																																																																																																										326000000	1030000000	704000000	704000000	-137000000	130000000	242000000	376000000				40000000				46000000	-177000000	3000000		-180000000		-137000000	-91000000	-180000000	-173000000					46000000	22000000	46000000.0	-6000000		-15000000	60000000					0.0	0.0					4000000.0		-128000000.0	
2014-12-31																																																																																																																																																																										360000000	1239000000	879000000	879000000	-330000000	149000000	238000000	386000000				41000000		4000000.0		48000000	-367000000	-3000000		-354000000		-330000000	-282000000	-364000000	116000000					48000000	22000000	151000000.0	213000000		43000000	6000000					0.0	0.0					3000000.0		165000000.0	
2014-09-30																																																																																																																																																																										494000000	1429000000	935000000	935000000	63000000	149000000	278000000	431000000				43000000		-1000000.0		49000000	19000000	2000000		17000000		63000000	112000000	17000000	18000000					49000000	29000000	-104000000.0	62000000		119000000	40000000					0.0	0.0					5000000.0		137000000.0	
2014-06-30																																																																																																																																																																										498000000	1441000000	943000000	943000000	63000000	154000000	277000000	435000000				46000000		-49000000.0		53000000	-32000000	4000000		-36000000		63000000	116000000	-36000000	-28000000					53000000	23000000	-32000000.0	-90000000		-43000000	20000000					0.0	0.0					3000000.0		-51000000.0	
2014-03-31																																																																																																																																																																										487000000	1397000000	910000000	910000000	49000000	155000000	279000000	438000000				47000000		-20000000.0		53000000	-18000000	2000000		-20000000		49000000	102000000	-20000000	-204000000					53000000	21000000	-8000000.0	14000000		-131000000	20000000					0.0	0.0					1000000.0		-315000000.0	
2013-12-31																																																																																																																																																																										553000000	1589000000	1036000000	1036000000	135000000	169000000	293000000	466000000				44000000		-1000000.0		54000000	90000000	1000000		89000000		135000000	189000000	89000000	21000000					54000000	21000000	42000000.0	38000000		296000000	9000000					0.0	0.0					5000000.0		326000000.0	
2013-09-30																																																																																																																																																																										521000000	1461000000	940000000	940000000	95000000	155000000	288000000	448000000				47000000		3000000.0		57000000	51000000	3000000		48000000		95000000	152000000	48000000	21000000					57000000	15000000	-203000000.0	-211000000		186000000	2000000					0.0	0.0					5000000.0		209000000.0	
2013-06-30																																																																																																																																																																										459000000	1161000000	702000000	702000000	-29000000	171000000	308000000	483000000				42000000				59000000	-71000000	3000000		-74000000		-29000000	30000000	-74000000	-35000000					59000000	28000000	-25000000.0	-97000000		-74000000	2000000					0.0	0.0					3000000.0		-107000000.0	
2013-03-31																																																																																																																																																																										445000000	1088000000	643000000	643000000	-98000000	179000000	312000000	496000000				44000000		-2000000.0		66000000	-144000000	2000000		-146000000		-98000000	-32000000	-146000000	-155000000					66000000	20000000	-14000000.0	-52000000		47000000	0					0.0	0.0					1000000.0		-108000000.0	
2012-12-31																																																																																																																																																																										178000000	1155000000	977000000	977000000	-422000000	193000000	313000000	510000000				45000000		-2000000.0		66000000	-469000000	4000000		-473000000		-422000000	-356000000	-473000000	-286000000					66000000	22000000	53000000.0	183000000		54000000	5000000					0.0	0.0					7000000.0		-227000000.0	
2012-09-30																																																																																																																																																																										392000000	1269000000	877000000	877000000	-131000000	188000000	328000000	520000000				44000000		18000000.0		66000000	-157000000	-13000000		-157000000		-131000000	-65000000	-157000000	-240000000					66000000	32000000	60000000.0	89000000		-10000000	11000000					0.0	0.0					6000000.0		-239000000.0	
2012-06-30																																																																																																																																																																										638000000	1413000000	775000000	775000000	77000000	212000000	345000000	561000000				43000000		-3000000.0		65000000	31000000	-6000000		37000000		77000000	142000000	37000000	81000000					65000000	39000000	217000000.0	-249000000		-263000000	4000000					0.0	0.0					3000000.0		-178000000.0	
2012-03-31																																																																																																																																																																										27000000	1585000000	1558000000	1558000000	-580000000	230000000	368000000	599000000				43000000		1000000.0		63000000	-622000000	-32000000		-590000000		-580000000	-517000000	-590000000	107000000					63000000	40000000	-40000000.0	-106000000		200000000	17000000					0.0	0.0					9000000.0		324000000.0	
2011-12-31																																																																																																																																																																										773000000	1691000000	918000000	918000000	71000000	243000000	358000000	604000000				43000000		-205000000.0		70000000	-177000000	-4000000		-173000000		71000000	141000000	-177000000	187000000					70000000	87000000	-10000000.0	65000000		97000000	-40000000					0.0	0.0					1000000.0		244000000.0	
2011-09-30																																																																																																																																																																										756000000	1690000000	934000000	934000000	138000000	249000000	361000000	618000000				42000000		-4000000.0		79000000	92000000	-5000000		97000000		138000000	217000000	97000000	189000000					79000000	58000000	-150000000.0	102000000		34000000	-152000000					0.0	0.0					2000000.0		71000000.0	
2011-06-30																																																																																																																																																																										720000000	1574000000	854000000	854000000	105000000	239000000	367000000	615000000				47000000		6000000.0		80000000	64000000	3000000		61000000		105000000	185000000	61000000	174000000					80000000	67000000	2000000.0	6000000		-230000000	8000000					0.0	0.0					9000000.0		-48000000.0	
2011-03-31																																																																																																																																																																										691000000	1613000000	922000000	922000000	54000000	261000000	367000000	637000000				48000000		506000000.0		88000000	20000000	2000000		18000000		54000000	142000000	510000000	-168000000					88000000	38000000	-189000000.0	-16000000		-14000000	178000000					0.0	0.0					16000000.0		-4000000.0	
2010-12-31																																																																																																																																																																										743000000	1649000000	906000000	906000000	413000000	250000000	352000000	326000000				39000000				89000000	390000000	42000000		0		413000000	502000000	375000000	-213000000					89000000	38000000		-10000000		-103000000	302000000					0.0	0.0					14000000.0			
2010-09-30																																																																																																																																																																										739000000	1618000000	879000000	879000000	128000000	236000000	359000000	611000000				56000000		-189000000.0		95000000	68000000	1000000		68000000		128000000	223000000	-118000000	-124000000					95000000	31000000		-41000000		-1020000000	-19000000					0.0	0.0					2000000.0			
2010-06-30																																																																																																																																																																										738000000	1653000000	915000000	915000000	125000000	229000000	371000000	617000000				55000000		-118000000.0		100000000	72000000	-5000000		77000000		125000000	225000000	-43000000	-98000000					100000000	31000000		-4000000		-699000000	24000000					0.0	0.0					15000000.0			
2010-03-31																																																																																																																																																																										741000000	1574000000	833000000	833000000	182000000	219000000	323000000	559000000				49000000				100000000	440000000	-121000000		0		182000000	282000000	257000000	23000000					100000000	48000000		-89000000		-1215000000	177000000											3000000.0			
2009-12-31																																																																																																																																																																										735000000	1646000000	911000000	911000000	1288000000	239000000	432000000	-553000000				119000000				284000000	1191000000	11000000		0		1288000000	1572000000	1200000000	1150000000					284000000	173000000		-52000000		-557000000	-783000000											17000000.0			
2009-09-30																																																																																																																																																																										585000000	1396000000	811000000	811000000	-77000000	221000000	420000000	658000000				114000000				17000000	-140000000	-5000000		0		-77000000	-60000000	-106000000	-142000000					282000000	97000000		-22000000		-220000000	230000000											1000000.0			
2009-06-30																																																																																																																																																																										441000000	1184000000	743000000	743000000	-249000000	247000000	425000000	689000000				108000000				17000000	-345000000	-10000000		0		-249000000	-232000000	-335000000	-144000000					282000000	112000000		46000000		-317000000	38000000											5000000.0			
2009-03-31																																																																																																																																																																										511000000	1177000000	666000000	666000000	-298000000	287000000	444000000	749000000				97000000				280000000	-298000000	116000000		0		-298000000	-18000000	-408000000	-391000000					280000000	84000000		117000000		-179000000	2039000000											1250000000.0			
2008-12-31																																																																																																																																																																										115000000	1227000000	1112000000	1112000000	-1729000000	317000000	529000000	1793000000				587000000				303000000	-1714000000	69000000		0		-1729000000	-1426000000	-1424000000	-250000000					303000000	113000000		195000000		51000000	24000000											7000000.0			
2008-09-30																																																																																																																																																																										905000000	1776000000	871000000	871000000	131000000	315000000	422000000	765000000				281000000				339000000	31000000	-1000000		0		131000000	470000000	-127000000	-216000000					339000000	82000000		-56000000		-47000000	61000000											8000000.0			
2008-06-30																																																																																																																																																																										696000000	1349000000	653000000	653000000	-143000000	335000000	442000000	809000000				95000000				286000000	-269000000	1116000000		0		-143000000	143000000	-1189000000	-242000000					286000000	106000000		-23000000		167000000	-19000000											-11000000.0			
2008-03-31																																																																																																																																																																										628000000	1505000000	877000000	877000000	-264000000	337000000	501000000	892000000				95000000				295000000	-358000000	95000000		0		-264000000	31000000	-358000000	16000000					295000000	323000000		36000000		-198000000	154000000											157000000.0			
2007-12-31																																																																																																																																																																										785000000	1770000000	985000000	985000000	-1678000000	319000000	473000000	2463000000				1760000000				291000000	-1641000000	-59000000		0		-1678000000	-1387000000	-1772000000	61000000					291000000	266000000		27000000		-326000000	601000000											637000000.0			
2007-09-30																																																																																																																																																																										669000000	1632000000	963000000	963000000	-226000000	358000000	467000000	895000000				144000000				207000000	-369000000	27000000		0		-226000000	-19000000	-396000000	223000000					207000000	419000000		55000000		-231000000	-200000000											70000000.0			
2007-06-30																																																																																																																																																																										461000000	1378000000	917000000	917000000	-457000000	365000000	475000000	918000000				120000000				326000000	-568000000	32000000		0		-457000000	-131000000	-600000000	-635000000					326000000	414000000		46000000		-526000000	1474000000														
2007-03-31																																																																																																																																																																										347000000	1233000000	886000000	886000000	-504000000	335000000	432000000	851000000				82000000				314000000	-588000000	23000000		0		-504000000	-190000000	-611000000	41000000					314000000	586000000		-124000000		-592000000	162000000														
2006-12-31																																																																																																																																																																										641516000	1772853000	1131337000	1131337000	-526881000	288627000	384770000	752397000				887804000				380579000	-714933000	-9722000		0		-526881000	-146302000	-573826000	271616000					380579000	666418000		82392000		-3345194000	3069119000														
2006-09-30																																																																																																																																																																										682358000	1327622000	645264000	645264000	119172000	285800000	277380000	563186000				7544000				89959000	130748000	-20852000		0		119172000	209131000	134455000	230185000					89959000	424892000		-63729000		448121000	17563000											22000000.0			
2006-06-30																																																																																																																																																																										690308000	1216367000	526059000	526059000	102109000	309500000	278674000	588199000				12279000				192905000	126798000	18301000		0		102109000	295014000	88847000	218850000					192905000	455364000		-65041000		-480580000	127256000											128000000.0			
2006-03-31																																																																																																																																																																										778818000	1332158000	553340000	553340000	258600000	256000000	264176000	520218000				57931000				173557000	244387000	35273000		0		258600000	432157000	184524000	566349000					173557000	310326000		52378000		-925347000	549062000											760000000.0			
2005-12-31																																																																																																																																																																										852127000	1838276000	986149000	986149000	205715000	317100000	329301000	646412000				111412000				277258000	181713000	-1284000		0		205715000	482973000	95587000	537279000					277258000	329140000		28155000		-824598000	102807000											71200000.0			
