Date	Open	High	Low	Close	Volume
2018-01-02	53.95	54.88	53.82	27.63	3907400
2018-01-03	54.75	55.0	54.43	27.74	2849200
2018-01-04	54.87	55.0	54.64	27.61	2377700
2018-01-05	54.65	54.66	54.15	27.53	3631800
2018-01-08	55.0	55.68	54.94	28.09	2781600
2018-01-09	56.0	56.14	55.61	28.13	2735100
2018-01-10	55.92	56.16	55.7	28.31	2497600
2018-01-11	56.66	57.28	56.62	28.89	2578000
2018-01-12	57.54	57.78	57.43	29.11	2363800
2018-01-16	56.57	56.73	55.67	28.15	3844900
2018-01-17	56.31	56.49	55.91	28.4	2347800
2018-01-18	56.26	56.43	55.85	28.39	2059100
2018-01-19	56.55	56.78	55.91	28.29	2510600
2018-01-22	56.33	56.47	55.96	28.49	2278000
2018-01-23	55.87	55.89	55.13	28.09	2684100
2018-01-24	56.46	56.58	55.97	28.34	2116900
2018-01-25	56.86	56.98	55.71	28.14	2522800
2018-01-26	55.96	56.43	55.83	28.42	1413900
2018-01-29	57.18	57.28	56.6	28.59	2507800
2018-01-30	56.75	56.76	56.08	28.35	1914400
2018-01-31	56.22	56.41	55.77	28.32	2124100
2018-02-01	56.21	56.67	56.1	28.53	2255700
2018-02-02	56.53	56.53	54.12	27.42	4950600
2018-02-05	54.98	55.6	52.72	26.9	3873600
2018-02-06	53.68	55.61	53.42	27.86	6956300
2018-02-07	54.37	54.71	53.8	27.21	4165400
2018-02-08	54.0	54.12	52.13	26.38	4991900
2018-02-09	53.15	53.95	51.78	27.11	5096700
2018-02-12	54.21	55.49	54.15	27.86	5615000
2018-02-13	55.37	55.99	55.14	28.12	3191000
2018-02-14	55.23	58.2	55.11	29.29	5440700
2018-02-15	59.04	59.25	58.21	29.73	3404600
2018-02-16	58.06	58.73	57.73	29.18	3362000
2018-02-20	56.55	56.88	55.96	28.4	3964300
2018-02-21	56.36	57.18	55.97	28.25	2268000
2018-02-22	56.16	57.01	56.03	28.57	2319200
2018-02-23	56.66	57.09	56.46	28.81	1287900
2018-02-26	57.61	58.19	57.2	29.28	2900100
2018-02-27	57.48	57.5	56.47	28.54	4201900
2018-02-28	55.38	55.61	54.66	27.61	5776800
2018-03-01	53.1	53.25	51.99	27.47	4861600
2018-03-02	51.4	51.81	50.77	26.87	5408000
2018-03-05	51.11	52.32	51.05	27.27	2914800
2018-03-06	52.78	53.57	52.78	27.77	4165200
2018-03-07	52.43	52.96	52.18	27.45	3759500
2018-03-08	52.18	52.24	51.31	27.09	4681200
2018-03-09	52.23	52.73	51.84	27.17	3275500
2018-03-12	52.26	52.41	52.0	27.25	2079700
2018-03-13	52.77	52.99	52.0	27.16	2551600
2018-03-14	53.06	53.13	51.91	27.24	2944400
2018-03-15	52.67	52.83	52.36	27.45	5063200
2018-03-16	52.66	52.93	52.39	27.44	2006700
2018-03-19	52.0	52.02	51.19	26.94	2816700
2018-03-20	51.69	52.22	51.44	26.98	2106700
2018-03-21	51.83	53.49	51.7	27.79	3824200
2018-03-22	51.67	51.87	50.61	26.51	4288800
2018-03-23	51.01	51.64	50.46	26.36	3124300
2018-03-26	51.62	51.68	50.74	26.85	2292100
2018-03-27	52.16	52.17	50.46	26.45	3806300
2018-03-28	50.3	50.51	49.69	26.2	3365100
2018-03-29	51.2	51.9	51.1	26.89	3074000
2018-04-02	51.72	52.01	51.01	26.78	2179700
2018-04-03	51.8	52.23	50.98	26.77	2950900
2018-04-04	50.06	51.06	50.05	26.6	2624400
2018-04-05	51.6	51.94	51.35	26.89	3076600
2018-04-06	50.99	51.2	50.32	26.38	2545100
2018-04-09	50.98	51.62	50.41	26.58	3645400
2018-04-10	53.12	53.6	52.77	27.73	4436400
2018-04-11	52.78	53.77	52.76	27.73	3228200
2018-04-12	53.38	54.07	53.16	28.08	2604300
2018-04-13	54.64	54.68	54.13	28.32	2687900
2018-04-16	54.97	54.98	53.87	28.3	2414500
2018-04-17	54.64	54.89	54.38	28.57	4476400
2018-04-18	56.73	57.4	56.64	29.67	5314600
2018-04-19	57.01	57.14	56.14	29.52	2666000
2018-04-20	56.56	56.93	56.19	29.54	2489500
2018-04-23	55.29	55.93	55.05	28.97	3019600
2018-04-24	56.1	56.49	55.16	29.06	2321400
2018-04-25	55.01	55.49	54.67	28.82	2535300
2018-04-26	56.22	56.22	55.34	29.06	1910100
2018-04-27	55.03	55.55	54.93	28.78	2835600
2018-04-30	55.01	55.34	54.91	28.68	1855400
2018-05-01	54.72	54.76	53.88	28.47	2493400
2018-05-02	55.43	55.58	54.85	28.71	2115000
2018-05-03	55.48	55.64	54.65	28.94	1911000
2018-05-04	55.21	55.89	55.13	29.03	1997600
2018-05-07	55.8	55.86	55.24	28.95	1757500
2018-05-08	55.35	55.42	54.69	28.92	2571300
2018-05-09	55.97	56.79	55.84	29.52	3765900
2018-05-10	56.78	57.44	56.62	29.93	2198700
2018-05-11	57.97	58.12	57.22	29.95	2502900
2018-05-14	57.99	58.2	57.67	30.19	1983700
2018-05-15	57.0	57.7	56.81	30.02	1449300
2018-05-16	58.96	59.27	58.84	30.75	2722200
2018-05-17	58.55	59.19	58.49	30.78	1521300
2018-05-18	58.55	58.89	58.25	30.48	1965200
2018-05-21	58.99	59.3	58.85	30.87	2269500
2018-05-22	59.19	59.66	58.75	30.77	4043000
2018-05-23	57.68	57.86	57.13	30.14	2611600
2018-05-24	57.52	57.67	57.02	30.06	1468700
2018-05-25	56.9	57.14	56.54	29.74	1229300
2018-05-29	56.36	56.64	55.58	29.13	2025100
2018-05-30	56.4	57.1	56.08	29.59	2375700
2018-05-31	57.1	57.17	56.32	29.59	1629200
2018-06-01	57.36	57.82	57.14	30.03	1590500
2018-06-04	57.99	58.1	57.55	30.09	1157900
2018-06-05	58.13	58.6	58.03	30.54	1889900
2018-06-06	59.58	60.72	59.56	31.66	4521200
2018-06-07	59.94	60.46	59.07	31.12	2969400
2018-06-08	59.52	59.63	59.06	30.9	1929900
2018-06-11	59.23	59.52	59.06	30.84	2422800
2018-06-12	58.73	58.98	58.47	30.67	1472100
2018-06-13	58.55	59.07	58.3	30.65	1677400
2018-06-14	58.71	59.04	58.19	30.53	1959800
2018-06-15	57.05	57.14	56.08	29.64	3674200
2018-06-18	56.11	57.1	56.04	29.78	2698100
2018-06-19	54.49	54.99	54.27	28.68	4656700
2018-06-20	55.55	55.56	54.65	28.74	2452500
2018-06-21	54.81	55.0	54.52	28.56	2221600
2018-06-22	56.02	56.1	55.41	28.94	2400100
2018-06-25	54.36	54.53	53.62	28.24	2767400
2018-06-26	54.25	55.33	54.15	28.76	5309800
2018-06-27	55.31	55.88	54.74	28.67	6252700
2018-06-28	54.74	55.8	54.62	28.97	5145700
2018-06-29	56.02	56.44	55.39	28.95	3292100
2018-07-02	54.15	54.28	53.56	28.16	4498600
2018-07-03	54.55	54.59	53.66	28.08	2389600
2018-07-05	53.93	54.23	53.68	28.22	1847700
2018-07-06	53.91	54.82	53.76	28.52	4809500
2018-07-09	55.36	56.02	55.06	29.21	4294100
2018-07-10	55.63	56.23	55.54	29.33	5835100
2018-07-11	54.01	54.43	52.98	27.86	6101000
2018-07-12	53.94	54.11	53.52	28.21	2413200
2018-07-13	53.81	54.18	53.59	28.18	1494400
2018-07-16	53.63	53.78	53.39	27.99	1793100
2018-07-17	54.03	54.52	53.88	28.31	2114700
2018-07-18	54.42	54.96	54.05	28.67	2194200
2018-07-19	53.9	54.07	53.06	27.99	3211700
2018-07-20	53.46	54.32	53.39	28.1	2712500
2018-07-23	53.87	53.95	53.64	28.08	2040200
2018-07-24	56.59	56.96	55.86	29.16	5503300
2018-07-25	55.12	56.31	54.96	29.39	2692600
2018-07-26	55.08	55.48	54.76	28.75	3633400
2018-07-27	55.2	55.71	54.84	28.73	2174400
2018-07-30	54.91	55.59	54.81	28.62	2921600
2018-07-31	56.32	56.35	55.45	28.96	2822100
2018-08-01	54.21	54.3	53.52	28.07	2389500
2018-08-02	51.64	52.04	51.41	27.06	6363100
2018-08-03	51.61	52.86	51.59	27.5	6532300
2018-08-06	51.44	51.75	51.01	26.79	3486600
2018-08-07	52.73	52.76	51.38	26.88	3017700
2018-08-08	51.72	52.2	51.15	27.12	3059100
2018-08-09	50.86	50.93	50.28	26.93	1724700
2018-08-10	49.03	49.64	49.03	26.5	4540900
2018-08-13	49.77	49.9	49.19	26.47	2337600
2018-08-14	48.96	49.29	48.71	26.23	2571300
2018-08-15	47.28	47.5	46.73	25.37	4388700
2018-08-16	47.83	48.14	47.49	25.44	2363200
2018-08-17	47.44	48.53	47.27	25.82	2067900
2018-08-20	48.62	48.7	48.06	25.78	2059100
2018-08-21	48.03	48.15	47.68	25.58	2433500
2018-08-22	48.61	48.64	48.05	25.83	2713500
2018-08-23	47.74	47.85	47.22	25.29	2061500
2018-08-24	48.33	48.53	48.01	25.83	2036400
2018-08-27	48.72	49.04	48.54	26.08	2067500
2018-08-28	49.68	49.69	48.69	26.08	3616900
2018-08-29	48.73	49.15	48.53	26.21	1552800
2018-08-30	48.61	48.67	48.12	25.81	2074500
2018-08-31	48.07	48.29	47.73	25.69	1501400
2018-09-04	46.5	46.73	46.24	24.92	3222100
2018-09-05	46.81	47.03	46.46	25.02	2562900
2018-09-06	46.85	47.23	46.3	24.92	2625100
2018-09-07	46.15	46.48	45.76	24.75	3224300
2018-09-10	46.67	46.7	46.34	24.84	2242100
2018-09-11	45.75	46.3	45.62	24.76	2082300
2018-09-12	46.45	47.32	46.32	25.19	2609600
2018-09-13	47.67	47.75	46.88	25.27	3187400
2018-09-14	47.74	47.88	47.34	25.38	1461400
2018-09-17	47.87	48.05	47.48	25.43	1777500
2018-09-18	48.28	48.53	48.05	25.86	2478200
2018-09-19	49.23	49.81	49.19	26.36	3317600
2018-09-20	51.57	51.57	50.84	27.36	6404500
2018-09-21	51.6	51.92	51.41	27.59	2754500
2018-09-24	52.0	52.16	51.39	27.54	2471300
2018-09-25	52.2	52.65	52.16	27.93	3001400
2018-09-26	51.69	51.93	51.41	27.57	2289900
2018-09-27	51.17	51.5	50.98	27.46	1763600
2018-09-28	50.94	51.45	50.83	27.29	2353200
2018-10-01	50.89	51.12	50.44	27.26	1736000
2018-10-02	50.99	51.32	50.92	27.38	2061600
2018-10-03	51.71	51.81	51.18	27.44	2185400
2018-10-04	51.87	51.87	50.91	27.37	1954900
2018-10-05	50.3	50.31	49.32	26.64	3675400
2018-10-08	49.72	49.91	49.28	26.66	1920400
2018-10-09	49.67	50.63	49.33	26.85	3889500
2018-10-10	49.57	49.68	48.5	26.07	3665500
2018-10-11	48.63	49.32	48.35	26.17	4585300
2018-10-12	49.88	49.89	48.79	26.31	2658300
2018-10-15	49.59	50.12	49.47	26.5	2768600
2018-10-16	50.16	50.18	49.63	26.67	2205400
2018-10-17	50.45	50.66	49.76	26.82	2943300
2018-10-18	49.8	49.96	48.79	26.19	2767200
2018-10-19	48.71	49.25	48.4	26.0	2101500
2018-10-22	48.78	49.22	48.54	26.27	2054900
2018-10-23	47.89	48.3	47.24	25.81	2484700
2018-10-24	48.25	48.48	46.25	24.77	3465900
2018-10-25	47.35	47.55	46.97	25.31	2582900
2018-10-26	46.31	48.03	46.3	25.58	3774100
2018-10-29	48.69	48.88	47.21	25.49	4223400
2018-10-30	47.6	48.12	47.42	25.74	2822800
2018-10-31	49.07	49.69	48.8	26.37	3232900
2018-11-01	50.14	51.0	49.53	27.16	2587600
2018-11-02	51.1	51.37	50.26	27.19	2326600
2018-11-05	51.82	51.98	51.17	27.48	1946100
2018-11-06	51.2	51.62	51.04	27.6	1723500
2018-11-07	52.5	52.55	51.81	27.93	1694500
2018-11-08	52.48	52.74	51.82	27.87	1865400
2018-11-09	50.77	50.93	50.06	27.05	2856300
2018-11-12	51.47	51.47	50.19	26.87	2331900
2018-11-13	50.44	50.77	49.6	26.84	2187200
2018-11-14	48.76	49.32	48.52	26.2	4223600
2018-11-15	48.85	50.14	48.65	26.77	5689000
2018-11-16	50.63	51.23	50.44	27.24	2287800
2018-11-19	50.81	50.89	50.35	27.09	2030400
2018-11-20	49.61	49.75	48.71	26.24	2205500
2018-11-21	49.47	49.95	49.39	26.59	1078800
2018-11-23	47.39	47.73	46.94	25.42	1927000
2018-11-26	46.67	47.3	46.64	25.19	2004900
2018-11-27	45.89	46.45	45.84	24.78	3035500
2018-11-28	46.42	47.84	45.94	25.55	4852000
2018-11-29	47.14	47.3	46.76	25.16	2592200
2018-11-30	46.3	46.76	46.12	25.01	3802300
2018-12-03	48.49	48.62	47.64	25.58	3330800
2018-12-04	47.9	48.39	47.18	25.35	3466400
2018-12-06	45.6	46.39	45.25	24.81	3785200
2018-12-07	46.95	47.29	45.83	24.59	2450400
2018-12-10	45.61	45.83	44.62	24.24	3905500
2018-12-11	46.54	46.62	46.01	24.76	2923600
2018-12-12	47.3	47.78	46.95	25.14	2711200
2018-12-13	47.81	48.02	47.34	25.52	3038900
2018-12-14	46.57	47.03	46.53	24.97	3038300
2018-12-17	47.82	48.2	47.07	25.23	3151300
2018-12-18	47.79	48.17	47.63	25.55	3534100
2018-12-19	48.68	49.22	47.13	25.29	5236100
2018-12-20	47.96	48.41	47.31	25.54	4521400
2018-12-21	48.23	48.97	47.67	25.55	4374300
2018-12-24	48.4	48.53	47.23	25.34	2174900
2018-12-26	47.48	49.13	47.16	26.27	2372400
2018-12-27	47.2	48.31	47.2	25.84	2937300
2018-12-28	48.62	48.73	48.0	25.79	1879700
2018-12-31	48.38	48.62	47.9	25.93	1894100
2019-01-02	46.45	47.38	46.41	25.33	3149600
2019-01-03	46.97	47.21	46.32	24.95	2501400
2019-01-04	48.1	49.64	47.85	26.35	3196200
2019-01-07	49.43	50.09	49.21	26.58	2791900
2019-01-08	49.93	50.4	49.88	26.91	2997600
2019-01-09	50.75	51.18	50.5	27.2	4223900
2019-01-10	49.97	50.64	49.86	27.06	2388300
2019-01-11	50.38	50.69	50.11	27.02	1500800
2019-01-14	50.21	50.86	50.18	27.04	1279100
2019-01-15	50.72	51.05	50.24	27.12	2322900
2019-01-16	50.5	50.98	50.44	27.22	1987200
2019-01-17	50.56	51.98	50.56	27.64	1832100
2019-01-18	51.94	52.0	51.45	27.62	2373500
2019-01-22	50.43	50.62	50.03	26.91	3697600
2019-01-23	50.0	50.13	49.62	26.7	2751100
2019-01-24	49.8	50.21	49.74	26.68	2070800
2019-01-25	51.15	52.9	51.07	27.96	4541300
2019-01-28	52.27	52.88	52.08	28.19	3991900
2019-01-29	54.21	54.77	53.96	29.11	4308300
2019-01-30	55.43	55.63	54.52	29.51	4056900
2019-01-31	55.65	56.38	55.46	30.1	2706500
2019-02-01	56.21	56.32	55.59	29.94	2254500
2019-02-04	56.16	57.1	55.9	30.35	3742900
2019-02-05	56.67	56.77	55.88	30.08	2551700
2019-02-06	56.3	57.11	56.16	30.3	5543000
2019-02-07	56.62	56.65	55.8	30.1	4054700
2019-02-08	56.0	56.3	55.57	29.97	5001900
2019-02-11	55.83	56.01	55.61	29.84	1903200
2019-02-12	56.08	56.18	55.61	29.91	4602500
2019-02-13	56.66	57.04	56.32	30.13	2570300
2019-02-14	56.01	56.33	55.88	30.11	2474500
2019-02-15	57.1	57.35	56.79	30.57	2428200
2019-02-19	57.4	58.24	57.37	30.94	2530100
2019-02-20	57.83	58.73	57.82	31.26	2202700
2019-02-21	57.83	58.04	57.45	31.04	2514600
2019-02-22	58.78	58.99	58.53	31.47	2230100
2019-02-25	58.11	58.79	58.09	31.4	2361700
2019-02-26	58.63	59.17	58.49	31.45	2608500
2019-02-27	59.6	59.97	58.48	31.3	4280400
2019-02-28	58.35	58.51	58.0	31.13	3645800
2019-03-01	58.86	58.93	58.15	31.22	2538100
2019-03-04	58.66	59.01	58.37	31.38	2590200
2019-03-05	58.83	59.17	58.77	31.52	2167900
2019-03-06	59.54	59.64	59.19	31.66	2881200
2019-03-07	55.2	55.2	54.44	31.54	4522000
2019-03-08	53.73	54.67	53.65	31.49	3593000
2019-03-11	54.8	55.55	54.7	31.85	1972500
2019-03-12	55.34	55.62	55.3	31.87	1737600
2019-03-13	56.02	56.27	55.74	32.28	1720600
2019-03-14	55.73	56.23	55.66	32.26	1525400
2019-03-15	55.94	56.22	55.84	32.25	1533600
2019-03-18	56.8	57.29	56.78	32.83	3528900
2019-03-19	58.05	58.08	56.07	32.56	7251400
2019-03-20	56.04	56.99	55.89	32.64	2992000
2019-03-21	56.66	57.08	56.34	32.74	2154600
2019-03-22	56.5	56.75	56.13	32.34	3280500
2019-03-25	56.69	57.47	56.64	32.81	2982900
2019-03-26	57.79	58.1	57.56	33.29	6422700
2019-03-27	58.18	58.37	57.54	33.22	5049800
2019-03-28	58.54	58.54	57.75	33.43	5061300
2019-03-29	58.9	59.03	58.48	33.9	5531500
2019-04-01	60.54	60.58	59.81	34.48	3186300
2019-04-02	60.39	61.0	60.33	35.13	2640900
2019-04-03	61.64	61.71	60.93	35.15	2860400
2019-04-04	60.77	61.06	60.48	35.17	2334400
2019-04-05	61.37	61.45	60.85	35.18	1697400
2019-04-08	61.89	62.48	61.72	35.93	2807300
2019-04-09	62.14	62.4	61.83	35.66	1918400
2019-04-10	62.83	62.95	62.26	35.95	3456500
2019-04-11	62.0	62.42	61.76	35.75	3029300
2019-04-12	63.27	63.27	62.73	36.17	1768500
2019-04-15	62.36	62.53	62.01	35.98	2094200
2019-04-16	62.0	62.07	59.75	34.76	5802800
2019-04-17	59.92	60.55	59.84	34.83	3401300
2019-04-18	60.58	60.93	60.34	35.01	1392600
2019-04-22	60.6	60.93	60.3	35.07	1578600
2019-04-23	60.49	61.07	60.46	34.91	1404800
2019-04-24	59.97	60.16	59.18	34.24	2552800
2019-04-25	59.25	59.7	58.85	34.19	2404100
2019-04-26	59.28	59.53	59.13	34.16	2558000
2019-04-29	59.25	59.38	58.94	34.16	1712700
2019-04-30	58.79	59.17	58.52	33.93	2183000
2019-05-01	58.8	58.96	57.3	33.38	3054400
2019-05-02	57.62	57.68	57.18	33.09	3696000
2019-05-03	58.26	59.03	58.26	33.94	2394700
2019-05-06	57.57	58.15	57.38	33.46	2313400
2019-05-07	58.74	58.81	57.77	33.58	2861200
2019-05-08	57.8	58.21	57.56	33.22	2533300
2019-05-09	57.43	58.01	57.25	33.26	2794100
2019-05-10	58.04	59.05	57.69	33.92	2772300
2019-05-13	57.69	57.86	56.92	32.93	3400900
2019-05-14	58.22	58.84	58.01	33.68	2417400
2019-05-15	57.82	58.61	57.69	33.58	1653100
2019-05-16	59.31	60.15	58.96	34.44	3963500
2019-05-17	59.83	60.34	59.56	34.54	3287100
2019-05-20	59.88	60.36	59.61	34.42	2291500
2019-05-21	59.43	59.84	59.22	34.43	1328800
2019-05-22	59.78	59.89	59.38	34.25	2138100
2019-05-23	58.82	58.95	58.21	33.86	2455600
2019-05-24	59.63	59.88	59.31	34.4	2329900
2019-05-28	61.14	61.45	60.51	34.93	3646800
2019-05-29	58.98	59.44	58.75	34.22	4238000
2019-05-30	59.27	59.35	58.91	33.95	1840600
2019-05-31	57.3	58.14	57.2	33.37	3632300
2019-06-03	58.0	58.89	57.91	33.85	2283200
2019-06-04	58.98	59.27	58.57	34.13	1556100
2019-06-05	58.59	58.69	57.74	33.44	2613400
2019-06-06	57.97	58.3	57.58	33.41	2650100
2019-06-07	57.78	58.63	57.71	33.48	1779400
2019-06-10	58.89	59.01	58.53	33.8	1841900
2019-06-11	60.31	60.63	60.1	34.72	2438700
2019-06-12	60.27	60.83	60.19	34.73	1705100
2019-06-13	61.16	61.7	60.94	35.47	2175500
2019-06-14	60.5	60.97	60.41	35.01	2095800
2019-06-17	60.95	60.99	60.59	34.95	1378100
2019-06-18	61.5	62.34	61.5	35.82	2456800
2019-06-19	60.11	60.39	59.28	34.51	4422000
2019-06-20	60.56	60.71	59.94	34.8	2521500
2019-06-21	60.08	60.59	60.08	34.72	1750100
2019-06-24	60.87	61.28	60.57	35.11	1748100
2019-06-25	61.5	61.66	60.76	35.14	2651900
2019-06-26	61.56	62.14	61.47	35.55	1918600
2019-06-27	62.41	62.42	61.74	35.69	2242900
2019-06-28	62.7	62.72	62.16	35.91	2088500
2019-07-01	63.18	63.21	62.53	36.17	2174200
2019-07-02	63.1	64.02	62.73	36.72	3021700
2019-07-03	63.22	63.38	62.89	36.47	1896600
2019-07-05	59.93	60.25	59.16	34.6	4933400
2019-07-08	60.64	60.91	60.36	34.84	2191200
2019-07-09	60.44	60.64	60.22	34.9	1934800
2019-07-10	61.36	61.54	61.09	35.37	1607300
2019-07-11	60.83	61.12	60.6	35.06	1942300
2019-07-12	60.94	61.25	60.65	34.98	1672600
2019-07-15	61.56	61.75	61.24	35.44	2218700
2019-07-16	60.67	60.73	60.14	34.81	2668300
2019-07-17	60.75	61.17	60.7	35.12	1746800
2019-07-18	60.36	60.72	60.0	34.94	1561500
2019-07-19	61.23	61.5	60.81	35.21	1597300
2019-07-22	61.06	61.3	60.42	35.0	1672000
2019-07-23	61.06	61.2	60.32	34.88	1527100
2019-07-24	57.76	58.2	57.59	33.44	3187300
2019-07-25	57.4	57.71	57.04	33.01	1948000
2019-07-26	57.83	57.85	57.23	33.14	1240100
2019-07-29	58.02	58.04	57.42	33.31	1102800
2019-07-30	57.79	58.08	57.61	33.44	2286700
2019-07-31	57.08	57.89	56.43	32.88	3222700
2019-08-01	55.23	55.67	54.14	31.42	3637600
2019-08-02	53.79	54.0	53.14	30.7	3184200
2019-08-05	52.36	52.56	51.7	30.04	3707800
2019-08-06	52.53	52.57	51.52	30.04	3193900
2019-08-07	51.21	51.67	51.16	29.7	2615200
2019-08-08	50.06	50.72	49.97	30.43	2398400
2019-08-09	49.68	49.8	48.72	29.31	3055000
2019-08-12	49.28	49.29	48.73	29.31	1869700
2019-08-13	48.82	50.22	48.76	30.05	2803900
2019-08-14	49.1	49.29	48.55	29.18	1894600
2019-08-15	48.98	49.05	48.57	29.42	1684000
2019-08-16	48.84	49.01	48.61	29.33	1544300
2019-08-19	49.47	49.56	49.13	29.52	2054200
2019-08-20	49.0	49.25	48.69	29.27	2027900
2019-08-21	48.79	48.82	48.4	29.13	2691500
2019-08-22	48.52	48.73	48.22	29.17	2459100
2019-08-23	48.59	49.11	47.88	28.83	1955500
2019-08-26	48.29	48.59	48.07	29.05	1386900
2019-08-27	48.65	48.67	48.18	28.96	1591700
2019-08-28	48.38	49.18	48.22	29.26	2746300
2019-08-29	49.63	49.67	49.16	29.6	1838700
2019-08-30	50.58	50.82	50.29	30.39	3027000
2019-09-03	49.79	50.16	49.73	30.02	1391400
2019-09-04	51.4	51.61	51.23	31.0	2254800
2019-09-05	51.55	52.25	51.51	31.34	2848700
2019-09-06	52.25	52.43	52.08	31.34	1910000
2019-09-09	51.96	52.42	51.96	31.48	1721500
2019-09-10	52.21	53.07	52.1	31.76	1961300
2019-09-11	53.13	53.29	52.87	31.99	1395400
2019-09-12	53.35	53.93	53.16	32.26	2066800
2019-09-13	55.38	55.44	54.81	32.95	2489900
2019-09-16	54.23	54.46	53.5	32.23	2255000
2019-09-17	53.04	53.68	52.82	32.21	1580700
2019-09-18	53.43	53.49	52.7	31.87	1405600
2019-09-19	53.15	53.3	52.84	31.79	1623400
2019-09-20	53.1	53.33	52.77	31.74	1967400
2019-09-23	52.49	53.13	52.35	31.84	1324500
2019-09-24	52.02	52.15	51.2	30.89	2161500
2019-09-25	51.06	52.0	51.06	31.18	1528900
2019-09-26	51.95	51.99	51.35	30.89	1714300
2019-09-27	51.84	52.34	51.78	31.23	5485400
2019-09-30	51.83	52.2	51.83	31.3	1475900
2019-10-01	51.93	52.02	51.2	30.86	1903100
2019-10-02	49.69	50.15	49.28	29.89	3017800
2019-10-03	49.0	49.94	48.94	29.91	2641200
2019-10-04	49.64	50.15	49.63	30.12	1637700
2019-10-07	49.79	50.25	49.63	29.85	1317600
2019-10-08	49.6	49.64	49.23	29.58	1363400
2019-10-09	49.63	49.82	49.12	29.77	1850200
2019-10-10	50.28	51.03	50.13	30.58	2530000
2019-10-11	52.78	53.44	52.76	31.75	3372200
2019-10-14	52.16	52.24	51.82	31.15	1257300
2019-10-15	51.11	51.72	50.95	30.88	6116200
2019-10-16	50.88	51.03	50.42	30.35	2280600
2019-10-17	51.2	51.43	50.73	30.5	2676200
2019-10-18	51.16	51.38	50.91	30.61	2522500
2019-10-21	52.14	52.17	51.69	31.17	3338200
2019-10-22	51.96	52.45	51.9	31.36	1774100
2019-10-23	52.5	52.5	52.08	31.32	1126200
2019-10-24	52.84	52.84	51.88	31.25	1461400
2019-10-25	52.2	52.84	52.16	31.58	1383600
2019-10-28	53.17	53.53	53.02	32.05	1698200
2019-10-29	53.62	53.66	53.32	32.07	1284200
2019-10-30	52.73	52.73	51.97	31.56	1467400
2019-10-31	52.2	52.29	51.71	31.25	1991900
2019-11-01	52.72	54.04	52.57	32.43	2355800
2019-11-04	55.53	55.87	55.16	33.18	2413700
2019-11-05	56.49	56.49	55.62	33.54	1895700
2019-11-06	55.99	56.07	55.47	33.44	1525600
2019-11-07	55.88	56.0	55.31	33.35	2365100
2019-11-08	54.07	54.37	53.56	32.51	2458500
2019-11-11	52.57	53.4	52.53	32.07	1664300
2019-11-12	53.56	53.59	52.83	31.86	1667100
2019-11-13	52.34	52.55	52.02	31.35	1175900
2019-11-14	52.65	52.95	52.52	31.8	1706300
2019-11-15	53.43	53.99	53.27	32.43	1984700
2019-11-18	53.8	54.2	53.57	32.44	1134200
2019-11-19	55.34	55.34	54.41	32.76	1430200
2019-11-20	53.24	53.7	52.96	31.91	1323200
2019-11-21	52.95	53.38	52.91	32.02	1089600
2019-11-22	53.94	54.16	53.7	32.32	1178800
2019-11-25	54.35	54.8	54.23	32.85	1103200
2019-11-26	54.65	54.92	54.45	32.96	1204900
2019-11-27	54.86	55.07	54.62	33.03	857800
2019-11-29	54.34	54.69	54.29	32.78	820800
2019-12-02	54.73	55.33	54.48	33.14	1924200
2019-12-03	54.15	54.63	53.98	32.8	1089200
2019-12-04	54.7	55.07	54.52	32.96	1300000
2019-12-05	54.55	54.86	54.34	32.81	1107100
2019-12-06	55.4	55.56	55.21	33.27	839100
2019-12-09	56.01	56.42	55.75	33.59	1416700
2019-12-10	55.73	59.0	55.24	33.68	1325400
2019-12-11	56.61	57.17	56.61	34.19	2063700
2019-12-12	56.94	57.74	56.76	34.56	1809200
2019-12-13	58.28	58.95	57.52	34.68	1651000
2019-12-16	59.68	59.68	58.75	35.34	1797300
2019-12-17	58.41	58.99	58.41	35.26	1392800
2019-12-18	58.46	58.65	58.31	35.17	1313300
2019-12-19	58.89	58.98	58.37	35.14	1462700
2019-12-20	59.19	59.38	58.75	35.31	1369300
2019-12-23	58.77	59.13	58.75	35.43	1459900
2019-12-24	59.17	59.24	58.97	35.45	405200
2019-12-26	59.29	59.54	59.12	35.74	775400
2019-12-27	59.7	59.7	59.27	35.66	728200
2019-12-30	59.32	59.49	59.12	35.55	800400
2019-12-31	59.39	59.4	59.01	35.66	784500
2020-01-02	59.67	60.02	59.5	35.98	1814300
2020-01-03	58.79	59.26	58.78	35.35	1561700
2020-01-06	58.43	58.68	58.24	35.12	1492600
2020-01-07	58.34	58.68	58.19	35.08	1627600
2020-01-08	58.68	59.3	58.61	35.39	1420400
2020-01-09	58.55	58.64	58.06	35.02	1778800
2020-01-10	58.61	58.97	58.42	35.12	1104800
2020-01-13	58.53	59.38	58.48	35.53	1370200
2020-01-14	59.16	59.48	59.0	35.59	1148300
2020-01-15	58.8	59.32	58.6	35.44	1497100
2020-01-16	59.23	59.36	59.02	35.54	1003300
2020-01-17	60.96	61.05	60.52	36.45	1762100
2020-01-21	60.05	60.34	59.76	36.02	2107400
2020-01-22	60.87	61.11	60.31	36.35	2038900
2020-01-23	58.63	58.96	57.83	35.39	2689200
2020-01-24	58.33	58.48	57.43	34.7	1736400
2020-01-27	55.26	55.55	54.98	33.1	2357400
2020-01-28	55.26	55.74	55.22	33.35	1479400
2020-01-29	55.7	55.81	55.1	33.2	1067500
2020-01-30	54.63	55.26	54.34	33.18	1367600
2020-01-31	54.04	54.08	53.22	32.1	3023700
2020-02-03	53.16	53.57	53.01	31.93	1325100
2020-02-04	54.74	55.03	54.58	33.03	1809700
2020-02-05	55.78	55.87	55.22	33.45	1602400
2020-02-06	55.69	55.79	55.22	33.27	1229300
2020-02-07	54.43	54.64	53.69	32.28	1305900
2020-02-10	53.54	53.61	53.08	32.1	1190600
2020-02-11	54.31	54.35	53.6	32.35	1528100
2020-02-12	55.43	55.51	54.96	33.21	1620700
2020-02-13	54.8	55.07	54.58	32.97	1053700
2020-02-14	54.91	54.94	54.32	32.74	1369200
2020-02-18	54.28	54.48	54.13	32.7	796700
2020-02-19	54.46	54.58	54.24	32.65	904800
2020-02-20	54.47	54.76	54.1	32.56	1242200
2020-02-21	54.3	54.71	53.98	32.82	2570100
2020-02-24	51.11	51.49	50.9	30.78	2846500
2020-02-25	51.61	51.64	50.16	30.3	2730600
2020-02-26	50.5	50.66	49.59	29.87	2398100
2020-02-27	47.84	48.33	47.01	28.39	4810000
2020-02-28	45.17	47.08	44.63	28.2	7003300
2020-03-02	47.22	48.89	46.85	29.3	6370300
2020-03-03	49.56	50.65	48.26	29.3	6984400
2020-03-04	50.69	51.52	50.1	30.93	3222800
2020-03-05	49.37	50.13	49.05	29.6	4025300
2020-03-06	46.17	46.66	45.67	29.1	4163800
2020-03-09	42.38	43.64	41.41	26.36	6536000
2020-03-10	44.98	45.94	43.54	28.87	5030100
2020-03-11	44.15	44.61	41.74	26.92	5598100
2020-03-12	39.13	39.88	37.14	24.5	6720900
2020-03-13	42.13	43.9	40.05	27.67	4905700
2020-03-16	39.1	42.12	38.82	25.38	3482600
2020-03-17	40.48	42.69	40.09	26.34	2965500
2020-03-18	38.48	39.72	36.88	23.97	3420800
2020-03-19	37.74	38.72	35.82	23.93	3744400
2020-03-20	38.53	39.49	36.44	23.05	3702000
2020-03-23	36.1	37.21	35.35	22.96	4318800
2020-03-24	39.79	42.45	39.11	26.58	4076500
2020-03-25	42.65	46.02	42.34	27.85	4558700
2020-03-26	45.22	46.1	44.28	28.62	3325500
2020-03-27	43.0	44.6	42.49	27.47	2730500
2020-03-30	45.3	45.98	43.97	28.31	3321100
2020-03-31	45.51	46.64	45.03	28.72	3434400
2020-04-01	45.06	45.62	43.98	27.84	3913100
2020-04-02	45.43	46.74	44.8	29.0	2874700
2020-04-03	46.31	46.56	44.6	28.39	3410800
2020-04-06	46.38	46.77	45.77	29.21	3474500
2020-04-07	47.15	47.19	45.71	28.83	3004400
2020-04-08	45.6	46.31	45.04	29.0	1916600
2020-04-09	46.86	48.06	46.8	30.04	3412600
2020-04-13	48.19	48.19	47.16	30.18	1557800
2020-04-14	48.42	48.95	47.74	30.25	3106300
2020-04-15	46.04	46.37	45.8	29.01	3019600
2020-04-16	46.44	46.59	45.77	29.29	2940100
2020-04-17	48.11	48.15	47.23	30.03	2250700
2020-04-20	46.91	47.8	46.35	29.25	2552600
2020-04-21	45.2	45.67	44.35	28.13	2617900
2020-04-22	46.2	46.55	45.71	29.18	2239700
2020-04-23	46.41	47.52	45.94	29.02	1471900
2020-04-24	46.99	47.06	45.97	29.31	2377500
2020-04-27	46.62	47.02	46.36	29.56	1403300
2020-04-28	47.35	47.63	46.75	29.6	1502700
2020-04-29	48.23	49.18	48.16	30.81	2338600
2020-04-30	46.37	47.01	45.87	29.12	2416200
2020-05-01	44.55	45.34	44.52	28.39	2865500
2020-05-04	44.47	44.98	44.11	28.35	2329900
2020-05-05	44.94	45.45	44.21	27.89	1972800
2020-05-06	45.2	45.28	44.36	28.06	1485900
2020-05-07	45.64	46.31	45.59	28.87	1781900
2020-05-08	46.88	47.0	46.31	29.6	1615200
2020-05-11	45.1	45.8	45.08	28.66	1721600
2020-05-12	46.31	46.5	44.97	28.36	1521100
2020-05-13	45.93	45.93	45.14	28.82	2890100
2020-05-14	44.74	46.68	44.57	29.35	3766000
2020-05-15	47.6	48.3	47.17	30.0	3319100
2020-05-18	51.11	52.0	50.88	32.41	2931000
2020-05-19	51.93	52.46	51.7	32.67	2150200
2020-05-20	52.63	52.95	52.0	33.03	1999200
2020-05-21	52.29	52.62	51.46	32.67	1962800
2020-05-22	51.5	52.28	51.26	32.85	1508800
2020-05-26	51.79	52.11	51.18	32.44	2344900
2020-05-27	52.51	52.6	51.82	32.99	2208400
2020-05-28	52.86	53.17	52.4	33.1	2259000
2020-05-29	53.28	54.08	53.07	33.99	2739100
2020-06-01	54.23	55.02	54.12	34.59	1715300
2020-06-02	55.46	56.15	55.33	35.14	3110600
2020-06-03	56.09	56.99	56.01	35.63	1850900
2020-06-04	56.21	56.68	55.9	35.71	2416000
2020-06-05	57.54	57.79	56.32	35.65	3684200
2020-06-08	58.19	58.39	57.48	36.74	2492700
2020-06-09	56.8	57.9	56.54	36.4	2212100
2020-06-10	58.33	58.91	57.9	36.92	2239200
2020-06-11	56.82	57.02	55.41	35.02	2898900
2020-06-12	57.89	58.08	56.72	36.25	3307700
2020-06-15	55.59	57.39	55.34	35.99	2710200
2020-06-16	58.2	58.45	56.85	36.21	2533100
2020-06-17	57.71	58.01	57.28	36.22	1683200
2020-06-18	55.96	56.23	55.73	35.38	2362500
2020-06-19	55.71	56.03	54.87	34.68	2479800
2020-06-22	56.1	56.4	55.87	35.38	1887400
2020-06-23	57.07	57.81	56.84	35.88	2283800
2020-06-24	56.42	56.51	55.56	35.07	2027800
2020-06-25	56.18	56.79	55.95	35.78	1686500
2020-06-26	56.71	56.72	55.75	35.17	1722600
2020-06-29	56.02	56.12	55.4	35.04	1296900
2020-06-30	55.31	56.43	55.27	35.41	1786600
2020-07-01	55.89	56.2	55.33	35.29	2369900
2020-07-02	56.71	57.16	56.15	35.48	1869500
2020-07-06	56.58	57.0	56.24	35.9	2120000
2020-07-07	56.4	57.54	56.37	35.87	2802100
2020-07-08	57.47	58.34	57.41	36.75	1983400
2020-07-09	58.79	59.05	57.8	36.54	2337300
2020-07-10	58.32	58.95	57.88	37.13	1501900
2020-07-13	60.24	60.66	58.66	37.03	3181500
2020-07-14	59.38	60.9	59.35	38.35	3333900
2020-07-15	61.56	61.61	60.47	38.37	2249400
2020-07-16	60.87	61.33	60.64	38.57	2440000
2020-07-17	61.67	62.22	61.51	39.18	1995200
2020-07-20	61.94	62.79	61.92	39.35	1782800
2020-07-21	61.42	61.9	61.3	38.65	2048100
2020-07-22	61.18	61.54	61.04	38.73	1193900
2020-07-23	61.2	61.39	60.37	38.25	1267700
2020-07-24	60.3	61.01	60.18	38.31	1302100
2020-07-27	61.59	62.65	61.43	39.44	2036300
2020-07-28	61.35	61.87	61.22	38.63	1927500
2020-07-29	62.48	62.94	61.93	39.51	1626400
2020-07-30	60.69	61.24	60.13	38.48	1733600
2020-07-31	60.71	61.07	60.24	38.48	3109800
2020-08-03	62.4	62.79	61.84	39.03	2189000
2020-08-04	61.85	62.27	61.63	38.99	3299200
2020-08-05	64.06	65.2	63.91	40.72	3357200
2020-08-06	62.25	62.76	61.88	40.34	2424900
2020-08-07	61.4	61.43	60.44	39.37	2051800
2020-08-10	61.47	62.12	61.31	39.79	1609000
2020-08-11	62.42	62.51	61.24	39.62	2063700
2020-08-12	62.49	63.32	62.15	40.25	3013900
2020-08-13	62.01	62.47	61.54	39.91	1566700
2020-08-14	61.71	61.83	61.27	39.78	853500
2020-08-17	62.95	63.24	62.25	40.34	1750900
2020-08-18	63.57	63.71	63.02	41.06	1816600
2020-08-19	63.65	63.76	62.13	40.19	1283100
2020-08-20	61.12	62.2	61.08	40.15	1892600
2020-08-21	61.06	61.65	60.96	39.74	1639500
2020-08-24	62.24	62.25	61.55	39.93	1079400
2020-08-25	61.2	61.34	60.46	39.42	1194700
2020-08-26	61.08	61.89	60.87	39.89	1265000
2020-08-27	62.51	62.51	60.82	39.53	1214000
2020-08-28	61.56	62.27	61.42	40.03	2143900
2020-08-31	61.98	62.03	61.19	39.55	1233300
2020-09-01	61.78	62.52	61.28	40.18	2378100
2020-09-02	62.75	62.78	61.86	40.25	1403600
2020-09-03	61.18	61.25	59.48	38.91	2695100
2020-09-04	60.96	61.86	60.1	39.72	2044000
2020-09-08	60.49	61.63	60.15	39.31	1321700
2020-09-09	62.04	62.53	61.93	40.0	1808200
2020-09-10	62.3	62.49	60.7	39.33	2100300
2020-09-11	62.72	64.33	62.5	41.3	3796500
2020-09-14	64.77	64.78	63.86	41.25	1788000
2020-09-15	66.52	66.55	65.23	42.26	3486600
2020-09-16	65.8	65.98	64.63	41.88	3231000
2020-09-17	63.89	64.97	63.83	41.8	2169700
2020-09-18	65.52	65.59	64.41	41.61	1627300
2020-09-21	62.27	62.43	60.82	39.79	2611000
2020-09-22	61.33	61.59	60.55	39.66	1883500
2020-09-23	61.28	61.43	60.29	39.01	1979100
2020-09-24	60.86	61.9	60.46	39.51	1869900
2020-09-25	59.9	60.42	59.38	38.98	2219800
2020-09-28	60.82	61.1	60.21	39.07	3094400
2020-09-29	60.51	60.76	60.06	38.89	2619900
2020-09-30	60.52	60.76	60.07	39.0	2283300
2020-10-01	60.56	60.72	59.54	38.64	1692100
2020-10-02	59.32	61.01	59.24	39.07	2398600
2020-10-05	60.64	61.35	60.61	39.55	1289100
2020-10-06	60.99	61.08	59.5	38.5	2844200
2020-10-07	60.77	61.84	60.75	39.53	1983400
2020-10-08	61.49	61.6	60.94	39.73	1387100
2020-10-09	62.96	63.14	62.05	40.1	4041200
2020-10-12	61.84	61.94	61.51	39.84	2086500
2020-10-13	61.05	61.27	60.56	39.44	1681500
2020-10-14	61.34	61.46	60.87	39.4	1365100
2020-10-15	59.5	60.73	59.47	39.11	1441400
2020-10-16	60.38	60.63	60.0	38.78	1206700
2020-10-19	59.9	60.4	59.09	38.25	1867500
2020-10-20	59.23	59.94	59.17	38.48	1367000
2020-10-21	59.7	61.01	59.68	38.89	1978200
2020-10-22	59.78	60.11	59.07	38.69	1113100
2020-10-23	59.69	60.03	59.42	38.49	1312100
2020-10-26	59.0	59.02	57.92	37.64	1816700
2020-10-27	57.61	58.3	57.4	37.43	2190300
2020-10-28	55.61	55.98	55.39	35.79	3917700
2020-10-29	55.79	56.78	55.39	36.59	2861400
2020-10-30	56.43	56.83	56.05	36.67	2324000
2020-11-02	57.78	57.9	57.05	37.08	2180100
2020-11-03	59.41	59.41	58.72	37.99	2032100
2020-11-04	57.49	57.9	56.97	37.2	2445500
2020-11-05	58.91	59.62	58.72	37.96	1827200
2020-11-06	60.55	61.2	60.1	39.29	2086100
2020-11-09	63.11	63.21	60.24	39.76	3005600
2020-11-10	63.0	63.69	62.63	40.5	3277900
2020-11-11	62.98	63.29	62.62	40.67	1846900
2020-11-12	62.15	63.0	61.82	40.08	1301400
2020-11-13	62.03	62.83	62.03	40.37	1090800
2020-11-16	63.08	63.39	62.75	40.8	1452200
2020-11-17	62.84	63.54	62.39	40.86	1864600
2020-11-18	63.6	63.94	63.03	40.75	1489100
2020-11-19	62.83	63.11	62.21	40.76	1051400
2020-11-20	63.6	63.88	63.24	41.03	1251200
2020-11-23	64.28	65.49	64.23	42.23	1760000
2020-11-24	66.33	67.91	66.28	43.69	2075500
2020-11-25	65.37	66.76	65.36	42.81	2918600
2020-11-27	65.14	66.11	65.11	42.66	1541500
2020-11-30	65.86	66.15	64.73	41.96	2372500
2020-12-01	66.26	67.65	66.26	43.6	3138400
2020-12-02	69.69	70.76	68.61	45.33	4145700
2020-12-03	72.13	73.14	71.5	46.87	2748000
2020-12-04	73.11	74.06	73.11	47.74	2017700
2020-12-07	73.21	73.57	72.46	47.13	1504300
2020-12-08	72.36	73.33	72.25	47.08	1675100
2020-12-09	72.55	72.71	71.58	46.75	2028300
2020-12-10	72.65	74.19	72.56	47.78	1999100
2020-12-11	73.45	74.21	73.35	47.87	2875000
2020-12-14	75.0	75.3	74.17	48.05	2650500
2020-12-15	75.23	76.46	74.93	49.21	3011700
2020-12-16	75.86	76.21	75.09	49.02	1264100
2020-12-17	76.97	77.64	76.45	49.47	1638200
2020-12-18	76.74	77.12	76.32	49.48	1308400
2020-12-21	74.2	76.31	74.2	49.27	2955500
2020-12-22	75.56	75.6	74.77	48.63	1375600
2020-12-23	75.99	76.47	75.43	49.17	1210700
2020-12-24	77.01	77.05	75.53	49.05	378200
2020-12-28	76.6	76.78	75.29	48.82	762700
2020-12-29	77.14	77.25	75.89	49.17	1524000
2020-12-30	76.36	76.39	75.62	49.08	1198200
2020-12-31	75.25	75.43	74.81	48.58	1006400
2021-01-04	78.98	79.35	77.39	49.98	2593800
2021-01-05	77.81	79.53	77.42	51.19	2265400
2021-01-06	82.27	83.5	81.8	53.48	2771800
2021-01-07	84.93	86.17	84.43	55.53	2888300
2021-01-08	85.5	86.9	84.95	55.99	2835900
2021-01-11	82.96	84.33	82.92	54.11	3097600
2021-01-12	82.73	84.1	82.65	54.27	1685600
2021-01-13	82.75	82.95	81.59	52.81	2024300
2021-01-14	83.44	85.03	83.34	54.8	1599000
2021-01-15	81.67	81.91	79.92	51.97	2044900
2021-01-19	81.28	82.0	80.66	52.7	1557300
2021-01-20	82.75	83.08	82.08	53.4	1420600
2021-01-21	83.19	83.27	81.42	53.21	1410300
2021-01-22	80.23	81.53	80.02	52.57	1287700
2021-01-25	80.84	81.17	80.12	52.37	1213500
2021-01-26	81.72	81.92	81.08	52.4	1435000
2021-01-27	78.44	79.95	77.46	50.82	2437100
2021-01-28	78.66	79.2	77.95	50.71	1764000
2021-01-29	77.48	78.15	76.18	49.36	1993800
2021-02-01	78.63	78.79	77.72	50.68	1745800
2021-02-02	77.25	77.41	76.47	49.73	1755000
2021-02-03	77.35	77.82	77.0	50.07	1813600
2021-02-04	77.57	77.83	76.85	50.07	1174900
2021-02-05	78.0	78.48	77.09	50.69	1501700
2021-02-08	79.11	80.45	79.05	51.86	2714200
2021-02-09	79.84	81.83	79.5	52.57	3370400
2021-02-10	83.11	83.8	81.31	53.65	2941400
2021-02-11	82.0	82.77	81.47	53.14	1812300
2021-02-12	81.98	83.8	81.85	54.03	1534600
2021-02-16	86.78	88.43	86.49	56.6	2509800
2021-02-17	89.55	89.59	86.76	56.54	2447100
2021-02-18	88.67	88.8	86.81	56.89	1776000
2021-02-19	89.23	90.52	89.13	58.12	2002400
2021-02-22	89.27	91.4	89.11	58.37	2945100
2021-02-23	89.47	90.66	87.7	58.46	2484100
2021-02-24	90.44	91.81	89.75	59.23	1741900
2021-02-25	92.17	92.85	89.77	58.21	2359900
2021-02-26	89.38	89.62	87.02	56.45	3708100
2021-03-01	88.21	89.98	88.2	58.0	2275800
2021-03-02	90.57	91.89	90.38	58.99	2711900
2021-03-03	90.49	91.4	89.38	58.68	2141400
2021-03-04	85.0	85.35	81.15	55.35	4303300
2021-03-05	84.0	84.4	81.39	56.52	3643500
2021-03-08	82.93	84.56	82.49	56.36	2443700
2021-03-09	82.17	82.52	80.27	55.36	4546300
2021-03-10	79.99	80.37	78.96	54.2	2984000
2021-03-11	81.89	82.5	81.2	55.75	2729600
2021-03-12	80.71	81.5	80.22	54.92	1780100
2021-03-15	79.25	79.8	78.07	53.78	3898400
2021-03-16	79.16	79.41	78.17	53.25	2260000
2021-03-17	77.59	78.93	76.74	53.2	3811000
2021-03-18	77.87	78.87	77.54	52.41	3130700
2021-03-19	76.91	77.21	75.95	51.73	2763100
2021-03-22	76.06	76.32	75.28	51.41	2168800
2021-03-23	75.11	75.78	74.03	50.21	2734700
2021-03-24	74.67	75.79	74.64	50.51	2680500
2021-03-25	74.23	75.37	73.61	50.72	2277800
2021-03-26	76.86	78.11	76.57	52.74	2468800
2021-03-29	77.35	77.57	76.47	52.01	2223900
2021-03-30	77.02	77.88	76.65	52.63	1967000
2021-03-31	78.09	78.49	77.24	52.47	2234100
2021-04-01	77.41	78.0	76.52	52.7	1835400
2021-04-05	79.43	80.45	78.83	53.97	2361700
2021-04-06	79.37	79.93	78.59	53.24	2297800
2021-04-07	79.9	80.96	79.87	54.07	2070400
2021-04-08	80.15	80.56	79.41	54.2	1937200
2021-04-09	79.01	79.4	78.51	53.66	2446600
2021-04-12	79.43	79.5	78.51	53.35	1782100
2021-04-13	79.38	79.65	78.69	53.72	2094000
2021-04-14	80.0	82.24	79.95	55.22	2856400
2021-04-15	83.25	84.1	82.97	56.62	2214300
2021-04-16	84.85	85.16	83.77	57.3	2468000
2021-04-19	85.38	86.82	85.38	58.32	3597000
2021-04-20	85.71	86.01	84.17	57.25	3168200
2021-04-21	83.93	86.24	83.58	58.12	3107400
2021-04-22	84.54	84.71	83.5	56.77	3830100
2021-04-23	85.14	86.7	85.06	58.41	2001700
2021-04-26	87.33	88.29	87.2	59.64	2070000
2021-04-27	87.0	87.73	86.56	58.74	2069200
2021-04-28	86.82	88.13	86.63	59.18	2202300
2021-04-29	88.0	88.07	86.66	59.15	2117300
2021-04-30	86.47	86.79	84.94	57.48	2217600
2021-05-03	86.03	87.37	85.88	58.76	2051600
2021-05-04	86.75	87.33	85.6	58.9	3152600
2021-05-05	88.47	90.96	88.32	61.08	3730100
2021-05-06	90.54	91.59	90.01	61.74	3387400
2021-05-07	92.08	93.35	91.41	62.96	3279600
2021-05-10	95.23	95.97	93.65	63.39	4335700
2021-05-11	92.38	94.79	91.46	63.96	4078500
2021-05-12	93.52	94.61	92.37	62.68	3048300
2021-05-13	90.02	91.49	88.7	60.83	3803400
2021-05-14	88.14	88.7	87.25	59.62	3252700
2021-05-17	88.5	90.67	88.5	61.24	2422900
2021-05-18	90.77	90.87	89.34	60.44	2302900
2021-05-19	87.27	87.72	85.57	58.24	3485800
2021-05-20	86.26	86.88	85.45	58.51	4059300
2021-05-21	86.68	87.06	85.27	57.88	2043900
2021-05-24	85.27	85.99	84.76	57.91	1578400
2021-05-25	84.78	85.07	83.97	56.82	2411200
2021-05-26	84.04	84.92	83.46	57.3	1854100
2021-05-27	87.34	87.84	86.93	59.29	2906800
2021-05-28	87.1	87.62	86.77	59.08	1860400
2021-06-01	90.37	91.09	89.97	61.36	4021000
2021-06-02	90.0	90.7	89.57	60.97	2391900
2021-06-03	88.75	88.79	87.83	59.81	2806400
2021-06-04	89.38	89.85	88.68	60.65	2470600
2021-06-07	89.38	89.48	87.75	59.55	2502100
2021-06-08	88.5	89.03	87.69	59.88	1555300
2021-06-09	87.5	87.62	86.53	58.7	2249400
2021-06-10	86.83	87.29	86.1	58.72	2038000
2021-06-11	87.72	88.16	87.18	59.12	1514600
2021-06-14	87.2	87.51	86.76	58.77	1519300
2021-06-15	86.3	86.64	85.36	58.4	2141000
2021-06-16	85.29	86.09	84.35	57.21	2211200
2021-06-17	83.54	84.03	82.41	56.1	3493900
2021-06-18	82.7	83.08	81.03	54.76	4617100
2021-06-21	80.9	82.5	80.61	55.47	2189100
2021-06-22	82.53	83.34	81.98	56.16	1347400
2021-06-23	84.39	84.69	83.52	56.58	1944000
2021-06-24	84.39	85.17	84.19	57.32	1370900
2021-06-25	85.33	85.76	85.02	57.45	1075800
2021-06-28	85.35	85.48	84.22	57.08	1330200
2021-06-29	84.9	85.2	84.2	57.18	1318700
2021-06-30	84.08	84.55	83.31	56.69	1242900
2021-07-01	84.04	84.19	82.51	55.9	1623300
2021-07-02	83.03	83.8	82.39	56.51	1306700
2021-07-06	84.02	84.09	81.91	55.71	1681800
2021-07-07	84.1	84.73	83.41	56.99	2363300
2021-07-08	81.64	82.95	80.99	55.74	2305100
2021-07-09	84.09	86.23	83.78	58.11	2000700
2021-07-12	85.1	86.3	84.9	58.14	1249300
2021-07-13	85.36	85.87	85.06	57.56	1157000
2021-07-14	85.96	86.35	85.16	57.93	1846100
2021-07-15	85.5	86.74	85.17	58.28	1398100
2021-07-16	83.98	84.19	82.49	55.95	3437700
2021-07-19	80.21	80.59	79.33	54.22	2593800
2021-07-20	79.16	81.48	78.95	55.04	2462200
2021-07-21	82.68	83.39	82.2	56.05	1672100
2021-07-22	82.27	82.45	81.15	55.47	1446900
2021-07-23	82.69	82.91	81.67	55.93	1668900
2021-07-26	84.8	86.16	84.76	58.15	1895800
2021-07-27	84.1	85.36	81.66	55.94	3697200
2021-07-28	84.98	87.03	84.46	58.53	2950500
2021-07-29	88.6	89.51	88.21	59.92	3246800
2021-07-30	86.34	87.44	85.89	58.33	2340400
2021-08-02	88.06	88.61	87.17	58.99	2432200
2021-08-03	88.23	89.39	87.53	60.41	2443300
2021-08-04	88.75	89.17	88.34	59.83	2124400
2021-08-05	84.91	85.61	84.27	57.26	3563800
2021-08-06	85.1	85.5	84.6	57.42	1674700
2021-08-09	84.97	85.88	84.76	57.83	2071500
2021-08-10	85.23	87.07	85.17	58.75	2105200
2021-08-11	85.88	86.62	85.12	58.18	3603000
2021-08-12	79.53	79.57	78.79	57.22	2954100
2021-08-13	79.03	80.09	78.94	57.42	2363300
2021-08-16	77.71	78.32	77.02	56.41	3097300
2021-08-17	76.89	77.2	75.79	55.54	3291700
2021-08-18	74.92	75.28	74.03	53.59	3440200
2021-08-19	72.28	72.8	71.62	52.35	5203200
2021-08-20	71.68	72.68	71.57	52.42	2705300
2021-08-23	73.0	73.44	72.84	52.77	1976300
2021-08-24	74.66	75.69	74.59	54.28	2573000
2021-08-25	75.25	75.77	74.83	54.5	1474400
2021-08-26	74.11	74.58	73.82	53.51	1853100
2021-08-27	74.57	76.1	74.51	54.81	1817100
2021-08-30	76.59	76.65	75.97	54.98	1242500
2021-08-31	75.69	75.83	74.61	54.27	2223900
2021-09-01	74.09	75.25	73.87	54.15	2454200
2021-09-02	74.99	76.13	74.85	54.42	2283200
2021-09-03	76.34	76.74	75.64	54.84	2050800
2021-09-07	75.41	75.76	74.51	53.9	2155800
2021-09-08	74.4	74.56	73.5	53.17	2737600
2021-09-09	72.72	73.05	71.89	52.09	3410100
2021-09-10	73.83	74.44	73.17	52.9	3189200
2021-09-13	73.97	74.44	73.41	53.33	8318200
2021-09-14	73.89	73.93	72.56	52.55	2905500
2021-09-15	73.05	74.08	72.98	53.17	2383100
2021-09-16	71.74	71.8	69.82	50.7	3799700
2021-09-17	67.77	68.17	66.84	49.18	6992100
2021-09-20	64.29	66.11	64.24	47.76	7914400
2021-09-21	66.44	66.46	65.11	47.25	7198700
2021-09-22	67.17	67.58	66.5	48.14	6223300
2021-09-23	67.56	67.91	66.99	48.47	4049300
2021-09-24	66.72	67.48	66.62	48.27	3697300
2021-09-27	66.63	67.54	66.61	48.82	3525700
2021-09-28	65.97	66.13	65.26	47.59	5241200
2021-09-29	65.39	65.96	65.13	47.52	4642100
2021-09-30	67.0	67.64	66.76	48.3	3541700
2021-10-01	66.76	67.06	65.83	48.29	3100000
2021-10-04	66.97	67.5	66.44	48.11	3061100
2021-10-05	65.78	66.71	65.21	47.98	2891000
2021-10-06	65.82	67.08	65.52	48.48	3208100
2021-10-07	68.72	69.23	67.95	49.25	4260100
2021-10-08	68.58	68.81	68.14	49.49	3332300
2021-10-11	70.73	71.35	69.78	50.46	2857700
2021-10-12	69.29	69.62	68.89	50.09	3395800
2021-10-13	68.19	69.09	68.04	49.91	3550000
2021-10-14	70.59	71.34	70.53	51.39	3075300
2021-10-15	70.7	70.96	70.12	50.91	2912600
2021-10-18	70.0	70.41	69.47	50.73	2757300
2021-10-19	70.24	71.23	70.16	51.24	3049800
2021-10-20	68.1	68.63	66.99	49.25	5703500
2021-10-21	66.14	66.27	64.87	47.38	4765900
2021-10-22	65.89	66.43	65.18	47.62	3567600
2021-10-25	66.31	66.97	66.26	48.31	2457600
2021-10-26	66.75	66.76	65.86	47.73	3241200
2021-10-27	65.0	65.36	64.44	46.58	3268900
2021-10-28	64.15	64.78	64.1	46.62	4594000
2021-10-29	63.62	63.79	63.12	45.74	2830000
2021-11-01	63.25	63.67	63.07	45.82	2732400
2021-11-02	61.49	62.22	61.23	44.77	4003000
2021-11-03	62.21	62.33	61.58	44.9	4336500
2021-11-04	61.38	61.51	60.56	43.99	3871900
2021-11-05	60.52	60.72	60.17	43.82	3121000
2021-11-08	60.99	62.29	60.93	45.03	4099000
2021-11-09	61.52	61.89	60.73	44.38	3174900
2021-11-10	60.8	61.26	60.31	43.62	3227200
2021-11-11	62.22	63.14	62.2	45.54	5036700
2021-11-12	62.11	62.71	61.84	45.06	3752400
2021-11-15	61.63	61.74	61.26	44.54	2964300
2021-11-16	61.14	61.31	60.54	43.77	3569600
2021-11-17	60.91	61.24	60.51	43.86	3117900
2021-11-18	60.0	60.21	59.58	43.3	3617900
2021-11-19	60.63	61.46	60.45	43.89	3667800
2021-11-22	61.11	62.39	60.94	44.82	3297300
2021-11-23	63.16	64.06	63.06	46.15	3926000
2021-11-24	64.29	64.67	63.72	46.08	2513200
2021-11-26	60.82	62.48	60.74	45.06	3123600
2021-11-29	63.21	63.58	62.3	45.5	4519000
2021-11-30	63.4	63.76	61.82	45.32	4376700
2021-12-01	62.84	63.84	62.16	44.93	5573100
2021-12-02	63.0	64.37	62.86	46.36	4234800
2021-12-03	62.27	62.61	60.75	44.33	4031300
2021-12-06	61.47	62.36	61.03	44.88	3942100
2021-12-07	64.08	64.89	63.93	46.38	3521400
2021-12-08	63.74	63.97	63.47	46.18	2545700
2021-12-09	63.44	64.04	63.29	46.25	4370100
2021-12-10	64.58	64.69	63.69	46.34	2708200
2021-12-13	64.71	64.77	63.7	46.42	2622400
2021-12-14	64.49	65.74	64.44	46.77	3589700
2021-12-15	64.24	64.62	63.45	46.66	3192500
2021-12-16	65.66	66.4	65.66	47.56	3887900
2021-12-17	65.96	66.02	64.91	46.92	3081100
2021-12-20	64.55	64.6	63.49	46.5	3027500
2021-12-21	65.64	66.19	65.5	47.72	2665500
2021-12-22	65.16	65.97	64.58	47.62	4364100
2021-12-23	66.15	66.62	65.94	47.86	1562900
2021-12-27	66.03	66.47	65.47	48.01	1942800
2021-12-28	66.18	66.6	65.79	47.65	2865700
2021-12-29	66.0	66.64	65.96	47.8	1953500
2021-12-30	67.2	67.72	66.77	48.27	2479200
2021-12-31	66.83	67.14	66.54	48.39	1497200
2022-01-03	67.5	67.61	66.42	48.24	3628500
2022-01-04	67.2	68.33	67.13	48.81	2984800
2022-01-05	68.33	69.65	68.3	49.67	4117900
2022-01-06	70.41	70.59	69.46	50.63	4994700
2022-01-07	71.19	72.33	71.14	52.22	5414600
2022-01-10	71.9	72.8	71.5	52.56	5555500
2022-01-11	72.55	74.43	72.28	53.8	5652900
2022-01-12	76.07	76.67	75.64	54.99	5963600
2022-01-13	76.19	76.69	75.57	54.69	4872000
2022-01-14	74.91	75.71	74.66	54.5	4967400
2022-01-18	74.71	75.92	74.45	54.74	6051500
2022-01-19	77.9	78.76	77.74	56.33	6091600
2022-01-20	78.3	78.36	76.13	55.05	6027100
2022-01-21	74.68	75.24	74.02	53.75	6109400
2022-01-24	71.56	73.28	70.85	52.96	6301800
2022-01-25	72.74	73.97	72.01	53.26	3700900
2022-01-26	75.0	75.32	73.36	53.51	4045600
2022-01-27	75.54	76.38	74.59	54.28	4418200
2022-01-28	74.85	74.91	71.86	52.86	6066500
2022-01-31	71.15	71.57	70.25	51.61	5225600
2022-02-01	72.44	74.28	72.39	53.64	4316700
2022-02-02	73.94	74.42	73.35	53.7	4148200
2022-02-03	74.39	74.59	73.45	53.11	4727000
2022-02-04	73.96	74.11	73.36	53.41	4269400
2022-02-07	74.69	76.99	74.32	55.4	6373200
2022-02-08	77.25	78.18	76.33	56.46	4612800
2022-02-09	78.05	78.43	77.33	56.62	5039200
2022-02-10	78.61	80.44	78.59	57.08	4340000
2022-02-11	78.02	79.28	77.58	56.23	4193800
2022-02-14	78.38	78.61	77.66	56.65	3068500
2022-02-15	77.12	77.48	76.13	55.75	3947100
2022-02-16	77.16	78.64	77.1	56.79	3078700
2022-02-17	77.26	77.59	76.24	55.43	4246700
2022-02-18	77.6	77.93	77.19	56.12	2479100
2022-02-22	78.22	79.09	77.34	56.22	6540400
2022-02-23	77.19	77.57	76.18	56.02	5476000
2022-02-24	74.37	75.55	73.61	54.52	6316300
2022-02-25	74.84	78.03	74.76	56.35	5227100
2022-02-28	77.16	79.14	77.1	56.8	4751600
2022-03-01	80.25	81.45	79.09	57.85	5329000
2022-03-02	82.72	83.78	82.32	60.39	6540800
2022-03-03	84.43	84.69	82.69	60.72	6286400
2022-03-04	81.14	82.0	80.79	59.19	10406600
2022-03-07	80.86	81.46	78.96	57.5	6169300
2022-03-08	78.28	79.2	77.22	56.04	7564200
2022-03-09	75.67	77.98	75.05	56.18	7712700
2022-03-10	72.97	74.89	72.18	57.66	6792500
2022-03-11	73.11	74.36	72.68	56.02	4664600
2022-03-14	71.04	71.31	68.95	53.44	8954200
2022-03-15	67.91	69.21	67.5	53.22	8968000
2022-03-16	70.59	72.8	70.59	56.02	6816400
2022-03-17	73.32	74.85	73.14	57.65	4771600
2022-03-18	74.79	75.72	74.55	58.11	4637000
2022-03-21	77.1	77.79	76.91	59.85	3803000
2022-03-22	78.74	78.83	76.31	58.91	3668300
2022-03-23	76.95	78.07	76.59	59.99	3853800
2022-03-24	78.7	78.91	77.98	60.32	3003800
2022-03-25	78.92	79.58	78.72	61.26	2889900
2022-03-28	78.53	78.61	77.54	60.5	2574400
2022-03-29	77.26	78.41	76.77	60.38	3512000
2022-03-30	79.55	81.09	79.45	62.01	3057400
2022-03-31	81.63	81.92	80.3	61.94	2786400
2022-04-01	81.49	82.88	81.4	63.69	3345700
2022-04-04	81.87	82.04	80.91	62.69	2800300
2022-04-05	81.01	81.37	80.07	62.0	2861200
2022-04-06	80.59	80.92	79.83	62.07	3680600
2022-04-07	80.58	81.29	79.62	62.28	2936400
2022-04-08	81.26	81.48	80.11	61.84	2769500
2022-04-11	80.59	80.65	79.47	61.43	2655900
2022-04-12	80.87	81.93	80.24	62.0	3327500
2022-04-13	80.77	82.0	80.75	63.12	2691200
2022-04-14	82.0	82.4	81.62	63.07	2644500
2022-04-18	82.45	83.21	81.94	63.48	2575800
2022-04-19	81.16	81.6	80.31	62.17	2704800
2022-04-20	78.04	78.62	76.02	60.53	6459800
2022-04-21	76.57	76.92	74.38	57.63	4776200
2022-04-22	74.53	74.87	72.57	55.98	3842600
2022-04-25	70.37	71.07	68.71	54.57	5313100
2022-04-26	69.69	70.47	68.66	52.95	4639700
2022-04-27	71.9	72.76	70.76	55.39	4250000
2022-04-28	71.42	71.76	70.53	55.09	3416000
2022-04-29	72.52	73.2	71.06	54.79	2905300
2022-05-02	70.84	71.45	69.78	54.66	3688200
2022-05-03	71.52	71.99	70.73	54.79	3262000
2022-05-04	69.98	72.01	69.11	55.32	3929300
2022-05-05	70.83	71.23	68.22	53.13	4992300
2022-05-06	68.07	68.6	67.02	52.44	3785000
2022-05-09	65.74	65.96	64.61	50.05	4919400
2022-05-10	65.65	65.83	64.1	50.15	3655300
2022-05-11	66.5	67.58	65.38	50.4	4113600
2022-05-12	63.71	64.76	63.17	49.63	4946500
2022-05-13	65.21	66.21	65.09	50.7	3054200
2022-05-16	66.61	67.01	65.84	51.28	3174900
2022-05-17	68.97	69.16	68.19	53.12	3690200
2022-05-18	67.97	68.06	66.44	51.36	2547200
2022-05-19	67.16	68.42	67.12	52.33	2962000
2022-05-20	69.7	69.85	67.93	53.57	3178400
2022-05-23	70.96	71.23	70.05	54.49	3009600
2022-05-24	70.01	71.32	69.86	54.9	2566000
2022-05-25	71.3	72.15	71.03	55.38	2934100
2022-05-26	71.62	72.22	71.43	55.56	2550500
2022-05-27	73.0	73.27	72.64	56.38	2165800
2022-05-31	74.08	74.42	73.13	56.57	4667700
2022-06-01	73.94	74.13	72.5	56.41	2178400
2022-06-02	74.36	76.03	74.33	58.41	3136500
2022-06-03	75.05	75.51	74.46	57.67	1482600
2022-06-06	75.52	76.29	75.16	58.48	2548600
2022-06-07	76.4	78.5	76.4	60.39	3553600
2022-06-08	76.54	77.41	76.2	58.92	2943400
2022-06-09	75.97	75.99	74.36	57.32	2646400
2022-06-10	71.84	72.22	70.75	55.23	4055800
2022-06-13	68.88	69.83	68.1	53.01	3670900
2022-06-14	68.29	68.78	66.83	51.94	3373800
2022-06-15	68.67	70.0	67.85	53.55	3158100
2022-06-16	67.52	68.62	67.23	52.41	3542900
2022-06-17	66.08	66.3	63.88	49.72	4770900
2022-06-21	64.8	65.71	64.68	50.38	3038500
2022-06-22	62.56	63.48	62.42	48.31	4513000
2022-06-23	61.93	62.03	60.12	46.84	5031400
2022-06-24	61.14	62.73	60.72	48.32	3210200
2022-06-27	63.23	63.51	62.68	48.55	2836200
2022-06-28	63.96	64.59	63.07	48.73	3102500
2022-06-29	63.76	63.9	62.48	48.48	2951300
2022-06-30	60.86	61.44	59.98	46.99	3837700
2022-07-01	59.62	60.22	58.06	46.09	3875500
2022-07-05	56.86	57.31	56.02	44.13	4964100
2022-07-06	57.2	57.53	56.25	44.11	3841400
2022-07-07	59.31	60.0	59.02	45.83	4180700
2022-07-08	59.34	59.45	58.19	45.53	2986600
2022-07-11	57.7	58.12	57.32	44.53	4334700
2022-07-12	57.26	57.93	56.86	44.08	5086600
2022-07-13	57.14	58.61	56.65	44.76	4371800
2022-07-14	55.07	55.07	54.22	42.12	5172600
2022-07-15	54.26	55.51	53.83	42.68	6343900
2022-07-18	57.25	57.97	56.52	43.63	3496400
2022-07-19	57.18	57.61	56.79	44.26	3103800
2022-07-20	57.25	57.41	56.7	44.14	2876900
2022-07-21	55.96	57.54	55.89	44.32	2871200
2022-07-22	58.4	58.85	57.22	44.29	2913500
2022-07-25	59.65	59.77	58.91	45.97	2922500
2022-07-26	59.68	59.74	58.63	45.53	2890800
2022-07-27	57.79	59.64	57.05	45.77	4579800
2022-07-28	60.27	60.42	59.22	46.13	3441300
2022-07-29	60.49	61.23	59.94	47.01	3881900
2022-08-01	60.8	60.83	59.75	46.41	2725400
2022-08-02	60.06	60.13	58.82	45.68	3022900
2022-08-03	59.63	59.81	58.89	45.59	2859600
2022-08-04	59.04	59.7	58.64	45.7	2575800
2022-08-05	59.04	60.91	58.83	46.75	2625400
2022-08-08	61.4	61.71	60.44	46.84	2862700
2022-08-09	61.16	61.43	60.76	47.25	2756700
2022-08-10	62.3	62.36	61.5	47.54	3605200
2022-08-11	59.96	60.53	59.58	48.29	4678400
2022-08-12	59.33	60.31	59.18	48.47	7103900
2022-08-15	58.0	58.59	57.62	47.11	3890500
2022-08-16	60.08	61.03	60.05	49.1	3509200
2022-08-17	59.5	60.01	59.32	48.04	2671000
2022-08-18	60.16	60.56	59.92	48.71	2587400
2022-08-19	59.57	59.66	58.74	47.37	2933800
2022-08-22	58.85	59.44	58.54	47.45	2043200
2022-08-23	59.31	61.25	59.29	49.2	4681000
2022-08-24	58.94	59.52	58.78	47.6	3780800
2022-08-25	59.42	60.25	59.23	48.45	2251700
2022-08-26	60.89	61.21	59.4	48.08	3141600
2022-08-29	59.0	59.84	58.89	47.7	2345200
2022-08-30	58.48	58.5	56.59	45.71	4422400
2022-08-31	56.26	56.68	55.77	45.32	3183600
2022-09-01	54.25	54.54	53.61	43.75	4279800
2022-09-02	55.19	55.5	54.22	43.87	3820800
2022-09-06	55.48	55.63	54.66	44.19	2994800
2022-09-07	53.67	54.61	53.21	43.75	4132900
2022-09-08	54.59	55.36	54.5	44.56	2433700
2022-09-09	57.02	58.09	57.0	46.64	3506400
2022-09-12	58.83	59.12	58.32	47.38	2563600
2022-09-13	57.56	58.41	56.49	45.64	3956100
2022-09-14	56.5	56.73	55.73	45.25	3541500
2022-09-15	55.48	56.19	55.14	44.57	3309600
2022-09-16	54.67	55.57	54.48	44.42	3589700
2022-09-19	54.4	56.33	54.27	45.34	2456700
2022-09-20	54.79	55.25	54.32	44.37	3507400
2022-09-21	54.89	54.94	53.22	42.85	3848000
2022-09-22	55.51	55.83	54.88	44.57	3970500
2022-09-23	52.4	52.61	51.47	42.0	8999700
2022-09-26	51.14	52.43	50.92	41.24	5248800
2022-09-27	52.29	52.96	51.81	42.18	5002600
2022-09-28	52.35	54.0	52.24	43.38	4264600
2022-09-29	54.48	55.26	53.77	44.43	6329400
2022-09-30	54.29	55.85	54.29	44.33	4688700
2022-10-03	56.14	57.43	55.96	45.9	6471200
2022-10-04	57.68	59.58	57.66	47.71	5526100
2022-10-05	57.67	59.15	57.44	47.3	5140300
2022-10-06	57.37	57.87	56.92	46.03	3367300
2022-10-07	56.95	57.57	56.54	46.14	4830000
2022-10-10	57.76	58.27	57.17	46.27	3848900
2022-10-11	56.56	57.34	55.88	45.22	4460500
2022-10-12	55.42	56.04	55.11	44.65	3445400
2022-10-13	54.27	56.77	54.17	45.44	4745000
2022-10-14	56.08	56.1	53.66	43.25	3766500
2022-10-17	55.55	55.9	54.83	44.43	4794900
2022-10-18	55.59	55.84	54.23	44.05	3619700
2022-10-19	54.03	54.58	53.49	43.27	3485600
2022-10-20	52.88	54.65	52.72	42.94	6419500
2022-10-21	53.32	55.65	53.06	44.74	5720800
2022-10-24	54.14	54.79	53.84	43.55	5003700
2022-10-25	53.89	55.08	53.66	44.33	3688500
2022-10-26	55.45	57.35	55.45	45.82	4805300
2022-10-27	55.0	55.4	54.53	44.08	7214300
2022-10-28	53.44	53.82	52.5	42.54	5573000
2022-10-31	52.5	53.87	52.43	42.96	6098100
2022-11-01	55.52	55.7	54.62	44.26	6204900
2022-11-02	54.77	54.88	52.75	42.5	5399700
2022-11-03	52.29	53.27	52.25	42.69	3292900
2022-11-04	57.34	58.88	57.11	46.97	6579300
2022-11-07	59.44	59.59	58.31	47.07	4429400
2022-11-08	59.16	60.11	58.74	47.92	3447000
2022-11-09	59.38	60.06	58.15	46.98	3903000
2022-11-10	60.22	60.97	59.65	48.96	3364500
2022-11-11	64.44	65.36	64.01	52.1	6469500
2022-11-14	63.49	64.87	63.4	51.72	4065400
2022-11-15	65.93	66.16	65.08	52.56	4085800
2022-11-16	64.82	65.08	64.16	51.94	2862800
2022-11-17	63.1	64.95	62.97	52.28	3515800
2022-11-18	64.99	65.35	64.64	52.49	2786300
2022-11-21	63.5	64.53	62.63	51.76	3985900
2022-11-22	64.85	65.43	64.5	52.5	3134100
2022-11-23	65.36	66.24	65.29	53.25	2248900
2022-11-25	66.14	66.28	65.7	52.92	1079600
2022-11-28	65.51	66.2	65.15	52.5	2748700
2022-11-29	67.09	68.1	67.01	54.64	3820100
2022-11-30	68.38	68.94	67.29	55.27	4925200
2022-12-01	69.42	70.05	68.99	55.7	4277300
2022-12-02	68.36	70.07	68.36	56.22	3632100
2022-12-05	71.28	71.66	69.26	55.93	3487300
2022-12-06	70.34	70.7	69.66	56.64	3863100
2022-12-07	69.41	70.27	69.41	56.24	3027500
2022-12-08	71.31	72.05	71.06	57.81	3021600
2022-12-09	72.35	73.11	72.3	58.37	3386800
2022-12-12	71.61	71.72	70.36	57.27	3498600
2022-12-13	73.23	73.35	71.22	57.66	4019300
2022-12-14	70.65	71.19	69.9	56.94	3312700
2022-12-15	71.32	71.32	69.9	56.72	3472400
2022-12-16	69.16	69.56	68.8	55.9	3987800
2022-12-19	69.36	69.85	68.61	55.44	2343600
2022-12-20	69.35	70.09	69.32	56.06	2142000
2022-12-21	70.53	71.07	70.32	56.96	2350500
2022-12-22	70.12	70.34	69.31	56.6	2109600
2022-12-23	70.67	70.95	70.3	57.0	1407100
2022-12-27	71.49	71.81	71.23	57.51	1444000
2022-12-28	72.03	72.14	70.55	56.87	1903800
2022-12-29	71.34	71.62	70.99	57.24	1968900
2022-12-30	70.93	71.53	70.6	57.33	1122800
2023-01-03	71.03	71.79	70.62	57.22	1979000
2023-01-04	71.52	71.68	70.93	57.6	1734100
2023-01-05	71.63	72.15	71.23	57.93	1581800
2023-01-06	72.8	74.2	72.56	59.64	2810100
2023-01-09	74.9	75.35	74.11	59.7	3126800
2023-01-10	74.92	75.65	74.35	60.88	2221400
2023-01-11	76.28	76.35	75.17	60.67	2356600
2023-01-12	77.21	77.72	75.75	62.55	4020800
2023-01-13	76.92	77.56	76.8	62.44	2205000
2023-01-17	76.46	76.53	75.75	61.17	2624200
2023-01-18	77.72	78.16	76.36	61.52	3624600
2023-01-19	76.42	77.83	76.29	62.26	3609200
2023-01-20	77.25	78.38	77.04	63.11	3673400
2023-01-23	78.58	78.78	78.13	63.42	2369600
2023-01-24	79.83	79.83	77.29	63.6	2305100
2023-01-25	78.56	79.94	78.54	64.32	2161400
2023-01-26	80.28	80.52	79.32	64.74	2908000
2023-01-27	79.28	79.82	77.75	64.1	4268600
2023-01-30	78.98	79.74	78.93	63.55	2394900
2023-01-31	78.41	79.4	78.13	63.89	2032000
2023-02-01	78.09	79.39	76.95	63.68	4121300
2023-02-02	77.06	77.11	74.71	60.51	5612600
2023-02-03	75.34	76.09	74.6	60.16	3002000
2023-02-06	73.82	74.0	73.07	59.49	2412500
2023-02-07	74.09	75.11	73.45	60.1	2630100
2023-02-08	74.53	74.86	74.01	59.87	2226200
2023-02-09	75.77	75.78	74.15	59.88	1938100
2023-02-10	73.2	73.34	72.45	59.04	3051100
2023-02-13	73.06	74.03	72.88	59.58	1905200
2023-02-14	74.04	75.02	73.78	60.15	2168000
2023-02-15	72.21	74.46	72.0	59.93	2428300
2023-02-16	74.07	75.44	73.9	60.32	2090600
2023-02-17	74.15	74.53	73.84	59.94	2198700
2023-02-21	76.13	76.54	75.13	60.69	2769100
2023-02-22	73.35	73.63	72.04	58.66	3883200
2023-02-23	72.31	72.41	70.45	57.56	3770200
2023-02-24	69.27	69.4	68.4	55.48	3987400
2023-02-27	68.73	69.49	68.3	55.69	3457100
2023-02-28	69.55	70.51	69.06	56.15	3280500
2023-03-01	72.25	73.11	72.02	58.54	4599900
2023-03-02	72.34	73.92	72.28	59.37	2824300
2023-03-03	75.12	75.3	74.55	60.53	2956400
2023-03-06	73.02	73.08	72.36	58.54	3550600
2023-03-07	72.23	72.32	70.41	56.86	3787900
2023-03-08	71.25	71.86	71.17	57.63	3699200
2023-03-09	69.49	69.7	68.0	56.71	3571100
2023-03-10	68.58	69.44	67.47	56.15	3333700
2023-03-13	66.61	68.89	66.57	56.87	4091900
2023-03-14	68.7	69.57	68.46	57.68	3487900
2023-03-15	66.62	67.15	64.61	54.76	6475300
2023-03-16	64.19	65.3	64.11	53.81	9811800
2023-03-17	65.02	65.05	64.03	53.76	9661300
2023-03-20	65.88	66.69	65.75	55.25	4299700
2023-03-21	66.96	67.1	65.46	54.85	3810300
2023-03-22	65.48	66.43	65.0	54.08	2833200
2023-03-23	65.28	65.84	64.19	53.7	3378900
2023-03-24	64.73	65.05	64.24	53.76	3214400
2023-03-27	65.03	65.37	64.57	54.11	2154900
2023-03-28	65.71	66.45	65.59	54.92	2251600
2023-03-29	66.8	67.11	66.53	55.56	2722600
2023-03-30	68.07	68.21	67.66	56.62	2779500
2023-03-31	68.08	68.73	68.03	57.03	4221700
2023-04-03	68.12	68.58	67.47	56.6	3426500
2023-04-04	67.76	67.77	66.66	55.64	2883100
2023-04-05	66.54	67.23	66.34	55.57	2825100
2023-04-06	66.98	67.04	66.25	55.49	1805800
2023-04-10	66.93	67.37	66.6	55.86	1322100
2023-04-11	69.07	70.1	69.0	57.87	3031300
2023-04-12	69.92	70.07	69.17	57.72	2479000
2023-04-13	70.16	70.36	69.42	58.11	4152300
2023-04-14	69.33	69.55	68.11	57.01	2617700
2023-04-17	69.52	69.82	69.01	57.54	2357900
2023-04-18	69.67	70.55	69.59	58.53	2255500
2023-04-19	69.61	69.67	68.84	57.54	2964000
2023-04-20	68.45	68.76	66.91	55.95	4319000
2023-04-21	64.82	64.88	63.75	53.69	6660200
2023-04-24	64.25	64.82	64.1	53.59	3327600
2023-04-25	62.89	62.91	61.95	51.66	3991800
2023-04-26	64.05	64.05	62.74	52.32	4173600
2023-04-27	63.22	63.72	62.86	52.95	3467500
2023-04-28	63.58	64.07	63.46	53.2	2974000
2023-05-01	64.24	64.4	63.08	52.51	2583800
2023-05-02	62.34	62.41	61.45	51.64	3883100
2023-05-03	62.4	62.76	61.87	51.55	3271500
2023-05-04	61.56	62.06	61.41	51.11	2931200
2023-05-05	62.54	64.08	62.42	52.93	3366900
2023-05-08	64.77	64.84	63.85	53.1	2314100
2023-05-09	63.21	64.13	63.16	53.07	1888200
2023-05-10	64.44	64.44	62.56	52.52	3008200
2023-05-11	61.31	61.55	60.64	51.03	3229300
2023-05-12	61.63	62.02	61.52	51.33	2580800
2023-05-15	62.49	63.01	62.41	52.3	3006300
2023-05-16	62.06	62.5	61.37	51.05	2618800
2023-05-17	62.68	63.02	62.14	52.07	2306300
2023-05-18	61.81	61.93	61.2	51.47	3049100
2023-05-19	62.11	62.24	61.61	51.72	3544600
2023-05-22	61.55	62.14	61.55	51.47	3047400
2023-05-23	61.37	61.46	60.78	50.56	3012400
2023-05-24	59.97	60.02	59.0	49.12	3335900
2023-05-25	59.69	59.69	58.75	49.37	4278800
2023-05-26	61.15	61.43	60.85	50.81	3898600
2023-05-30	61.03	61.03	60.01	50.04	4001600
2023-05-31	59.99	60.06	58.86	49.09	6759200
2023-06-01	60.32	61.39	60.07	50.74	6265500
2023-06-02	63.43	63.6	63.03	52.51	4330900
2023-06-05	63.15	63.33	62.26	52.31	2873300
2023-06-06	63.02	63.75	62.92	52.93	3312500
2023-06-07	63.88	64.34	63.51	52.94	3662400
2023-06-08	64.59	64.76	64.08	53.7	2933800
2023-06-09	64.69	64.97	64.42	53.68	2215400
2023-06-12	63.55	63.87	63.07	52.99	2767700
2023-06-13	65.38	65.94	65.37	54.53	3603400
2023-06-14	67.99	68.08	66.94	55.91	5491100
2023-06-15	67.34	68.44	67.14	56.82	2582300
2023-06-16	68.12	68.25	67.52	56.16	3723200
2023-06-20	65.89	66.24	65.66	54.81	2974900
2023-06-21	64.92	65.6	64.84	54.37	3393700
2023-06-22	65.1	65.25	64.78	54.12	2336500
2023-06-23	63.53	63.72	63.22	52.79	2833400
2023-06-26	63.46	64.24	63.46	52.99	2226800
2023-06-27	64.13	65.07	63.86	53.95	3003200
2023-06-28	63.7	63.72	63.07	52.73	2846300
2023-06-29	63.08	63.85	62.96	53.04	2242700
2023-06-30	64.38	64.38	63.63	53.07	1762400
2023-07-03	65.18	65.46	64.83	53.89	1633300
2023-07-05	64.39	64.44	63.82	53.21	2278600
2023-07-06	63.09	63.34	62.2	52.32	3190800
2023-07-07	62.81	63.84	62.81	52.69	2621500
2023-07-10	62.32	63.25	62.3	52.52	2611400
2023-07-11	64.09	64.61	63.88	53.65	3061200
2023-07-12	66.79	67.16	66.53	55.63	3358900
2023-07-13	68.64	69.16	68.34	57.37	3341100
2023-07-14	69.09	69.1	68.43	56.97	2470300
2023-07-17	66.85	67.38	66.72	55.96	2288400
2023-07-18	66.66	67.33	66.64	55.83	2258800
2023-07-19	65.87	66.28	65.82	55.06	2712500
2023-07-20	67.19	67.52	66.58	55.37	2126300
2023-07-21	66.93	66.96	66.29	55.27	1250400
2023-07-24	66.21	67.43	66.14	55.72	2463600
2023-07-25	69.48	70.21	69.14	58.03	3824900
2023-07-26	68.21	68.56	67.55	56.49	2907000
2023-07-27	67.55	67.99	66.91	55.74	2872000
2023-07-28	66.39	66.42	65.81	54.95	3010600
2023-07-31	66.5	66.88	66.47	55.32	3029100
2023-08-01	65.48	65.69	65.15	54.51	3930300
2023-08-02	64.23	64.52	63.59	53.05	3789100
2023-08-03	63.48	64.45	63.27	53.25	3612000
2023-08-04	64.03	64.88	63.81	53.24	2371700
2023-08-07	64.22	64.43	63.81	53.25	1962100
2023-08-08	62.99	63.68	62.47	52.85	2333800
2023-08-09	64.11	64.25	63.63	52.95	1920400
2023-08-10	61.85	62.25	61.13	52.46	2756000
2023-08-11	60.59	61.08	60.48	52.18	3504700
2023-08-14	59.65	60.06	59.09	51.25	3946900
2023-08-15	59.26	59.35	58.66	50.23	5237700
2023-08-16	58.31	59.13	58.27	49.9	2979500
2023-08-17	59.96	60.18	59.31	50.93	3656900
2023-08-18	59.11	59.54	58.89	50.73	2718400
2023-08-21	59.43	60.0	59.31	51.26	2988700
2023-08-22	61.1	61.11	60.09	51.58	2448000
2023-08-23	60.93	61.69	60.87	52.75	2907200
2023-08-24	60.49	61.03	60.2	51.98	4361900
2023-08-25	61.03	61.2	60.31	51.91	3661700
2023-08-28	61.32	61.76	61.28	52.77	1501900
2023-08-29	61.39	62.36	61.39	53.3	2487400
2023-08-30	62.8	63.0	62.53	53.66	1566300
2023-08-31	63.06	63.08	62.48	53.44	2138200
2023-09-01	64.14	64.39	63.47	54.6	2856900
2023-09-05	64.0	64.21	63.39	54.21	2417900
2023-09-06	63.2	63.55	62.76	54.13	2541300
2023-09-07	61.58	61.8	60.92	52.36	2459800
2023-09-08	60.7	61.37	60.69	52.35	3685800
2023-09-11	63.49	63.74	63.12	54.11	3748400
2023-09-12	63.12	63.54	63.11	54.03	1783500
2023-09-13	63.17	63.43	62.9	53.96	1742300
2023-09-14	65.71	66.1	65.3	56.46	4917400
2023-09-15	66.8	66.96	65.82	56.31	3552300
2023-09-18	65.94	65.96	65.18	55.81	2104200
2023-09-19	65.97	66.19	65.21	55.93	3329100
2023-09-20	65.85	66.38	65.47	56.02	2210600
2023-09-21	64.49	64.5	63.68	54.5	2540900
2023-09-22	64.0	64.6	63.98	54.78	3589000
2023-09-25	62.1	63.14	62.05	53.93	3076600
2023-09-26	62.73	63.03	61.92	53.02	2879700
2023-09-27	62.86	63.09	61.84	53.29	2227400
2023-09-28	63.22	64.31	63.1	54.54	3518400
2023-09-29	64.54	64.6	63.47	54.42	3334100
2023-10-02	63.3	63.5	62.28	53.61	3097500
2023-10-03	61.54	62.03	61.03	52.49	4199000
2023-10-04	61.04	61.08	60.08	51.71	3403200
2023-10-05	61.01	61.15	60.62	52.07	3270900
2023-10-06	61.65	62.49	61.16	53.01	4969700
2023-10-09	61.3	61.49	60.66	52.41	2890100
2023-10-10	62.38	62.86	62.21	53.46	2561500
2023-10-11	63.15	63.24	62.48	53.84	2208500
2023-10-12	63.15	63.15	62.07	53.38	3250400
2023-10-13	62.49	62.76	61.83	53.34	3638500
2023-10-16	63.35	64.58	63.24	54.84	5001400
2023-10-17	63.37	64.62	63.34	55.04	4833900
2023-10-18	63.54	63.54	62.2	53.37	3459200
2023-10-19	62.13	62.45	61.68	52.93	3877500
2023-10-20	60.72	61.02	60.15	51.78	4449300
2023-10-23	60.26	60.76	59.8	51.61	4565100
2023-10-24	61.66	62.5	61.53	53.37	4195600
2023-10-25	63.31	63.74	62.85	53.96	4889700
2023-10-26	63.3	63.52	62.56	53.95	3985100
2023-10-27	64.0	64.14	63.4	54.51	3619600
2023-10-30	64.58	64.87	64.15	54.9	3380500
2023-10-31	64.16	64.81	63.88	55.02	3236800
2023-11-01	64.97	65.25	64.4	55.65	3244000
2023-11-02	66.32	66.76	65.81	56.67	2876800
2023-11-03	66.54	66.85	66.24	56.69	2196700
2023-11-06	67.02	67.11	66.59	57.02	2535300
2023-11-07	65.38	65.44	64.54	55.32	3172100
2023-11-08	64.76	64.99	64.23	55.23	2229400
2023-11-09	65.13	65.54	64.43	55.12	1924800
2023-11-10	64.62	65.56	64.24	55.97	2062300
2023-11-13	65.36	65.86	65.28	56.08	2071300
2023-11-14	68.15	68.47	67.71	57.98	3825300
2023-11-15	68.23	68.37	67.78	58.03	2788100
2023-11-16	67.52	67.92	67.3	57.85	2560900
2023-11-17	68.17	68.57	67.98	58.31	2116300
2023-11-20	68.41	69.44	68.3	59.2	2621600
2023-11-21	70.0	70.43	69.92	60.06	3069900
2023-11-22	69.72	69.87	69.08	59.73	2983000
2023-11-24	69.28	69.75	69.23	59.62	1575000
2023-11-27	69.38	69.43	69.01	59.03	2575200
2023-11-28	68.96	69.45	68.75	59.37	1986900
2023-11-29	69.6	69.63	68.68	58.89	2099100
2023-11-30	69.02	69.12	68.69	59.08	1819800
2023-12-01	70.41	71.51	70.22	60.85	4082300
2023-12-04	69.43	69.65	68.69	59.04	3165500
2023-12-05	68.73	68.82	68.07	58.56	2297100
2023-12-06	70.05	70.19	68.84	58.99	3096400
2023-12-07	70.16	70.85	69.91	60.23	4074200
2023-12-08	69.84	70.61	69.84	60.0	3047500
2023-12-11	69.07	69.45	68.94	59.13	2840300
2023-12-12	69.83	69.83	69.04	59.38	2703300
2023-12-13	69.46	70.55	68.94	60.25	2266800
2023-12-14	72.0	72.52	71.44	61.72	4202200
2023-12-15	72.62	73.19	72.28	61.95	5530300
2023-12-18	73.35	73.48	72.82	62.27	2647900
2023-12-19	73.51	74.08	73.43	63.1	2118200
2023-12-20	73.3	73.64	72.45	61.96	2291400
2023-12-21	73.92	74.37	73.46	63.28	2207300
2023-12-22	74.18	74.31	73.74	63.13	1831700
2023-12-26	74.0	74.37	74.0	63.43	1215300
2023-12-27	74.47	74.84	74.32	63.93	2050800
2023-12-28	74.64	75.09	74.5	63.74	2430500
2023-12-29	74.11	74.49	73.93	63.67	1462200
2024-01-02	74.0	74.72	73.97	63.5	3051800
2024-01-03	73.11	73.84	72.8	62.89	3408900
2024-01-04	73.13	73.39	72.93	62.45	1514100
2024-01-05	72.39	73.3	72.34	62.11	1759200
2024-01-08	72.27	72.9	71.93	62.28	2417300
2024-01-09	71.5	71.58	70.77	60.59	2660700
2024-01-10	70.52	70.64	70.15	60.12	2093200
2024-01-11	70.38	70.49	69.46	59.91	2225100
2024-01-12	70.71	70.83	70.06	60.01	1629800
2024-01-16	69.94	69.94	68.89	59.08	3565200
2024-01-17	68.03	68.41	67.86	58.32	2553500
2024-01-18	69.39	69.4	68.68	59.15	2904100
2024-01-19	68.87	68.98	68.24	58.79	3346700
2024-01-22	67.18	67.69	67.09	57.53	3576300
2024-01-23	68.61	69.37	68.44	58.78	3084800
2024-01-24	70.77	70.84	69.55	59.47	4866800
2024-01-25	69.8	70.11	69.43	59.94	3399000
2024-01-26	71.07	71.11	70.68	60.51	2157500
2024-01-29	70.75	71.09	70.3	60.75	2272900
2024-01-30	70.44	70.56	69.68	60.03	3244900
2024-01-31	70.22	70.79	69.27	59.23	2920100
2024-02-01	69.48	70.19	69.33	59.96	2094600
2024-02-02	68.87	69.04	68.46	58.56	2708900
2024-02-05	67.51	67.79	67.04	57.72	2714100
2024-02-06	67.79	68.44	67.79	58.42	2584000
2024-02-07	68.16	68.53	67.91	58.59	2188500
2024-02-08	68.02	68.32	67.72	58.24	2270500
2024-02-09	67.93	67.99	67.42	58.08	1784200
2024-02-12	67.83	68.29	67.74	58.14	1969200
2024-02-13	67.56	67.62	66.26	56.99	2617800
2024-02-14	66.85	67.13	66.71	57.36	1511300
2024-02-15	67.02	67.72	66.97	57.75	2668900
2024-02-16	69.42	69.91	69.04	59.1	3888400
2024-02-20	67.07	67.12	65.76	56.37	4613100
2024-02-21	65.57	65.88	64.86	55.99	2882600
2024-02-22	65.66	65.89	65.4	56.17	2931800
2024-02-23	66.22	66.49	65.83	56.42	2164200
2024-02-26	64.59	64.72	64.11	55.28	3414000
2024-02-27	65.34	65.48	64.65	55.56	3071200
2024-02-28	64.0	64.2	63.88	54.69	2158700
2024-02-29	64.81	65.03	64.28	55.18	2073200
2024-03-01	64.6	65.3	64.2	55.7	2482400
2024-03-04	64.57	64.94	64.49	55.45	2183700
2024-03-05	64.06	64.29	63.67	54.55	2912700
2024-03-06	65.2	65.49	64.83	55.45	2617900
2024-03-07	64.11	64.33	63.61	56.7	3408600
2024-03-08	63.41	63.48	62.58	55.83	3068300
2024-03-11	61.08	62.05	61.05	55.21	4636400
2024-03-12	63.55	63.56	62.58	55.85	4677700
2024-03-13	62.19	63.48	62.05	56.25	4825200
2024-03-14	62.64	62.75	61.68	55.26	3710700
2024-03-15	61.78	62.35	61.67	55.37	3743700
2024-03-18	62.96	63.04	62.25	55.45	2450800
2024-03-19	62.94	63.15	62.71	55.93	3095000
2024-03-20	62.93	64.02	62.84	56.88	1940500
2024-03-21	64.44	64.7	64.12	57.11	2504000
2024-03-22	63.4	63.55	63.0	56.1	2508200
2024-03-25	63.78	64.18	63.37	56.47	2368200
2024-03-26	63.03	63.07	62.15	55.36	2938000
2024-03-27	62.42	63.49	62.37	56.51	2216900
2024-03-28	63.53	63.9	63.23	56.76	3254600
2024-04-01	64.33	64.68	64.08	57.15	2363600
2024-04-02	65.0	65.34	64.61	57.96	3300400
2024-04-03	64.46	64.8	63.72	57.53	5273500
2024-04-04	65.26	65.26	63.29	56.37	3151900
2024-04-05	62.92	63.11	62.62	56.1	3896700
2024-04-08	65.15	66.23	65.15	58.84	4714100
2024-04-09	67.38	67.71	66.63	59.89	3708600
2024-04-10	65.72	66.54	65.49	59.23	3062500
2024-04-11	66.51	66.55	65.4	59.01	2101900
2024-04-12	67.5	68.05	65.99	58.76	4339900
2024-04-15	67.9	68.05	66.54	59.46	3848400
2024-04-16	65.37	65.86	64.85	58.5	3177000
2024-04-17	67.55	68.01	66.56	59.47	3839500
2024-04-18	67.54	67.62	66.27	59.38	3823300
2024-04-19	66.54	67.22	66.44	59.64	2774500
2024-04-22	66.97	67.45	66.47	59.84	3867100
2024-04-23	65.87	66.8	65.66	59.34	2522700
2024-04-24	68.35	68.35	67.42	60.68	3406800
2024-04-25	67.19	68.12	66.71	60.36	2964700
2024-04-26	68.86	68.86	67.9	60.77	3019700
2024-04-29	68.6	69.02	68.39	61.45	2379400
2024-04-30	68.7	68.8	67.77	60.4	3281700
2024-05-01	67.9	68.35	67.27	60.11	2330400
2024-05-02	67.91	68.38	67.55	60.8	2263000
2024-05-03	68.99	69.12	68.42	61.39	3193800
2024-05-06	69.5	69.93	69.17	62.17	1835900
2024-05-07	70.0	70.36	69.95	62.37	2081200
2024-05-08	68.85	69.21	68.71	61.46	1817500
2024-05-09	69.62	70.14	69.52	62.33	2214000
2024-05-10	70.5	70.57	69.77	62.16	2140000
2024-05-13	69.75	70.12	69.75	62.19	1725400
2024-05-14	70.0	70.08	69.53	62.06	2925700
2024-05-15	70.45	70.45	68.99	62.63	2576800
2024-05-16	71.08	72.0	70.81	64.04	4283200
2024-05-17	72.99	73.65	72.79	65.55	3545200
2024-05-20	73.32	73.59	73.03	65.35	3373900
2024-05-21	73.56	74.24	73.41	65.43	4017600
2024-05-22	72.94	73.07	71.82	64.31	3413700
2024-05-23	72.59	72.66	71.16	63.6	2580100
2024-05-24	72.15	72.3	71.71	63.98	1769300
2024-05-28	71.96	72.01	70.69	63.1	2478200
2024-05-29	69.91	69.97	69.41	61.92	2371800
2024-05-30	69.24	69.92	69.19	62.1	2409900
2024-05-31	70.1	70.25	69.31	62.42	1764200
2024-06-03	69.55	69.6	68.68	61.82	2100900
2024-06-04	68.26	68.4	67.87	60.83	2611800
2024-06-05	68.13	68.44	67.73	60.63	2125600
2024-06-06	68.24	69.27	68.07	61.62	1377000
2024-06-07	68.42	68.45	67.82	60.55	1775400
2024-06-10	67.83	68.46	67.67	60.78	1210800
2024-06-11	66.48	67.2	66.23	59.82	1962500
2024-06-12	68.16	68.27	66.91	59.73	2226400
2024-06-13	66.91	67.09	66.65	59.59	1818600
2024-06-14	66.0	66.65	65.85	59.23	1633300
2024-06-17	65.53	66.15	65.38	58.76	1797400
2024-06-18	65.81	66.5	65.77	59.0	1984400
2024-06-20	66.74	67.05	66.46	59.59	1823600
2024-06-21	66.03	66.44	66.01	59.13	1768700
2024-06-24	66.53	67.04	66.21	59.17	1681400
2024-06-25	66.65	66.84	66.33	59.24	1543200
2024-06-26	66.84	66.95	66.51	59.49	1368700
2024-06-27	66.0	66.16	65.5	58.61	2081200
2024-06-28	66.17	66.39	65.76	58.71	1756300
2024-07-01	66.39	66.92	66.12	59.14	1988700
2024-07-02	65.46	66.02	65.3	58.78	1718000
2024-07-03	67.7	68.43	67.67	60.46	2029400
2024-07-05	67.75	67.86	67.05	60.23	1950900
2024-07-08	67.17	67.38	66.74	59.81	1910800
2024-07-09	66.95	67.27	66.73	59.65	1784100
2024-07-10	66.9	67.59	66.77	60.1	1995300
2024-07-11	68.31	68.32	67.78	60.63	1673000
2024-07-12	68.25	68.87	68.22	61.02	1617300
2024-07-15	67.66	68.14	67.34	60.15	1936700
2024-07-16	65.01	66.35	64.66	59.06	4562100
2024-07-17	66.56	66.82	65.76	58.57	3407300
2024-07-18	65.83	65.87	64.2	57.32	3453600
2024-07-19	63.69	63.99	63.41	56.8	2312400
2024-07-22	63.84	64.15	63.71	56.98	2678500
2024-07-23	63.0	63.61	62.87	56.57	2702500
2024-07-24	64.01	64.16	63.46	56.54	3066000
2024-07-25	64.09	64.78	63.52	57.29	2484300
2024-07-26	65.13	65.45	64.61	57.94	2229500
2024-07-29	64.51	64.84	64.37	57.62	2285300
2024-07-30	63.52	63.82	63.28	56.57	3318000
2024-07-31	65.15	65.58	64.39	58.02	3822900
2024-08-01	64.82	65.22	63.31	56.54	3489200
2024-08-02	64.07	64.14	63.08	56.7	3892200
2024-08-05	62.35	63.34	62.11	56.07	4053700
2024-08-06	62.11	63.45	61.97	56.15	4396200
2024-08-07	63.11	63.27	62.37	55.69	3817800
2024-08-08	62.84	63.22	62.73	56.03	2487900
2024-08-09	63.19	63.6	62.55	56.32	2652500
2024-08-12	63.33	63.69	63.16	56.38	1919500
2024-08-13	63.27	63.81	63.18	56.77	1887500
2024-08-14	62.51	62.71	62.19	55.6	2904700
2024-08-15	63.2	63.24	62.66	55.88	3304400
2024-08-16	60.71	61.53	60.64	56.15	2820600
2024-08-19	62.35	62.92	62.28	57.25	2784100
2024-08-20	62.44	62.63	61.87	56.81	2242400
2024-08-21	63.51	63.59	63.12	58.09	2217400
2024-08-22	62.83	62.89	62.48	57.49	1761500
2024-08-23	62.57	63.08	62.3	57.75	2847000
2024-08-26	63.8	64.4	63.57	58.39	2463500
2024-08-27	63.92	64.12	63.62	58.65	2399300
2024-08-28	62.84	63.11	62.65	57.73	2070700
2024-08-29	62.96	63.58	62.83	58.02	1473900
2024-08-30	63.01	63.27	62.64	57.98	2238200
2024-09-03	61.0	61.07	60.1	55.29	3715700
2024-09-04	60.13	60.58	60.05	55.06	2096500
2024-09-05	60.53	60.86	60.37	55.34	2035100
2024-09-06	60.09	60.19	59.35	54.72	3387700
2024-09-09	60.07	60.46	59.99	54.99	2379100
2024-09-10	59.82	59.82	59.4	54.77	2092100
2024-09-11	60.74	61.31	60.2	56.09	2532200
2024-09-12	61.67	62.08	61.53	56.73	2776100
2024-09-13	62.62	62.79	62.48	57.32	2033900
2024-09-16	62.93	63.25	62.8	57.9	1845400
2024-09-17	63.5	63.58	62.78	57.66	1868300
2024-09-18	63.32	63.88	62.84	57.65	2078800
2024-09-19	65.5	65.5	64.64	59.73	5144600
2024-09-20	64.3	64.49	63.56	58.25	2044900
2024-09-23	63.76	64.61	63.7	59.18	2057000
2024-09-24	67.77	67.85	67.26	61.78	4128600
2024-09-25	67.94	67.96	67.56	62.01	3420200
2024-09-26	70.28	71.08	70.07	64.83	5285300
2024-09-27	71.08	71.46	70.99	65.27	2910600
2024-09-30	71.47	71.48	70.69	65.22	3347900
2024-10-01	70.86	71.16	70.19	65.21	3536300
2024-10-02	71.49	72.08	70.78	64.9	4744600
2024-10-03	69.79	70.19	69.63	63.99	2760800
2024-10-04	69.64	69.92	69.33	63.87	2064200
2024-10-07	69.44	69.83	69.28	63.8	2386000
2024-10-08	66.31	66.69	66.14	61.08	5638800
2024-10-09	65.57	66.43	65.28	60.8	4138900
2024-10-10	66.33	66.9	65.96	61.25	3352300
2024-10-11	66.81	67.38	66.78	61.61	3490000
2024-10-14	66.71	67.78	66.58	62.04	3928900
2024-10-15	66.52	66.82	66.29	60.91	4468500
2024-10-16	66.35	66.52	65.67	60.43	3566600
2024-10-17	64.65	65.13	64.14	59.64	3642800
2024-10-18	65.58	65.69	65.22	59.89	2429900
2024-10-21	65.37	65.46	64.69	59.52	2054400
2024-10-22	65.23	65.49	64.98	60.0	1746600
2024-10-23	64.4	64.61	64.16	59.1	2639000
2024-10-24	64.77	64.84	64.07	59.21	2969800
2024-10-25	65.38	65.85	65.12	59.82	2574200
2024-10-28	65.8	66.31	65.68	60.64	1706000
2024-10-29	66.78	66.99	66.53	61.01	1669500
2024-10-30	65.93	66.39	65.64	60.39	1856000
2024-10-31	65.36	65.43	64.51	59.46	1817200
2024-11-01	65.67	65.8	65.18	59.86	1807700
2024-11-04	65.34	65.78	65.0	59.57	1703200
2024-11-05	65.6	65.75	65.34	60.02	1490900
2024-11-06	64.4	65.55	64.36	59.86	2931000
2024-11-07	67.69	68.18	67.42	61.83	4396100
2024-11-08	64.92	64.98	63.87	59.04	4747100
2024-11-11	63.14	63.23	62.41	57.36	3467400
2024-11-12	61.39	61.4	60.51	56.08	4297300
2024-11-13	60.91	60.97	60.31	55.55	2165800
2024-11-14	60.57	60.82	60.26	55.37	2433100
2024-11-15	60.99	61.3	60.73	55.88	3049000
2024-11-18	61.39	62.22	61.39	56.92	3107100
2024-11-19	61.87	62.5	61.75	57.21	2012400
2024-11-20	62.73	62.8	62.33	57.17	1336500
2024-11-21	62.31	62.68	62.0	57.34	1964100
2024-11-22	62.05	62.4	61.97	57.13	1870100
2024-11-25	63.28	63.36	62.8	57.71	2193800
2024-11-26	62.63	62.64	61.79	56.84	1765100
2024-11-27	61.99	62.59	61.92	57.11	1712500
2024-11-29	62.31	62.91	62.12	57.58	1074600
2024-12-02	63.34	63.43	62.75	57.98	3015500
2024-12-03	64.02	64.15	63.44	58.2	5094300
2024-12-04	63.6	63.8	63.31	58.09	2520000
2024-12-05	63.65	63.98	63.21	58.21	2181200
2024-12-06	63.44	63.44	62.01	56.91	2715100
2024-12-09	65.34	65.91	64.88	59.46	5649100
2024-12-10	65.15	65.24	64.75	59.4	2674200
2024-12-11	64.81	65.12	64.57	59.54	1895500
2024-12-12	63.87	63.99	63.22	58.14	8124600
2024-12-13	62.67	62.68	61.82	57.01	3231800
2024-12-16	61.75	61.89	61.24	56.14	2879700
2024-12-17	60.83	61.71	60.78	56.32	3091300
2024-12-18	60.69	60.91	59.19	54.38	3535500
2024-12-19	59.49	59.64	58.67	53.82	3301500
2024-12-20	58.37	59.19	58.34	53.73	3223100
2024-12-23	58.62	59.32	58.53	54.28	1940200
2024-12-24	59.25	59.29	58.99	54.25	708500
2024-12-26	59.01	59.37	58.95	54.29	1398700
2024-12-27	59.02	59.29	58.83	54.07	2198300
2024-12-30	58.88	58.9	58.4	53.69	2470600
2024-12-31	58.78	59.12	58.69	53.89	1780500
2025-01-02	58.91	59.4	58.63	53.85	1782200
2025-01-03	58.76	58.78	58.19	53.7	2289400
2025-01-06	58.75	59.21	58.34	53.5	3058800
2025-01-07	58.6	58.82	58.04	53.32	2345800
2025-01-08	57.93	58.71	57.85	53.73	6192000
2025-01-10	59.59	59.63	58.69	53.92	2923100
2025-01-13	58.88	59.75	58.78	54.54	2683700
2025-01-14	60.16	60.51	59.82	55.33	2735000
2025-01-15	61.06	61.09	60.27	55.4	2523000
2025-01-16	60.32	61.25	58.55	54.79	10552800
2025-01-17	60.94	61.79	60.68	55.99	4698300
2025-01-21	62.05	62.06	61.55	56.57	3768900
2025-01-22	61.65	61.77	61.12	56.01	2877300
2025-01-23	61.1	61.65	60.87	56.41	2816900
2025-01-24	62.37	62.49	61.95	56.9	3056500
2025-01-27	61.36	62.0	61.1	56.79	2914000
2025-01-28	60.79	60.97	59.71	54.89	5132600
2025-01-29	59.96	60.31	59.49	54.72	3243900
2025-01-30	60.53	61.16	60.15	55.81	3012700
2025-01-31	60.63	61.12	60.11	55.36	2750900
2025-02-03	59.39	60.35	59.34	54.84	2620800
2025-02-04	60.4	61.4	60.22	56.08	2890600
2025-02-05	61.45	61.64	61.19	56.24	1928700
2025-02-06	62.8	62.95	62.14	56.99	2763600
2025-02-07	62.77	63.03	61.91	56.77	2630000
2025-02-10	62.13	62.43	61.99	57.04	1500400
2025-02-11	61.1	61.73	60.9	56.49	2095600
2025-02-12	61.88	62.65	61.75	56.85	1808100
2025-02-13	62.42	63.51	62.31	58.0	3440200
2025-02-14	64.65	64.73	63.3	58.06	3857300
2025-02-18	63.92	64.27	63.61	58.81	2241300
2025-02-19	63.0	63.42	61.24	57.51	4512500
2025-02-20	64.12	64.74	63.76	58.91	3206300
2025-02-21	64.49	64.49	63.27	58.22	2259600
2025-02-24	63.34	63.44	62.65	57.49	2506400
2025-02-25	62.33	62.36	61.34	56.91	4863200
2025-02-26	61.72	62.09	61.51	56.43	2415400
2025-02-27	61.31	61.31	60.69	55.63	2998000
2025-02-28	60.27	60.68	60.02	55.49	3238600
2025-03-03	62.09	62.25	60.66	55.94	3714500
2025-03-04	61.76	63.09	61.21	56.99	3587800
2025-03-05	63.05	63.86	62.93	58.42	3956500
2025-03-06	64.22	64.43	63.52	58.59	3248800
2025-03-07	61.3	62.92	61.19	59.18	4776500
2025-03-10	62.0	62.69	61.55	59.09	3434500
2025-03-11	62.13	62.42	61.31	58.74	3640700
2025-03-12	61.33	61.35	60.51	57.73	3379400
2025-03-13	60.57	61.58	60.5	58.13	2587900
2025-03-14	62.39	63.12	62.08	59.87	2726800
2025-03-17	63.43	63.79	63.39	60.28	4051400
2025-03-18	64.0	64.23	63.25	60.92	3030300
2025-03-19	63.57	64.06	63.37	60.65	1669300
2025-03-20	62.74	63.35	62.64	59.76	2351900
2025-03-21	61.69	62.03	61.4	58.88	3704000
2025-03-24	62.89	63.2	62.1	59.05	2026100
2025-03-25	62.92	63.31	62.78	59.65	1866500
2025-03-26	63.04	63.06	62.51	59.71	1862600
2025-03-27	62.3	62.6	62.04	59.21	1888300
2025-03-28	61.98	62.11	60.86	57.96	4251700
2025-03-31	59.09	60.22	58.67	57.06	4722600
2025-04-01	60.36	60.45	59.88	57.2	2471200
2025-04-02	59.99	60.05	59.34	56.89	2401200
2025-04-03	58.59	59.38	58.41	55.49	4258400
2025-04-04	56.09	56.39	53.96	51.92	8787400
2025-04-07	53.93	56.54	53.45	51.82	5487200
2025-04-08	55.4	55.52	51.67	49.69	5304100
2025-04-09	52.78	56.03	52.27	52.82	6264700
2025-04-10	55.21	55.38	53.74	52.11	4408100
2025-04-11	55.8	57.35	55.77	54.0	3932100
2025-04-14	57.15	57.66	56.62	54.15	3003700
2025-04-15	57.4	57.73	57.08	54.38	2885200
2025-04-16	57.15	57.65	56.77	54.29	2896900
2025-04-17	58.09	58.71	57.94	55.25	2750800
2025-04-21	58.44	58.55	57.86	55.53	1859000
2025-04-22	59.42	60.08	59.21	56.63	2347700
2025-04-23	61.06	61.88	60.16	57.18	3825300
2025-04-24	60.83	61.84	60.73	58.59	4015700
2025-04-25	61.16	61.18	60.42	57.52	2695100
2025-04-28	60.54	60.97	60.46	57.81	1795300
2025-04-29	61.5	61.58	60.84	57.82	2033400
2025-04-30	58.69	59.51	58.46	56.42	3442200
2025-05-01	59.6	59.65	58.49	55.61	2299300
2025-05-02	59.97	60.14	59.53	56.7	2176700
2025-05-05	60.0	60.09	59.38	56.58	1505500
2025-05-06	60.13	60.18	59.67	56.8	2039000
2025-05-07	60.17	60.97	59.74	57.01	3176100
2025-05-08	59.57	59.61	58.99	56.21	2649200
2025-05-09	59.69	60.04	59.44	56.97	1262200
2025-05-12	62.02	62.28	61.2	58.33	2801400
2025-05-13	61.95	62.5	61.78	59.14	2407600
2025-05-14	62.62	62.63	61.95	58.91	1844500
2025-05-15	62.42	62.8	61.94	59.6	3037900
2025-05-16	61.85	62.67	61.73	59.49	2615600
2025-05-19	61.34	62.41	61.3	59.26	2408900
2025-05-20	62.44	62.65	62.08	59.11	2127900
2025-05-21	62.44	62.65	61.97	58.87	2145300
2025-05-22	61.84	61.88	61.11	58.05	4872900
2025-05-23	61.17	61.73	60.89	58.49	4512000
2025-05-27	61.08	61.18	60.59	57.75	4492600
2025-05-28	60.27	60.29	59.76	56.94	4119000
2025-05-29	60.3	60.39	60.0	57.18	3400800
2025-05-30	59.8	59.8	58.96	56.44	6656500
2025-06-02	59.41	59.64	59.06	56.59	4865400
2025-06-03	58.08	58.96	57.79	55.89	4297100
2025-06-04	59.08	59.33	58.53	55.61	2604200
2025-06-05	59.68	59.86	59.1	56.26	2653900
2025-06-06	59.19	59.33	58.71	56.06	2490700
2025-06-09	58.62	59.44	58.53	56.33	3007900
2025-06-10	59.13	59.53	59.04	56.48	2804500
2025-06-11	59.39	59.55	58.78	55.87	2685500
2025-06-12	58.38	58.72	58.04	55.73	2396900
2025-06-13	57.94	58.39	57.7	55.09	3491600
2025-06-16	58.44	58.86	58.21	55.38	3409500
2025-06-17	58.1	58.16	57.0	54.15	2878000
2025-06-18	57.15	57.28	56.87	54.08	2145000
2025-06-20	56.4	56.51	55.72	53.08	4665700
2025-06-23	55.67	57.13	55.64	54.22	3183600
2025-06-24	57.12	57.47	57.09	54.32	3412900
2025-06-25	56.62	56.82	56.2	53.86	3272700
2025-06-26	57.9	58.91	57.8	55.64	4596400
2025-06-27	58.47	58.84	58.31	55.79	2769500
2025-06-30	58.22	58.42	57.88	55.4	2918000
2025-07-01	57.71	58.89	57.67	55.37	5378000
2025-07-02	58.96	60.2	58.77	57.16	7552500
2025-07-03	58.93	59.32	58.72	56.06	4409500
2025-07-07	58.24	58.4	57.66	54.76	4491000
2025-07-08	58.36	59.65	58.26	55.78	4166800
2025-07-09	58.48	58.82	58.24	55.76	3274000
2025-07-10	60.1	60.58	60.0	57.08	8421700
2025-07-11	59.97	61.13	59.82	58.03	4462500
2025-07-14	60.26	60.36	59.6	56.82	3092900
2025-07-15	59.29	59.41	58.16	55.53	3574800
2025-07-16	59.09	59.8	58.8	56.72	3398400
2025-07-17	59.67	60.12	59.48	57.01	2570900
2025-07-18	60.44	60.71	59.99	57.5	2858700
2025-07-21	61.76	62.48	61.76	58.93	3254600
2025-07-22	63.38	64.41	63.34	61.1	4450600
2025-07-23	64.39	64.76	64.27	61.37	2898600
2025-07-24	64.08	64.57	63.76	60.62	3242300
2025-07-25	63.28	63.28	62.78	59.93	2954200
2025-07-28	61.88	62.39	61.54	59.07	3302400
2025-07-29	62.26	62.49	62.03	59.14	2550000
2025-07-30	61.08	61.54	59.07	56.5	8296600
2025-07-31	58.47	60.02	58.4	56.77	4824900
2025-08-01	59.8	60.07	59.35	56.65	2714900
2025-08-04	59.89	60.19	59.78	56.99	3132100
2025-08-05	60.16	60.29	59.49	56.7	3618900
2025-08-06	60.39	60.67	60.09	57.07	2142700
2025-08-07	60.76	61.1	60.43	57.72	3966500
2025-08-08	61.32	62.14	61.12	58.75	3880700
2025-08-11	61.7	62.19	61.52	59.02	2622200
2025-08-12	62.85	63.38	62.77	59.93	3043400
2025-08-13	63.4	63.84	63.24	60.38	2245400
2025-08-14	62.45	62.54	61.92	59.38	2377700
2025-08-15	61.76	61.83	61.21	59.57	2137700
2025-08-18	60.64	60.74	60.22	58.72	2366100
2025-08-19	61.01	61.12	60.47	58.94	5008000
2025-08-20	60.54	60.98	60.37	58.97	3437300
2025-08-21	60.73	61.35	60.59	59.63	1709500
2025-08-22	61.13	62.82	61.13	60.98	3968600
2025-08-25	62.76	63.08	62.27	60.63	1937600
2025-08-26	61.91	62.16	61.76	60.26	1509600
2025-08-27	61.78	62.19	61.66	60.42	1779300
2025-08-28	62.71	63.03	62.51	61.17	1967700
2025-08-29	62.82	63.26	62.64	61.01	1997300
2025-09-02	61.6	62.08	61.4	60.21	2158200
2025-09-03	62.45	62.54	62.11	60.78	2105700
2025-09-04	62.44	62.59	62.08	60.76	1484200
2025-09-05	63.78	64.35	63.28	62.23	3215300
2025-09-08	63.9	63.92	63.34	61.99	1915700
2025-09-09	63.61	63.97	61.85	60.19	4969300
2025-09-10	62.39	62.67	62.01	60.41	4266600
2025-09-11	61.99	62.75	61.84	60.84	3158600
2025-09-12	62.94	63.11	62.3	60.74	2463600
2025-09-15	62.64	63.72	62.33	61.99	3155300
2025-09-16	64.0	64.03	63.18	61.71	3438200
2025-09-17	62.9	63.49	62.61	61.28	4430800
2025-09-18	62.62	62.66	61.87	60.29	3015300
2025-09-19	61.85	62.46	61.72	60.68	3477500
2025-09-22	63.4	64.1	63.12	61.92	3525900
2025-09-23	63.72	63.91	63.29	61.84	2259100
2025-09-24	64.0	64.21	63.62	62.13	3262300
2025-09-25	65.08	66.15	65.01	63.65	5119000
2025-09-26	64.97	65.15	64.43	63.04	6322400
2025-09-29	65.57	66.23	65.49	64.13	3516300
2025-09-30	65.99	66.33	65.6	64.21	2875200
2025-10-01	66.64	67.05	65.95	64.49	3061000
2025-10-02	66.35	66.48	65.29	64.46	2842100
2025-10-03	66.29	66.6	65.87	64.31	1980200
2025-10-06	66.75	67.41	66.74	65.16	2557500
2025-10-07	66.9	67.02	66.24	64.45	3163300
2025-10-08	67.4	67.86	67.35	65.86	3283700
2025-10-09	68.27	68.8	66.76	65.18	3299200
2025-10-10	67.44	67.57	65.35	63.66	5210400
2025-10-13	67.5	68.36	66.94	66.31	4654800
2025-10-14	66.62	68.91	66.49	66.36	5998300
2025-10-15	68.63	69.3	68.47	66.99	3962100
2025-10-16	69.11	69.2	68.32	66.88	3254100
2025-10-17	68.5	68.5	67.39	66.17	2908700
2025-10-20	68.28	69.24	68.15	67.36	4065700
2025-10-21	68.78	69.09	68.11	66.48	2568500
2025-10-22	69.5	70.12	69.04	67.86	3930800
2025-10-23	70.52	71.24	70.39	68.7	2914000
2025-10-24	70.42	70.97	70.2	68.62	1952400
2025-10-27	71.04	71.42	70.72	69.0	2900000
2025-10-28	71.02	72.2	70.89	70.03	3130400
2025-10-29	73.02	73.76	72.08	70.61	3273700
2025-10-30	71.7	72.32	71.33	70.24	2780800
2025-10-31	72.08	72.41	71.74	69.79	7778500
2025-11-03	70.47	70.86	70.22	68.46	3933100
2025-11-04	68.68	68.92	67.74	66.04	4279700
2025-11-05	68.73	69.2	68.55	67.18	2270600
2025-11-06	69.24	69.42	68.38	67.39	2290700
2025-11-07	68.41	69.54	68.19	67.44	2326300
2025-11-10	70.04	70.46	69.59	68.38	2032400
2025-11-11	70.26	70.48	69.91	68.41	1484100
2025-11-12	71.01	71.51	70.97	69.18	2598900
2025-11-13	71.54	71.78	70.75	69.11	2112700
2025-11-14	69.96	71.1	69.84	68.71	1776600
2025-11-17	70.71	71.29	70.28	68.57	1639100
2025-11-18	69.22	70.03	68.92	67.84	3001700
2025-11-19	69.33	70.11	69.17	67.54	2051400
2025-11-20	70.17	70.48	68.7	66.91	2124000
2025-11-21	69.26	70.06	68.87	68.09	3199600
2025-11-24	69.88	70.55	69.8	68.55	1956500
2025-11-25	71.65	71.82	71.04	69.14	2345000
2025-11-26	71.82	72.57	71.76	70.24	2477900
2025-11-28	71.4	72.1	71.32	69.99	1608600
2025-12-01	72.89	72.96	71.87	70.01	2367400
2025-12-02	72.34	72.38	71.57	70.37	2293600
2025-12-03	73.09	74.53	73.09	72.26	4835400
2025-12-04	73.55	73.98	72.87	71.72	3470700
2025-12-05	73.38	73.96	72.92	71.07	4657800
2025-12-08	73.35	73.54	72.87	71.03	3288900
2025-12-09	72.6	74.63	72.56	72.38	5230500
2025-12-10	75.07	76.33	74.62	74.17	3927900
2025-12-11	75.56	76.99	75.56	74.65	5451900
2025-12-12	76.27	76.59	74.7	73.6	4252500
2025-12-15	75.59	75.92	75.17	73.76	2203400
2025-12-16	76.38	76.73	75.85	73.92	1955400
2025-12-17	77.42	77.71	76.97	75.09	2555400
2025-12-18	77.32	77.85	77.17	75.52	2450200
2025-12-19	77.7	78.57	77.64	76.19	2802000
2025-12-22	79.28	80.37	79.13	77.92	4639500
2025-12-23	80.84	81.17	80.62	78.77	2078300
2025-12-24	81.02	81.07	80.34	78.69	1137000
2025-12-26	81.5	82.36	81.17	80.0	1910400
2025-12-29	80.52	81.08	80.18	78.21	4757000
2025-12-30	81.57	81.63	80.49	78.33	3113200
2025-12-31	80.3	80.49	79.93	77.85	968600
2026-01-02	81.13	81.64	80.74	79.21	3172400
2026-01-05	82.2	83.25	81.87	80.95	2732400
2026-01-06	83.59	85.46	83.58	82.91	4351200
2026-01-07	83.97	84.92	83.78	82.57	3773500
2026-01-08	83.7	85.43	81.6	81.9	9781900
2026-01-09	81.24	81.72	80.72	78.92	11009600
2026-01-12	81.84	83.16	81.72	80.63	4062700
2026-01-13	83.8	84.25	83.41	81.32	3345300
2026-01-14	85.3	85.91	85.12	83.54	4397000
2026-01-15	85.91	87.34	85.66	84.0	4042700
2026-01-16	85.06	85.31	84.25	82.81	3593500
2026-01-20	84.92	85.87	84.54	83.35	4035000
2026-01-21	89.68	89.78	88.39	86.42	4971700
2026-01-22	88.13	88.43	86.67	84.93	3094200
2026-01-23	89.23	90.44	88.77	87.97	2982900
2026-01-26	92.0	92.42	90.4	88.01	5134100
2026-01-27	91.4	92.94	91.37	90.38	3255600
2026-01-28	93.09	93.45	92.13	90.83	3877000
2026-01-29	96.72	97.11	93.31	92.54	6020100
2026-01-30	92.63	93.34	89.63	88.55	7398400
2026-02-02	92.43	93.02	91.81	90.0	5021800
2026-02-03	95.0	96.5	94.55	93.75	4672500
2026-02-04	98.6	98.6	94.86	93.86	4911200
2026-02-05	92.94	94.74	91.08	88.64	6958400
2026-02-06	93.19	93.64	92.9	90.87	3873700
2026-02-09	94.93	96.89	94.66	94.22	3248100
2026-02-10	96.87	97.38	95.94	94.59	2716200
2026-02-11	99.72	99.77	98.28	96.81	2632300
2026-02-12	99.94	100.33	97.51	95.25	4126100
2026-02-13	96.51	98.36	95.64	95.4	3400800
2026-02-17	94.82	96.91	94.09	94.24	3871400
2026-02-18	98.49	100.09	98.17	96.24	3459900
2026-02-19	95.21	96.45	94.09	93.72	3962400
2026-02-20	95.76	97.62	95.65	94.45	3542300
2026-02-23	96.9	97.88	95.67	95.01	3375400
2026-02-24	96.83	98.79	96.5	95.44	3322700
2026-02-25	101.1	101.53	100.14	98.04	3483900
2026-02-26	98.49	99.12	97.55	96.39	2818100
2026-02-27	99.16	99.57	98.36	96.64	2390700
2026-03-02	97.75	99.78	97.24	96.9	3162000
2026-03-03	94.05	95.55	92.26	92.72	4191300
2026-03-04	96.58	96.86	95.78	93.63	3531000
2026-03-05	94.4	94.74	91.96	90.83	4860300
2026-03-06	89.89	90.76	88.86	90.21	4271400
2026-03-09	87.89	90.82	87.25	90.35	3396600
2026-03-10	91.34	92.54	90.78	91.68	2636300
2026-03-11	90.76	92.2	90.14	92.08	2321300
2026-03-12	91.82	91.91	90.26	90.7	3257100
2026-03-13	90.15	90.36	87.71	87.83	3739900
2026-03-16	89.69	90.52	88.97	89.86	2421500
2026-03-17	90.75	91.02	89.64	89.8	2137200
2026-03-18	88.86	89.1	87.51	87.72	3551400
2026-03-19	83.38	86.24	82.7	85.65	4830000
2026-03-20	85.1	85.6	82.35	83.15	5081000
2026-03-23	85.71	87.08	85.09	85.84	3917200
2026-03-24	84.78	86.93	84.54	86.77	2754600
2026-03-25	87.88	88.33	87.05	87.54	2183700
2026-03-26	85.51	86.63	85.35	85.79	3108000
2026-03-27	85.4	87.41	85.28	86.64	3552300
2026-03-30	90.0	90.25	88.34	88.82	4499000
2026-03-31	91.8	93.3	91.0	93.29	3170000
2026-04-01	94.36	95.25	93.85	94.81	3111500
2026-04-02	92.18	94.84	92.18	94.45	2798800
2026-04-06	94.46	94.84	93.49	94.01	1174800
2026-04-07	94.86	95.01	93.62	94.66	1794800
2026-04-08	100.42	100.42	97.46	98.45	4608600
2026-04-09	97.82	98.61	96.72	97.13	2264533
